Time Step, x CoM, y CoM, z CoM
0, -0.189008, -0.491347, -0.000000
10000, -0.231950, -0.498525, 0.084560
20000, -0.314725, -0.490996, 1.200378
30000, -0.444023, -0.210077, 1.337998
40000, -0.502208, -0.522124, 1.330056
50000, -0.431858, -0.334724, 0.927543
60000, -0.497465, -0.354112, 1.007850
70000, -0.291451, -0.176218, 0.528179
80000, -0.126209, -0.016093, 1.101276
90000, -0.222103, -0.161210, 1.324287
100000, 0.123438, -0.165146, 0.671220
110000, 0.142717, -0.269793, 1.592193
120000, 0.266559, -0.325591, 1.224587
130000, 0.131053, -0.209771, 0.394019
140000, -0.148986, -0.172016, 0.704275
150000, -0.257937, -0.194834, 1.398065
160000, -0.364081, -0.153764, 2.038598
170000, 0.010171, -0.436821, 1.386696
180000, 0.083233, -0.400340, 1.412055
190000, -0.180718, 0.033632, 1.612662
200000, -0.383970, -0.012745, 1.028692
210000, -0.329654, -0.227791, 2.341994
220000, -0.176752, 0.350267, 1.613445
230000, -0.157914, 0.292062, 1.465050
240000, -0.131791, 0.446791, 0.473079
250000, -0.144165, 0.316484, 0.727721
260000, -0.110829, 0.474763, 0.147531
270000, -0.209676, 0.533030, 0.196580
280000, 0.094575, 0.529353, 0.467087
290000, 0.098661, 0.571924, -0.181260
300000, 0.090581, 0.764517, 0.444236
310000, 0.116791, 0.714264, 0.456859
320000, -0.067383, 0.835031, 1.083634
330000, -0.056122, 0.625941, 1.046868
340000, -0.153528, 0.728721, 0.609380
350000, -0.495356, 0.510119, 0.514884
360000, -0.627864, 0.506652, 1.591024
370000, -0.391088, 0.253670, 1.748715
380000, -0.467207, 0.342212, 2.336772
390000, -0.255475, 0.317303, 2.379262
400000, -0.274413, 0.236963, 2.158548
410000, 0.126549, 0.226766, 2.287489
420000, 0.252667, 0.425360, 2.233246
430000, 0.155274, 0.179077, 2.009076
440000, -0.145683, 0.319710, 0.957873
450000, 0.094882, 0.380258, 1.527767
460000, -0.246515, 0.159077, 0.511345
470000, -0.165953, 0.085763, 0.558990
480000, -0.212636, 0.447103, 0.641809
490000, -0.146329, 0.235913, 0.903667
500000, -0.349321, 0.261557, 0.728807
510000, -0.351694, 0.239965, 0.769445
520000, -0.233893, 0.343385, 0.747037
530000, -0.148638, 0.199165, -0.439863
540000, -0.414629, -0.051281, 0.219867
550000, -0.081181, 0.252863, -0.317263
560000, -0.311990, -0.193545, -0.037575
570000, -0.289066, -0.074731, -0.720550
580000, -0.213634, 0.211061, -1.024050
590000, -0.660461, -0.494896, -0.465345
600000, -0.450593, -0.348631, -0.051283
610000, -0.311074, 0.017420, -0.499872
620000, -0.517590, -0.199518, -0.355492
630000, -0.376236, -0.078889, -0.264563
640000, -0.465615, 0.223570, 0.368778
650000, -0.521289, 0.284767, 0.235660
660000, -0.486040, 0.250359, 0.660239
670000, -0.148724, 0.082010, 0.907352
680000, -0.510602, -0.326940, 0.815789
690000, -0.629635, -0.143582, 1.482959
700000, -0.374746, 0.144552, 1.566835
710000, -0.386903, 0.298903, 1.441316
720000, -0.036606, 0.200967, 2.119132
730000, -0.036291, 0.403187, 2.414057
740000, -0.012156, 0.343414, 2.852612
750000, 0.101022, 0.200055, 1.887841
760000, -0.058620, -0.097449, 3.090544
770000, -0.173733, -0.213246, 2.477186
780000, -0.282383, -0.056358, 2.267275
790000, 0.152544, 0.250514, 2.916885
800000, 0.222604, 0.471637, 3.388845
810000, 0.407795, 0.544686, 3.475504
820000, 0.502882, 0.545524, 3.658645
830000, -0.197898, 0.736749, 4.948213
840000, -0.411336, 0.442021, 5.252631
850000, -0.288197, 0.453280, 5.506548
860000, -0.480036, 0.361778, 5.369222
870000, -0.164431, 0.356477, 6.376286
880000, -0.206032, 0.243285, 6.032185
890000, -0.375093, 0.110751, 5.598238
900000, -0.312507, 0.234578, 6.202150
910000, -0.204172, -0.117515, 5.403101
920000, -0.057889, -0.002880, 6.003765
930000, -0.172561, -0.316265, 6.827250
940000, -0.086989, -0.391141, 6.480872
950000, -0.411125, 0.067899, 7.109251
960000, -0.262040, 0.363890, 6.953191
970000, -0.241719, -0.060345, 7.142274
980000, -0.137855, -0.117374, 6.921265
990000, -0.019865, 0.213016, 7.592720
1000000, 0.010307, -0.046105, 7.842003
1010000, 0.009571, -0.058764, 7.973723
1020000, -0.052277, 0.079455, 7.705286
1030000, -0.267310, 0.028048, 7.196065
1040000, -0.018134, 0.115424, 7.619336
1050000, -0.009441, 0.133117, 7.469257
1060000, 0.042295, -0.167835, 7.497013
1070000, 0.077971, -0.080589, 7.449324
1080000, 0.023708, -0.078804, 7.945771
1090000, -0.093648, -0.042138, 7.381026
1100000, 0.008192, 0.185631, 7.855776
1110000, -0.077918, -0.078706, 7.431821
1120000, 0.056519, 0.143514, 7.451555
1130000, 0.136470, -0.018456, 7.674803
1140000, 0.203920, 0.038610, 7.144934
1150000, 0.051187, 0.069978, 7.434744
1160000, -0.071861, -0.057859, 7.690374
1170000, 0.027257, 0.028439, 7.378130
1180000, -0.036675, -0.053920, 7.497613
1190000, -0.139483, 0.180480, 8.007628
1200000, 0.057973, 0.056258, 7.792614
1210000, -0.061854, -0.006907, 7.689969
1220000, 0.008825, -0.023500, 7.758355
1230000, 0.028272, 0.068784, 7.035162
1240000, 0.182362, 0.206635, 7.438357
1250000, 0.068362, -0.059217, 7.711606
1260000, 0.101328, -0.117250, 7.092145
1270000, -0.002052, 0.144650, 7.541063
1280000, 0.110905, -0.226556, 7.687946
1290000, 0.177551, 0.096361, 7.226724
1300000, -0.105190, 0.037178, 7.049549
1310000, 0.137338, -0.044041, 7.563645
1320000, 0.048811, 0.090692, 7.935100
1330000, -0.028417, 0.087863, 7.846549
1340000, 0.092089, 0.016118, 7.467442
1350000, 0.044604, 0.074639, 7.237472
1360000, 0.177539, -0.017019, 7.076504
1370000, 0.182068, 0.138261, 7.777251
1380000, 0.321706, 0.096332, 7.594329
1390000, 0.068522, 0.155186, 7.575572
1400000, 0.079550, 0.155514, 8.146155
1410000, 0.125150, 0.103812, 7.765354
1420000, 0.117952, 0.149237, 7.654231
1430000, 0.101005, 0.027622, 7.800205
1440000, -0.082626, -0.009230, 7.257956
1450000, 0.059438, 0.137059, 7.612690
1460000, 0.051292, -0.012551, 7.575360
1470000, 0.046667, 0.023614, 7.675204
1480000, 0.183773, -0.008947, 7.740554
1490000, 0.071010, 0.008914, 7.536034
1500000, -0.023464, 0.125818, 7.578408
1510000, 0.115635, 0.055768, 7.374452
1520000, 0.161888, 0.096031, 7.872711
1530000, -0.047919, 0.008946, 7.765380
1540000, 0.036116, -0.066499, 7.742375
1550000, -0.046379, -0.008200, 7.806043
1560000, -0.033283, 0.129866, 7.804240
1570000, 0.067481, -0.025572, 7.618467
1580000, 0.012077, -0.045956, 7.810301
1590000, -0.014819, -0.023967, 7.569329
1600000, 0.044801, 0.044620, 7.609945
1610000, 0.035511, -0.079701, 7.650131
1620000, 0.050559, -0.030849, 7.881220
1630000, 0.057075, -0.101486, 7.692057
1640000, -0.074407, 0.094802, 7.471681
1650000, 0.036710, 0.098302, 7.836192
1660000, 0.077455, -0.030612, 7.680346
1670000, 0.184487, -0.063435, 7.026292
1680000, -0.003098, -0.058063, 7.671728
1690000, 0.036648, 0.081710, 7.818798
1700000, 0.129126, -0.037986, 7.037576
1710000, 0.191642, 0.010695, 7.541319
1720000, 0.215634, -0.056534, 7.248289
1730000, 0.302183, -0.046360, 7.046518
1740000, 0.239775, -0.293571, 6.773725
1750000, -0.160571, -0.352561, 6.874675
1760000, 0.051865, -0.271602, 7.396839
1770000, -0.022660, -0.194638, 7.449770
1780000, -0.184455, 0.111606, 7.315249
1790000, -0.176455, -0.102330, 7.459743
1800000, -0.041711, 0.066513, 7.174830
1810000, -0.037364, 0.121507, 7.540388
1820000, 0.064232, 0.086566, 7.562310
1830000, 0.129394, -0.019294, 7.113785
1840000, 0.108756, 0.031024, 7.897628
1850000, 0.092922, -0.163427, 7.748304
1860000, -0.010856, -0.119539, 7.151898
1870000, 0.028338, 0.002833, 7.768973
1880000, 0.059829, -0.076804, 7.368233
1890000, -0.084886, 0.030426, 7.531182
1900000, 0.054949, 0.108109, 7.726103
1910000, 0.017550, 0.061232, 7.542871
1920000, -0.021951, 0.088827, 7.960389
1930000, 0.075616, 0.039844, 8.175378
1940000, 0.112813, -0.201285, 7.345990
1950000, -0.122480, 0.001663, 7.539927
1960000, 0.161553, 0.050207, 7.331105
1970000, -0.036322, -0.018293, 7.767578
1980000, -0.014931, -0.046139, 7.667591
1990000, 0.035357, 0.030901, 6.989010
2000000, -0.022053, 0.018577, 7.754206
2010000, -0.030613, -0.008632, 7.762602
2020000, 0.046093, 0.077301, 7.709507
2030000, -0.007734, -0.061858, 7.556710
2040000, -0.010767, 0.060608, 7.587501
2050000, -0.089554, -0.042637, 7.327524
2060000, -0.014061, 0.053025, 7.847403
2070000, -0.126011, -0.023910, 7.923624
2080000, -0.181841, -0.052227, 7.650757
2090000, -0.010627, 0.018780, 7.731778
2100000, 0.054913, 0.004996, 7.554061
2110000, -0.034687, -0.120375, 7.492189
2120000, 0.044131, 0.075078, 7.427442
2130000, -0.027642, -0.173675, 7.568398
2140000, -0.016452, 0.066257, 7.694455
2150000, -0.076886, -0.039267, 7.284902
2160000, -0.006433, 0.046194, 7.758398
2170000, -0.071187, -0.070165, 7.732873
2180000, 0.028238, 0.078302, 7.371213
2190000, -0.037780, 0.026644, 7.097892
2200000, -0.040907, 0.050904, 7.944967
2210000, 0.032469, 0.063185, 7.577192
2220000, 0.112879, -0.162733, 8.075766
2230000, -0.008602, -0.129137, 7.273016
2240000, 0.146712, 0.162050, 7.581347
2250000, 0.086741, -0.033753, 7.382692
2260000, -0.019705, 0.180001, 7.665788
2270000, -0.199778, 0.043983, 7.853178
2280000, -0.026252, -0.014029, 7.409799
2290000, 0.069304, 0.056357, 7.998018
2300000, 0.025218, -0.000785, 7.586931
2310000, 0.133647, -0.087239, 7.560042
2320000, -0.097365, 0.029117, 7.431933
2330000, -0.229210, -0.010021, 7.278728
2340000, -0.143317, 0.114217, 7.499881
2350000, -0.032031, -0.035967, 7.831696
2360000, -0.050320, -0.044744, 7.447137
2370000, -0.024347, 0.116112, 7.590212
2380000, 0.091138, 0.068476, 7.410171
2390000, 0.085177, 0.004856, 7.605532
2400000, -0.093733, 0.223853, 7.662763
2410000, 0.012332, 0.079309, 7.882831
2420000, -0.026133, -0.168802, 7.181826
2430000, -0.028760, 0.019494, 7.280749
2440000, -0.009554, -0.027710, 7.617167
2450000, 0.040468, -0.233394, 7.095761
2460000, -0.018408, -0.108014, 7.457067
2470000, -0.017713, -0.091198, 7.321633
2480000, -0.093238, 0.020267, 7.585532
2490000, 0.040664, -0.117211, 7.765809
2500000, 0.124364, -0.095261, 7.715368
2510000, -0.121262, 0.141581, 7.423352
2520000, -0.089730, 0.058893, 7.534373
2530000, 0.009449, 0.064140, 7.843808
2540000, 0.053157, 0.050514, 7.478365
2550000, 0.014379, -0.027882, 7.409141
2560000, -0.027798, 0.002898, 7.718529
2570000, 0.001081, -0.108559, 7.873457
2580000, 0.029083, 0.013557, 7.463418
2590000, -0.062646, -0.075177, 7.330936
2600000, 0.097443, -0.130888, 8.228290
2610000, 0.078260, 0.030658, 7.867886
2620000, -0.044131, 0.007470, 7.299501
2630000, -0.025479, 0.091658, 7.722882
2640000, 0.073974, 0.018098, 7.350588
2650000, 0.124817, 0.016236, 8.215321
2660000, 0.001263, 0.099279, 7.141433
2670000, 0.133182, 0.049467, 7.878759
2680000, -0.067238, -0.049651, 7.722979
2690000, 0.011866, -0.005963, 7.592431
2700000, 0.042364, 0.105766, 7.560114
2710000, -0.130859, 0.000813, 7.729911
2720000, 0.035316, -0.174101, 7.144742
2730000, 0.045132, 0.040085, 7.234136
2740000, -0.150693, -0.078256, 7.681303
2750000, -0.047591, -0.012888, 7.915877
2760000, -0.027834, -0.097254, 7.054955
2770000, 0.047895, -0.005926, 7.267782
2780000, 0.112665, -0.058565, 6.980281
2790000, 0.186597, -0.106730, 7.969031
2800000, 0.090748, 0.118038, 8.106862
2810000, 0.049545, -0.043300, 7.504221
2820000, -0.129394, 0.068778, 7.214947
2830000, -0.108894, 0.039022, 7.453245
2840000, 0.055547, -0.119936, 7.503259
2850000, -0.014533, 0.011827, 7.636123
2860000, 0.018863, -0.003809, 7.644403
2870000, -0.046913, -0.212212, 7.423068
2880000, -0.077722, -0.105060, 8.144056
2890000, -0.065901, -0.091776, 6.991734
2900000, 0.128849, -0.225565, 7.698558
2910000, -0.041608, 0.128740, 7.873706
2920000, -0.042010, -0.013375, 7.444217
2930000, 0.072930, 0.032207, 7.628829
2940000, -0.102851, 0.033304, 8.000500
2950000, -0.014091, 0.058603, 7.145149
2960000, -0.099169, 0.173998, 7.086323
2970000, -0.033675, 0.078797, 7.655697
2980000, -0.003405, -0.025040, 7.374577
2990000, -0.168482, 0.044957, 7.547783
3000000, -0.064650, 0.109073, 7.881587
3010000, -0.118383, -0.106105, 8.082138
3020000, -0.068967, 0.018315, 7.687203
3030000, -0.002552, 0.039174, 7.879710
3040000, 0.283212, 0.123441, 7.501166
3050000, -0.018208, 0.331530, 7.676865
3060000, 0.205645, 0.217165, 7.159501
3070000, 0.124261, 0.166185, 7.620352
3080000, 0.014248, 0.243351, 7.812583
3090000, 0.038580, 0.068903, 7.500051
3100000, -0.038331, 0.099895, 7.919596
3110000, 0.034979, 0.048729, 8.008375
3120000, 0.005500, -0.026552, 7.626920
3130000, 0.023002, 0.004859, 8.176357
3140000, -0.063018, -0.092181, 8.180523
3150000, -0.242401, -0.019232, 7.353208
3160000, -0.217752, -0.020951, 7.397769
3170000, 0.057439, 0.064197, 6.710348
3180000, 0.028258, 0.073468, 7.366554
3190000, -0.058710, 0.169081, 7.546529
3200000, 0.077117, 0.076479, 7.553918
3210000, 0.014593, 0.049348, 7.964316
3220000, -0.091054, 0.016146, 7.328665
3230000, 0.056383, 0.045230, 8.004736
3240000, 0.148329, 0.115610, 7.883108
3250000, 0.006508, 0.037904, 7.208084
3260000, -0.004200, -0.139960, 7.417083
3270000, 0.033257, 0.084174, 8.004581
3280000, -0.067225, 0.116266, 7.586874
3290000, 0.062680, -0.018728, 7.475108
3300000, -0.107219, -0.085220, 6.999636
3310000, -0.028638, 0.013367, 7.451220
3320000, 0.030598, -0.007125, 7.474351
3330000, -0.033343, 0.054544, 7.775121
3340000, 0.080786, 0.074126, 7.743381
3350000, 0.023575, 0.111907, 7.533293
3360000, 0.032567, 0.060448, 7.699586
3370000, 0.104143, -0.082078, 7.429843
3380000, -0.064833, -0.079524, 7.548711
3390000, -0.040871, 0.113944, 7.241339
3400000, 0.029294, -0.013039, 7.293651
3410000, 0.089835, -0.070872, 7.585713
3420000, 0.012670, -0.096890, 7.370501
3430000, -0.000154, -0.000043, 7.733455
3440000, 0.131857, 0.062971, 7.581917
3450000, -0.069668, -0.089658, 7.008673
3460000, -0.185448, -0.031081, 7.491823
3470000, 0.041313, -0.088864, 7.683486
3480000, 0.012644, -0.025529, 7.576878
3490000, -0.024871, -0.012982, 7.971617
3500000, 0.068662, 0.079760, 7.398281
3510000, 0.003255, 0.104621, 7.097140
3520000, -0.045060, -0.042670, 7.783577
3530000, 0.119717, 0.030085, 7.453182
3540000, 0.003449, 0.062331, 7.199239
3550000, 0.087341, 0.041885, 7.192553
3560000, -0.001357, -0.049508, 7.651413
3570000, 0.103663, -0.029529, 7.617265
3580000, 0.126541, 0.015081, 7.584070
3590000, 0.016694, 0.017108, 8.240361
3600000, 0.100345, 0.081525, 7.342646
3610000, -0.071828, -0.048346, 7.454615
3620000, -0.029684, 0.115483, 7.695166
3630000, 0.019212, -0.009375, 7.690854
3640000, -0.027608, -0.065113, 7.178908
3650000, 0.024264, 0.054194, 7.698243
3660000, 0.039724, 0.197044, 7.288098
3670000, -0.025413, 0.135770, 7.199879
3680000, -0.072883, 0.141719, 7.473090
3690000, -0.112061, 0.083058, 8.359932
3700000, -0.065355, 0.027363, 7.786377
3710000, -0.041560, 0.228614, 7.284776
3720000, -0.007319, 0.029962, 7.347329
3730000, 0.038043, 0.077233, 7.819644
3740000, -0.002860, 0.169314, 7.434476
3750000, -0.033349, 0.007772, 7.889061
3760000, -0.021286, -0.121173, 7.884704
3770000, -0.005070, -0.038502, 7.977177
3780000, 0.008537, 0.014896, 7.299619
3790000, -0.015975, 0.082046, 7.287974
3800000, 0.004643, 0.013187, 7.733778
3810000, -0.023808, 0.046944, 7.556398
3820000, 0.126073, -0.056854, 7.943697
3830000, -0.097456, 0.006759, 8.179024
3840000, 0.045042, -0.068338, 8.182155
3850000, -0.062667, -0.119939, 7.702158
3860000, -0.014053, 0.019962, 7.447247
3870000, 0.061289, 0.041280, 7.652690
3880000, 0.067058, -0.030540, 7.661520
3890000, -0.022350, 0.019690, 7.577496
3900000, -0.079829, 0.116150, 7.489014
3910000, -0.104642, -0.021968, 8.163662
3920000, 0.010020, -0.021145, 7.673325
3930000, 0.100195, -0.144096, 7.594938
3940000, 0.080059, -0.068932, 7.575769
3950000, 0.052111, 0.064645, 7.715632
3960000, 0.109530, 0.127424, 7.237879
3970000, -0.024021, -0.031570, 7.672758
3980000, 0.129926, -0.074317, 7.637781
3990000, -0.000758, 0.087894, 7.896192
4000000, -0.007175, -0.032589, 7.545781
4010000, 0.120457, 0.022591, 7.698864
4020000, -0.160921, -0.132910, 7.572447
4030000, -0.047293, 0.019914, 7.781797
4040000, 0.046708, -0.092917, 7.746785
4050000, 0.017711, -0.051789, 7.713012
4060000, -0.043190, -0.134147, 7.608129
4070000, 0.194765, -0.030924, 7.584847
4080000, 0.062213, -0.040984, 7.427677
4090000, 0.103561, -0.038676, 7.843002
4100000, -0.008758, 0.182939, 7.426983
4110000, 0.069592, 0.128547, 7.739013
4120000, -0.088629, -0.051533, 7.479612
4130000, -0.087269, 0.053701, 7.458394
4140000, -0.111182, -0.184967, 7.181422
4150000, 0.013449, -0.118928, 7.422235
4160000, -0.168299, -0.138700, 7.054944
4170000, -0.204181, 0.030135, 7.315432
4180000, 0.047703, 0.001769, 7.317615
4190000, -0.039657, -0.109966, 7.690046
4200000, -0.024379, 0.017647, 7.538282
4210000, -0.001697, 0.045604, 7.368715
4220000, -0.099504, 0.125997, 7.759476
4230000, -0.149317, -0.027395, 7.688788
4240000, -0.032341, 0.042251, 7.878483
4250000, -0.080472, 0.044893, 8.153230
4260000, -0.028607, -0.117773, 7.532607
4270000, -0.064735, -0.194497, 7.494306
4280000, -0.101940, -0.007800, 7.697720
4290000, 0.082745, 0.120175, 7.925828
4300000, 0.097249, 0.019650, 7.577993
4310000, 0.090417, 0.134797, 7.492687
4320000, 0.006609, 0.072460, 7.993670
4330000, 0.030013, -0.043921, 7.156259
4340000, 0.171847, -0.138496, 7.357329
4350000, 0.103159, 0.008941, 7.643473
4360000, 0.219335, -0.028295, 7.270197
4370000, 0.017082, -0.003271, 7.579130
4380000, -0.017409, -0.149671, 7.704389
4390000, -0.032011, 0.006550, 6.960550
4400000, 0.106978, -0.044695, 7.306245
4410000, 0.122582, -0.193906, 7.256827
4420000, 0.034319, 0.130495, 7.308229
4430000, 0.166416, -0.006451, 7.420058
4440000, 0.117456, -0.056730, 7.942753
4450000, 0.022160, -0.143425, 7.859213
4460000, 0.121890, -0.013005, 8.171035
4470000, 0.188255, 0.043856, 7.619643
4480000, 0.001285, -0.010185, 7.780296
4490000, 0.036878, -0.003432, 7.601618
4500000, -0.042625, -0.094594, 7.224720
4510000, -0.144640, -0.049869, 7.270754
4520000, -0.014162, -0.199604, 7.588836
4530000, -0.053688, -0.030839, 8.014931
4540000, 0.003047, -0.002186, 7.358978
4550000, -0.011165, 0.148903, 7.896138
4560000, -0.002320, -0.147050, 7.596715
4570000, -0.117590, -0.045623, 7.405405
4580000, 0.055891, -0.087179, 7.651490
4590000, 0.021661, 0.061197, 8.045631
4600000, -0.096901, -0.023455, 7.605229
4610000, -0.052926, -0.112946, 7.389163
4620000, 0.000821, -0.142240, 7.433253
4630000, -0.005991, -0.093854, 7.482809
4640000, -0.063089, -0.089837, 7.987433
4650000, 0.123794, 0.015260, 7.559894
4660000, 0.024860, -0.140271, 8.120453
4670000, 0.035068, -0.137344, 7.536762
4680000, 0.133174, -0.063309, 7.091803
4690000, 0.119980, -0.226459, 7.546652
4700000, -0.017042, -0.079784, 7.212217
4710000, -0.059545, -0.017752, 7.424892
4720000, -0.027479, 0.039042, 7.600215
4730000, 0.090395, -0.005011, 7.666116
4740000, 0.114539, -0.018556, 7.177231
4750000, 0.127638, 0.016888, 7.549881
4760000, 0.169825, 0.126036, 7.455232
4770000, 0.075829, 0.021186, 7.528385
4780000, 0.085990, 0.036937, 7.161097
4790000, 0.211822, 0.016979, 7.133908
4800000, -0.092619, -0.109785, 7.624342
4810000, -0.027183, 0.039243, 7.428926
4820000, 0.073347, 0.030833, 7.180315
4830000, 0.049348, -0.042509, 7.323293
4840000, 0.082785, -0.076164, 7.333564
4850000, -0.030367, 0.030369, 7.691548
4860000, -0.134243, -0.119450, 7.504315
4870000, 0.041283, -0.057987, 7.922941
4880000, 0.173796, 0.006311, 7.868263
4890000, 0.110198, 0.093291, 7.697188
4900000, 0.080921, -0.103568, 7.911142
4910000, 0.004607, -0.118512, 8.009912
4920000, 0.040172, -0.008674, 7.285578
4930000, 0.131449, 0.020426, 7.682426
4940000, -0.003671, 0.121897, 7.860283
4950000, 0.185198, -0.056340, 6.953793
4960000, -0.073936, -0.003082, 7.174097
4970000, -0.040973, -0.028111, 7.068132
4980000, 0.054140, -0.022060, 7.691701
4990000, -0.058931, -0.013410, 7.570786
5000000, 0.042262, -0.040897, 7.432270
5010000, 0.105989, -0.203044, 7.840145
5020000, -0.011979, 0.084271, 7.718533
5030000, 0.050237, -0.060998, 7.644847
5040000, 0.013297, -0.024499, 7.888240
5050000, 0.002526, 0.111088, 7.767196
5060000, -0.041490, -0.045060, 7.642594
5070000, -0.009051, -0.006236, 7.388679
5080000, -0.021874, 0.059032, 7.889792
5090000, 0.015728, -0.065800, 7.892667
5100000, 0.092212, 0.031795, 7.347535
5110000, 0.100944, 0.035578, 7.147875
5120000, -0.017341, -0.013549, 7.400007
5130000, -0.054512, 0.001628, 7.248472
5140000, -0.022914, 0.029020, 7.322294
5150000, 0.010188, 0.059413, 7.287500
5160000, -0.087692, -0.016612, 7.559569
5170000, -0.014316, -0.138304, 7.483442
5180000, -0.099164, -0.117658, 7.651215
5190000, -0.143966, -0.096445, 7.648883
5200000, 0.107997, 0.010581, 7.557286
5210000, 0.034700, -0.073999, 7.675161
5220000, 0.041656, -0.124462, 7.224668
5230000, -0.038112, 0.034127, 7.511597
5240000, 0.065206, -0.124691, 7.167058
5250000, -0.240885, -0.027818, 7.704864
5260000, -0.044571, 0.000466, 7.508924
5270000, -0.037397, -0.026195, 7.832137
5280000, -0.102449, 0.063685, 7.100263
5290000, -0.027433, -0.264712, 7.192199
5300000, 0.148412, 0.013848, 7.969882
5310000, 0.016292, 0.012418, 7.753415
5320000, 0.148318, -0.106461, 7.478002
5330000, -0.131166, -0.177177, 7.539459
5340000, -0.295286, 0.012873, 6.627690
5350000, 0.042873, 0.143434, 7.211224
5360000, -0.066194, 0.186090, 7.334037
5370000, -0.147141, 0.179229, 7.556987
5380000, 0.018073, 0.122575, 7.643569
5390000, -0.161977, 0.050535, 6.879459
5400000, -0.115405, 0.158284, 7.351851
5410000, 0.004408, -0.159775, 6.596991
5420000, -0.164177, -0.044527, 7.306655
5430000, -0.079129, -0.006944, 7.338339
5440000, -0.079392, -0.190017, 8.015150
5450000, -0.015641, 0.131346, 7.436796
5460000, 0.108037, 0.050635, 8.054024
5470000, 0.071831, 0.018933, 7.331769
5480000, -0.061808, -0.037298, 7.073576
5490000, -0.012357, -0.057626, 7.810687
5500000, 0.157152, -0.056264, 7.387099
5510000, 0.124546, -0.092537, 7.266540
5520000, 0.003107, 0.162367, 7.652511
5530000, 0.044821, -0.072445, 6.902229
5540000, 0.095687, -0.012384, 7.627404
5550000, -0.020452, -0.023377, 7.702630
5560000, 0.084245, 0.015096, 7.215161
5570000, -0.069199, 0.102201, 7.599082
5580000, -0.042295, 0.128031, 7.402995
5590000, 0.014803, 0.068725, 8.165982
5600000, -0.120405, -0.148078, 7.322835
5610000, -0.025866, -0.021255, 7.642798
5620000, -0.027751, -0.104985, 7.960678
5630000, -0.139111, -0.123989, 7.276845
5640000, 0.091013, 0.011157, 7.662491
5650000, 0.306375, 0.034941, 7.142851
5660000, 0.206757, -0.007176, 6.800602
5670000, -0.058332, -0.060841, 7.503907
5680000, -0.147864, -0.093490, 7.413886
5690000, -0.078256, -0.046561, 7.422737
5700000, -0.159164, 0.064190, 7.594724
5710000, -0.226005, 0.011258, 7.052474
5720000, 0.016124, 0.078683, 7.334007
5730000, -0.019649, 0.001450, 7.262842
5740000, 0.013379, 0.100475, 7.909814
5750000, 0.016470, 0.037389, 7.400651
5760000, -0.010067, -0.013916, 7.686596
5770000, 0.029522, -0.012875, 7.575064
5780000, 0.012228, 0.004836, 7.339549
5790000, -0.015244, -0.192218, 7.814033
5800000, 0.091405, 0.078940, 6.998521
5810000, 0.135832, -0.059042, 7.265033
5820000, 0.046516, 0.053943, 7.689034
5830000, 0.028634, 0.051247, 7.480010
5840000, -0.044425, -0.009290, 8.316267
5850000, -0.017259, 0.018534, 7.260636
5860000, 0.068142, -0.045828, 7.239618
5870000, -0.066466, -0.001382, 7.686170
5880000, -0.039587, 0.096016, 7.449655
5890000, -0.103258, 0.143527, 8.053613
5900000, -0.131862, 0.091466, 7.357339
5910000, -0.095373, 0.044741, 7.811224
5920000, 0.081337, -0.074583, 7.823483
5930000, -0.066389, 0.009515, 7.453757
5940000, -0.077900, 0.210886, 7.343869
5950000, -0.108015, 0.003084, 7.652350
5960000, -0.112896, 0.044938, 7.643818
5970000, 0.006613, -0.008307, 7.090896
5980000, 0.073477, 0.055519, 7.875495
5990000, -0.095914, -0.013808, 7.922570
6000000, 0.031022, -0.057558, 7.820793
6010000, -0.008931, -0.069616, 7.716916
6020000, -0.077232, -0.098975, 7.202738
6030000, 0.046477, -0.080222, 7.650826
6040000, -0.044847, -0.015996, 8.035288
6050000, -0.027159, 0.016768, 7.437489
6060000, 0.045318, -0.118767, 7.638794
6070000, 0.069503, -0.032742, 7.718590
6080000, -0.126225, -0.006940, 7.754444
6090000, -0.121154, 0.023409, 7.676052
6100000, 0.004502, -0.032647, 7.376043
6110000, -0.112002, -0.080855, 7.459854
6120000, -0.136824, -0.115253, 7.935835
6130000, 0.075535, -0.018562, 7.431509
6140000, 0.013932, -0.079460, 7.090696
6150000, 0.041459, -0.027512, 7.561129
6160000, 0.111765, 0.094058, 7.619236
6170000, -0.126300, -0.034830, 7.619476
6180000, -0.045987, 0.044864, 7.785200
6190000, -0.025139, -0.059430, 7.370637
6200000, 0.070950, 0.014574, 7.085237
6210000, -0.036267, -0.026217, 7.648657
6220000, -0.075676, -0.051173, 7.813941
6230000, -0.010238, 0.017116, 7.607073
6240000, 0.007996, -0.119079, 7.886753
6250000, 0.157279, 0.009451, 8.062181
6260000, -0.005976, -0.098923, 7.988468
6270000, 0.009020, 0.073041, 7.534362
6280000, 0.053084, 0.023404, 7.795999
6290000, 0.065726, 0.114126, 7.889907
6300000, 0.041465, 0.087127, 7.737234
6310000, -0.033648, -0.111838, 7.483974
6320000, -0.046756, 0.014078, 7.438447
6330000, 0.084903, 0.019618, 7.444868
6340000, 0.033349, 0.107735, 7.853344
6350000, 0.059419, 0.025940, 7.921193
6360000, -0.070418, 0.014226, 7.670089
6370000, 0.072595, 0.102259, 7.851007
6380000, -0.045390, -0.037430, 7.308130
6390000, 0.053850, -0.054811, 7.925601
6400000, 0.030021, -0.048633, 7.318779
6410000, 0.189972, 0.006951, 7.418383
6420000, -0.012593, -0.051624, 7.216692
6430000, -0.145853, -0.116374, 7.753726
6440000, 0.033516, -0.015722, 7.609412
6450000, 0.015999, -0.109617, 7.545554
6460000, -0.014007, -0.123617, 7.878847
6470000, -0.095780, -0.183236, 7.498486
6480000, 0.022665, -0.057049, 7.299571
6490000, -0.030268, -0.083285, 7.695068
6500000, 0.054322, -0.077959, 7.325884
6510000, -0.110946, 0.031347, 7.609198
6520000, 0.108268, 0.119397, 7.641211
6530000, -0.013273, 0.061432, 7.628235
6540000, -0.144145, -0.033273, 7.680439
6550000, -0.079569, -0.087883, 7.209298
6560000, -0.171667, -0.075222, 7.271019
6570000, -0.068923, 0.313501, 6.797525
6580000, 0.111250, 0.166273, 7.605981
6590000, 0.027949, 0.026088, 8.003584
6600000, -0.027997, -0.062695, 7.490671
6610000, 0.082483, 0.033780, 7.432270
6620000, 0.050136, -0.000407, 7.904381
6630000, 0.033506, 0.092559, 7.424064
6640000, 0.056488, 0.031838, 7.185439
6650000, -0.089774, 0.210292, 7.580931
6660000, 0.132659, -0.120045, 7.882881
6670000, 0.076177, -0.016675, 7.407835
6680000, -0.112416, 0.225379, 7.738916
6690000, 0.040448, 0.010763, 7.760391
6700000, 0.108116, 0.122763, 7.439978
6710000, 0.008607, 0.143834, 7.312215
6720000, -0.233129, -0.007664, 7.382272
6730000, -0.214206, 0.242273, 7.154272
6740000, -0.291627, 0.032820, 7.362496
6750000, -0.260699, -0.065375, 7.172907
6760000, -0.150994, 0.151380, 7.378648
6770000, 0.089697, -0.024137, 7.411635
6780000, -0.049373, -0.029735, 7.476892
6790000, -0.068852, -0.037197, 7.912002
6800000, -0.002607, 0.103641, 7.967570
6810000, -0.086929, 0.010543, 7.806320
6820000, -0.035980, -0.073755, 7.094846
6830000, -0.127399, -0.150692, 7.900109
6840000, -0.000046, -0.148047, 7.498495
6850000, -0.087516, 0.033410, 7.545583
6860000, -0.002853, -0.053634, 7.426896
6870000, 0.010636, -0.094075, 7.848518
6880000, 0.019433, -0.062933, 7.877478
6890000, 0.062934, -0.051207, 6.982576
6900000, 0.011311, -0.101175, 7.513293
6910000, -0.122565, -0.279187, 7.412353
6920000, -0.053124, -0.198253, 7.390479
6930000, 0.063071, -0.161279, 7.578308
6940000, -0.005002, 0.045725, 7.755861
6950000, 0.064833, -0.051357, 7.689437
6960000, 0.113082, 0.116333, 7.454352
6970000, 0.032443, 0.008906, 7.677957
6980000, -0.028924, -0.075970, 8.167990
6990000, 0.053420, 0.024101, 7.391707
7000000, 0.002653, -0.059271, 7.636468
7010000, 0.140732, -0.095950, 7.817177
7020000, -0.145619, 0.012699, 7.371666
7030000, 0.063660, 0.077717, 7.511877
7040000, 0.014835, -0.028338, 7.686356
7050000, 0.044737, -0.123753, 7.314086
7060000, 0.190602, 0.048255, 6.936177
7070000, 0.184319, -0.018626, 7.769571
7080000, -0.127347, 0.000472, 7.665848
7090000, -0.020497, 0.022868, 7.047031
7100000, -0.084573, 0.115562, 7.501655
7110000, -0.008077, 0.087356, 7.440698
7120000, -0.002114, 0.062233, 7.506445
7130000, -0.001430, -0.072389, 7.637431
7140000, -0.165143, -0.083345, 7.600801
7150000, -0.047683, -0.023662, 7.154176
7160000, 0.131255, 0.011712, 7.386567
7170000, -0.032985, -0.026275, 7.196058
7180000, -0.077141, 0.158233, 7.477817
7190000, 0.000371, 0.076701, 7.677830
7200000, 0.000864, 0.070313, 7.590806
7210000, -0.069645, 0.025193, 7.613299
7220000, -0.114496, 0.140910, 7.953735
7230000, 0.038004, 0.075088, 7.737891
7240000, 0.013906, 0.058697, 7.853219
7250000, 0.069287, -0.056586, 7.620902
7260000, 0.029214, -0.098359, 7.836029
7270000, -0.034437, -0.015205, 7.655418
7280000, 0.072892, -0.002551, 7.538693
7290000, 0.156278, -0.127872, 7.144402
7300000, -0.069400, 0.015052, 7.284467
7310000, -0.202316, -0.013384, 7.508010
7320000, 0.049222, -0.055810, 7.976751
7330000, -0.179747, 0.072867, 7.485054
7340000, -0.104997, 0.125797, 7.023966
7350000, 0.049758, -0.036333, 7.721731
7360000, 0.060520, -0.036420, 7.222934
7370000, -0.103192, -0.088008, 7.824314
7380000, -0.003176, -0.014344, 7.711462
7390000, 0.079731, -0.065079, 7.294628
7400000, 0.051574, 0.048730, 7.320215
7410000, 0.007724, -0.034012, 7.948684
7420000, -0.130026, -0.033309, 7.542296
7430000, 0.046348, 0.036550, 7.631349
7440000, -0.072633, 0.043065, 7.268590
7450000, 0.013671, 0.086565, 7.569988
7460000, 0.133551, 0.032227, 7.335469
7470000, 0.081020, 0.108371, 7.370172
7480000, -0.032126, -0.048487, 7.546845
7490000, 0.006576, 0.072949, 7.267379
7500000, -0.074100, 0.013973, 7.530860
7510000, -0.138789, 0.147341, 7.793201
7520000, -0.099316, 0.102329, 7.160108
7530000, -0.090073, 0.121492, 7.338559
7540000, -0.099696, 0.125716, 7.928643
7550000, 0.105510, -0.092732, 7.330261
7560000, -0.134798, -0.166593, 7.998258
7570000, -0.026710, -0.170347, 7.358953
7580000, -0.066239, -0.087883, 7.486683
7590000, -0.112495, 0.031739, 6.830192
7600000, -0.137808, 0.036993, 7.381756
7610000, 0.019161, 0.044227, 7.354751
7620000, -0.050196, 0.078925, 7.121544
7630000, 0.012482, -0.022844, 7.204896
7640000, -0.144352, 0.064718, 7.063590
7650000, -0.045235, 0.063400, 8.029738
7660000, -0.142743, 0.052251, 7.341284
7670000, -0.024938, 0.049689, 7.647292
7680000, -0.083563, -0.062563, 7.457510
7690000, -0.061295, 0.223175, 7.262544
7700000, -0.014122, 0.099326, 7.668504
7710000, 0.060343, 0.047915, 7.597909
7720000, -0.071193, 0.057695, 7.666723
7730000, 0.024963, 0.021834, 7.443008
7740000, 0.029484, 0.013367, 7.423748
7750000, 0.182323, -0.085434, 7.588849
7760000, 0.146322, 0.023005, 7.552351
7770000, 0.072181, 0.052005, 7.388195
7780000, 0.035842, 0.015244, 8.007139
7790000, 0.045656, -0.049127, 7.720901
7800000, -0.052143, 0.038428, 7.503846
7810000, 0.124684, -0.022580, 7.845637
7820000, 0.058978, 0.165206, 7.873811
7830000, 0.192704, 0.079096, 7.418116
7840000, 0.086360, -0.018734, 7.630829
7850000, 0.036900, 0.104598, 7.318403
7860000, -0.058392, 0.109701, 7.138473
7870000, 0.079725, 0.053087, 7.714083
7880000, 0.237625, 0.156238, 7.390644
7890000, 0.251017, 0.070893, 7.614321
7900000, 0.008892, 0.006848, 7.714163
7910000, -0.003404, 0.036019, 7.643640
7920000, 0.069278, -0.025146, 7.252618
7930000, -0.019248, -0.211065, 7.755832
7940000, 0.185740, -0.106805, 7.234690
7950000, 0.024819, 0.055574, 7.618959
7960000, -0.105168, -0.059482, 7.809829
7970000, 0.081763, 0.064428, 7.867824
7980000, 0.152370, 0.034700, 7.421241
7990000, 0.004324, 0.051782, 7.551333
8000000, 0.181972, -0.123986, 7.031507
8010000, 0.036726, -0.005161, 7.404538
8020000, -0.063956, -0.044768, 7.624744
8030000, 0.002315, -0.071703, 7.330261
8040000, 0.015513, -0.231798, 7.593918
8050000, -0.042188, -0.016579, 7.534814
8060000, -0.143811, -0.011336, 7.727400
8070000, 0.012687, -0.016566, 7.836862
8080000, -0.070623, 0.086600, 7.577411
8090000, -0.058061, 0.136313, 7.413073
8100000, -0.046274, 0.058048, 7.673167
8110000, -0.072034, 0.140061, 7.715626
8120000, -0.108789, 0.031194, 7.646314
8130000, -0.083652, 0.024653, 7.116189
8140000, 0.116376, 0.014639, 7.347783
8150000, 0.082559, -0.163167, 7.689444
8160000, 0.046559, 0.085509, 7.689461
8170000, 0.011551, 0.022478, 7.463660
8180000, 0.077216, -0.169565, 7.527375
8190000, -0.083695, -0.099920, 7.410323
8200000, -0.005056, -0.205403, 7.472867
8210000, -0.057361, -0.136978, 7.567338
8220000, -0.043143, -0.139274, 7.624418
8230000, -0.024138, 0.048750, 7.673663
8240000, 0.102362, -0.128718, 7.386649
8250000, 0.112090, -0.005368, 7.871029
8260000, 0.099098, 0.095597, 7.521810
8270000, 0.020028, 0.052286, 6.884103
8280000, 0.041300, -0.158679, 8.179285
8290000, 0.205158, 0.033432, 7.436921
8300000, 0.020457, -0.005614, 7.489667
8310000, 0.129267, -0.034781, 7.275237
8320000, 0.009630, -0.088890, 7.298836
8330000, -0.135144, -0.082291, 7.538150
8340000, -0.090042, -0.014311, 7.730379
8350000, -0.138673, 0.010334, 7.576941
8360000, 0.023809, 0.273928, 7.682293
8370000, -0.102096, 0.069691, 7.496914
8380000, 0.075271, 0.010223, 7.409246
8390000, -0.107424, -0.127218, 7.631266
8400000, 0.001404, -0.046508, 7.838080
8410000, 0.019484, 0.016721, 7.236781
8420000, 0.013772, -0.054559, 7.443435
8430000, 0.083165, -0.108861, 7.684309
8440000, -0.009012, -0.052343, 7.496572
8450000, -0.087945, 0.131060, 8.035795
8460000, 0.071569, 0.055194, 7.509344
8470000, 0.072831, 0.146685, 7.197454
8480000, -0.022039, 0.212197, 7.573137
8490000, -0.066419, -0.054852, 7.523327
8500000, 0.016940, 0.003349, 7.854637
8510000, 0.038232, 0.000833, 7.774205
8520000, -0.087779, 0.063725, 7.464324
8530000, -0.005605, -0.039763, 7.574554
8540000, -0.036360, -0.015575, 7.719060
8550000, -0.018027, 0.187209, 7.399014
8560000, -0.025706, -0.017376, 7.628259
8570000, -0.022085, -0.029946, 7.673006
8580000, -0.253540, 0.101069, 7.396636
8590000, -0.160646, 0.014646, 7.221186
8600000, 0.214380, 0.035882, 7.535100
8610000, -0.087140, 0.051427, 7.567022
8620000, -0.134631, 0.059539, 7.757270
8630000, 0.028922, 0.239462, 7.844292
8640000, 0.106601, 0.044400, 7.829243
8650000, 0.026829, -0.063297, 6.937751
8660000, -0.011767, -0.061520, 7.550183
8670000, -0.039949, 0.042067, 7.924467
8680000, -0.001273, 0.154962, 7.422085
8690000, 0.109780, -0.052981, 8.026187
8700000, 0.056346, 0.070539, 7.549440
8710000, -0.008579, 0.053149, 7.732868
8720000, -0.001417, 0.094923, 7.752248
8730000, -0.084294, 0.046969, 8.039375
8740000, 0.075381, 0.132989, 7.699135
8750000, -0.048322, 0.047456, 7.921950
8760000, -0.036727, -0.077686, 7.711602
8770000, -0.037809, -0.040516, 7.386412
8780000, 0.073181, -0.065872, 7.047854
8790000, -0.020788, -0.031083, 7.707111
8800000, -0.059126, 0.090594, 7.828020
8810000, -0.054377, 0.135569, 7.188519
8820000, -0.113329, 0.078934, 7.320592
8830000, -0.087798, -0.034732, 7.524671
8840000, -0.154754, -0.140490, 7.017259
8850000, 0.038592, -0.188441, 7.225724
8860000, -0.032979, -0.084935, 7.713240
8870000, 0.073687, -0.012160, 7.340246
8880000, 0.055996, 0.042432, 7.292097
8890000, 0.085847, -0.086427, 7.467332
8900000, -0.038932, 0.026245, 7.728879
8910000, -0.031372, 0.005676, 7.421428
8920000, 0.012822, 0.050085, 7.098611
8930000, -0.116406, 0.128251, 7.840475
8940000, -0.067107, -0.091939, 7.119737
8950000, -0.022740, 0.055349, 7.469714
8960000, 0.163064, 0.048853, 7.237174
8970000, -0.160577, -0.125604, 7.431222
8980000, -0.020178, 0.055859, 7.694629
8990000, 0.066814, 0.121038, 7.340641
9000000, -0.065675, 0.002179, 7.865474
9010000, -0.052170, -0.015890, 7.394165
9020000, -0.046697, 0.089462, 7.454988
9030000, 0.064897, -0.036740, 7.304627
9040000, 0.022243, 0.021182, 7.450990
9050000, 0.005704, -0.064648, 7.494745
9060000, -0.128570, -0.142419, 6.940317
9070000, -0.145254, -0.100190, 7.195067
9080000, -0.056457, -0.119151, 7.840940
9090000, -0.037354, -0.077342, 7.548514
9100000, -0.080897, -0.177541, 7.357144
9110000, -0.076683, 0.003066, 7.426802
9120000, -0.123273, -0.043134, 7.233766
9130000, -0.069344, -0.171801, 7.350572
9140000, 0.032007, -0.010289, 7.739122
9150000, -0.005329, 0.041930, 8.007878
9160000, 0.073652, -0.075127, 7.722292
9170000, 0.021529, 0.045550, 7.235517
9180000, -0.143519, -0.014370, 7.668520
9190000, -0.021771, -0.007890, 7.540053
9200000, -0.031695, 0.046321, 7.904908
9210000, 0.005711, -0.051488, 7.974134
9220000, 0.025893, -0.008205, 7.450779
9230000, 0.012444, -0.066793, 7.748188
9240000, 0.172046, -0.161998, 7.385426
9250000, 0.307879, -0.189297, 7.075689
9260000, 0.137075, -0.155393, 6.998571
9270000, 0.357312, -0.130867, 7.002248
9280000, 0.164301, -0.013343, 7.305127
9290000, 0.092762, -0.092280, 7.457734
9300000, 0.088960, -0.202736, 7.277353
9310000, 0.060527, -0.256854, 7.977946
9320000, -0.006224, -0.105432, 6.674602
9330000, -0.246500, -0.077467, 7.552500
9340000, -0.146518, 0.054989, 7.614845
9350000, -0.088134, -0.005945, 7.362869
9360000, -0.027516, -0.016552, 7.231243
9370000, 0.033426, 0.066862, 7.759723
9380000, 0.015263, 0.109378, 7.001542
9390000, -0.005583, 0.040788, 7.397447
9400000, 0.011887, 0.011646, 7.445845
9410000, -0.005172, -0.093184, 7.635982
9420000, 0.114134, -0.146516, 7.854018
9430000, -0.065946, 0.027802, 7.604942
9440000, -0.053779, -0.012013, 7.184852
9450000, 0.081287, -0.053273, 7.830188
9460000, -0.003070, -0.054943, 7.360361
9470000, -0.133557, -0.100776, 7.690736
9480000, -0.138682, 0.043437, 7.227441
9490000, -0.047404, -0.081161, 6.926999
9500000, -0.028246, -0.157676, 7.450637
9510000, -0.021403, -0.075837, 7.479998
9520000, -0.011671, 0.035267, 7.741927
9530000, -0.043773, -0.011093, 7.352938
9540000, 0.015934, -0.195153, 7.470418
9550000, -0.025477, -0.196429, 7.205844
9560000, -0.161350, -0.075831, 7.834821
9570000, -0.175282, -0.079385, 7.551480
9580000, 0.087642, -0.110342, 7.491230
9590000, 0.264933, 0.089247, 7.363529
9600000, 0.152632, -0.019840, 7.757392
9610000, -0.002000, 0.073446, 7.371151
9620000, -0.068424, -0.109330, 7.236223
9630000, -0.035908, -0.049002, 7.509216
9640000, -0.031013, 0.079978, 7.606095
9650000, -0.017408, 0.048705, 7.272529
9660000, 0.052244, 0.081490, 7.656373
9670000, -0.176169, 0.111006, 7.129031
9680000, -0.057326, 0.276440, 6.938109
9690000, 0.007045, 0.061548, 7.571971
9700000, 0.107522, 0.013807, 7.540242
9710000, 0.096938, 0.126560, 7.474168
9720000, 0.112420, 0.019370, 7.693090
9730000, -0.030532, -0.028103, 7.655168
9740000, -0.011292, -0.065088, 7.620503
9750000, -0.146819, -0.031320, 7.467702
9760000, 0.160756, -0.020285, 7.547201
9770000, 0.063326, 0.005481, 7.277261
9780000, 0.020399, -0.008180, 7.501489
9790000, -0.039999, 0.036016, 7.256122
9800000, -0.036608, 0.015357, 7.712483
9810000, -0.183176, -0.093077, 7.689812
9820000, -0.120540, 0.069306, 7.774781
9830000, -0.246024, 0.021041, 7.677006
9840000, -0.124882, 0.137001, 7.391702
9850000, 0.026484, 0.015363, 7.553293
9860000, -0.031962, 0.129434, 7.188856
9870000, -0.059631, -0.005761, 7.313149
9880000, -0.026738, 0.014257, 7.454510
9890000, 0.035687, 0.075913, 7.407901
9900000, -0.090496, 0.067871, 7.749681
9910000, 0.032390, -0.111727, 7.161832
9920000, 0.030321, 0.096750, 7.510766
9930000, -0.024190, 0.141493, 7.335015
9940000, -0.019566, -0.028548, 7.540652
9950000, 0.020986, -0.012625, 7.566962
9960000, -0.078604, -0.042733, 7.851600
9970000, -0.000190, 0.125954, 7.841780
9980000, 0.037566, -0.034213, 7.450145
9990000, 0.024631, 0.020279, 7.390111
10000000, 0.115698, 0.025081, 7.643307
10010000, 0.019597, 0.006640, 7.720991
10020000, -0.033109, -0.030379, 7.487936
10030000, 0.086503, 0.084766, 7.492828
10040000, -0.040707, -0.056299, 7.447993
10050000, 0.028815, 0.007844, 7.486627
10060000, -0.185306, 0.113377, 7.442199
10070000, -0.070195, -0.113052, 7.691864
10080000, 0.043974, -0.166526, 7.276795
10090000, 0.086519, -0.082333, 7.416938
10100000, 0.093006, -0.256208, 6.909150
10110000, 0.223421, 0.054630, 7.023825
10120000, 0.180715, -0.122870, 7.466385
10130000, -0.093843, -0.014032, 7.195202
10140000, -0.018310, 0.035495, 7.437848
10150000, -0.040709, -0.171640, 7.118465
10160000, -0.069337, -0.113135, 7.979492
10170000, 0.058618, -0.069813, 7.119522
10180000, 0.084997, -0.059888, 7.948609
10190000, 0.050544, -0.123310, 7.673634
10200000, 0.036998, -0.057550, 7.694444
10210000, -0.022050, -0.029188, 7.575218
10220000, 0.106539, -0.154598, 7.473465
10230000, 0.006942, -0.091159, 7.695307
10240000, 0.091509, 0.046396, 6.988279
10250000, -0.007869, -0.053111, 7.602400
10260000, 0.012621, 0.132380, 7.344286
10270000, 0.021252, -0.058855, 7.848943
10280000, -0.117334, 0.016213, 7.609939
10290000, 0.058551, 0.123304, 7.748683
10300000, 0.024152, -0.096565, 7.409594
10310000, -0.140058, -0.116198, 7.539404
10320000, -0.095851, -0.045150, 7.531809
10330000, -0.046646, -0.082300, 7.977774
10340000, -0.094401, -0.022945, 7.614058
10350000, -0.156276, -0.081347, 7.360804
10360000, 0.047782, -0.059090, 7.391184
10370000, 0.087289, 0.033708, 7.961616
10380000, 0.058294, 0.151879, 7.387028
10390000, 0.001467, 0.066470, 7.249827
10400000, -0.064040, 0.061655, 7.578454
10410000, 0.057835, 0.033846, 7.374564
10420000, 0.082713, 0.128363, 7.230417
10430000, -0.100254, 0.033705, 7.680463
10440000, -0.082520, -0.037082, 7.557554
10450000, 0.035446, 0.002985, 7.494557
10460000, -0.043408, -0.031672, 7.534737
10470000, -0.102091, -0.093324, 7.708879
10480000, -0.197571, 0.129113, 7.506230
10490000, -0.170707, 0.039373, 7.524730
10500000, -0.129272, 0.051421, 7.420557
10510000, -0.035980, -0.025370, 7.320633
10520000, 0.037149, -0.109204, 7.544294
10530000, 0.057442, -0.108601, 7.104853
10540000, 0.032519, -0.142079, 7.638297
10550000, 0.008050, -0.065743, 7.635076
10560000, -0.015098, 0.023402, 7.694639
10570000, 0.050144, -0.022022, 7.625822
10580000, -0.107490, -0.036699, 7.662691
10590000, -0.014737, -0.214363, 7.653888
10600000, -0.011485, -0.146496, 7.255676
10610000, 0.061661, -0.132453, 7.740193
10620000, 0.022965, -0.091953, 7.771204
10630000, -0.236355, -0.037364, 7.183387
10640000, 0.002014, -0.050540, 7.955410
10650000, 0.136961, -0.098634, 7.761000
10660000, -0.077749, -0.114786, 7.322036
10670000, -0.173006, -0.009383, 7.475205
10680000, 0.001825, -0.082246, 7.320755
10690000, -0.046765, 0.058246, 7.602573
10700000, 0.025138, -0.112123, 7.780201
10710000, -0.031245, -0.105887, 7.726859
10720000, 0.053596, 0.018718, 7.798576
10730000, -0.044503, 0.071378, 7.541622
10740000, -0.104955, 0.087706, 7.709196
10750000, -0.022867, -0.119027, 7.475183
10760000, 0.103021, -0.068673, 8.232312
10770000, 0.035466, -0.236598, 7.278728
10780000, 0.013833, -0.157092, 7.778490
10790000, -0.126814, -0.154946, 7.411811
10800000, -0.175131, -0.181623, 6.757102
10810000, -0.084914, -0.224003, 7.116691
10820000, -0.123195, -0.014314, 6.881414
10830000, -0.149279, 0.162192, 7.335780
10840000, -0.021795, 0.171539, 7.424701
10850000, 0.019376, 0.052662, 7.325269
10860000, -0.174845, 0.187745, 7.622356
10870000, 0.123911, 0.240982, 6.988156
10880000, 0.109718, 0.258412, 7.334997
10890000, -0.066019, 0.064484, 7.486072
10900000, -0.267289, 0.031919, 7.024334
10910000, -0.205002, 0.127522, 7.360726
10920000, -0.242497, 0.081066, 6.791527
10930000, -0.024398, -0.098682, 6.931211
10940000, -0.301155, -0.168525, 6.259096
10950000, -0.029960, 0.117111, 7.081081
10960000, -0.223826, -0.007075, 7.352593
10970000, -0.261330, -0.337763, 6.865749
10980000, -0.236029, -0.321028, 6.738567
10990000, -0.446359, 0.027796, 6.588051
11000000, -0.238473, 0.266296, 6.669863
11010000, -0.232656, 0.193254, 6.827686
11020000, -0.180254, 0.234560, 6.644748
11030000, -0.155099, 0.110273, 6.933185
11040000, -0.025991, 0.165064, 7.714229
11050000, 0.017083, -0.023293, 7.369322
11060000, 0.113741, -0.020635, 7.588514
11070000, -0.104805, -0.023282, 7.937690
11080000, -0.000957, -0.024386, 7.787411
11090000, 0.050816, 0.027922, 7.462769
11100000, -0.007092, -0.045773, 7.344502
11110000, 0.056269, -0.094318, 7.098553
11120000, 0.132405, -0.102201, 7.257399
11130000, -0.054504, 0.098611, 7.404221
11140000, -0.005436, 0.005124, 7.864804
11150000, -0.143346, 0.115669, 7.502766
11160000, 0.139478, -0.012794, 7.494828
11170000, -0.156056, -0.123807, 7.711951
11180000, 0.091283, -0.070669, 7.288819
11190000, -0.101599, 0.211958, 7.850896
11200000, -0.273190, 0.092299, 7.271709
11210000, -0.250624, 0.054345, 7.559450
11220000, 0.064178, -0.018617, 7.467744
11230000, -0.082592, -0.033366, 7.596641
11240000, -0.097824, -0.054071, 8.217378
11250000, 0.047490, -0.257198, 7.282171
11260000, 0.126311, -0.045745, 6.676632
11270000, -0.115408, -0.346385, 6.883748
11280000, -0.072281, -0.371870, 6.952710
11290000, -0.148686, -0.214203, 7.309547
11300000, -0.095755, -0.171911, 7.298098
11310000, 0.074340, -0.299211, 7.328906
11320000, 0.107619, -0.124151, 7.570627
11330000, 0.177423, 0.101382, 7.525560
11340000, -0.098688, 0.022349, 7.779883
11350000, 0.120272, 0.038609, 7.463390
11360000, 0.029168, 0.075393, 7.130651
11370000, 0.019979, -0.005595, 7.417154
11380000, 0.057001, 0.024664, 7.979184
11390000, -0.000735, -0.101431, 8.214009
11400000, 0.266162, 0.027457, 7.216082
11410000, -0.040611, 0.041771, 7.518158
11420000, 0.062970, 0.004777, 7.493962
11430000, 0.137825, -0.014607, 7.606092
11440000, 0.059615, -0.029398, 7.265515
11450000, -0.027934, -0.049613, 7.214909
11460000, -0.074820, 0.025009, 7.438927
11470000, -0.142509, 0.002084, 7.066158
11480000, 0.004113, -0.003776, 7.698876
11490000, 0.176451, -0.211882, 7.021036
11500000, -0.093821, -0.223429, 7.004260
11510000, -0.144893, -0.008094, 7.296784
11520000, -0.260736, -0.002319, 7.149940
11530000, 0.077432, 0.150581, 7.386237
11540000, 0.000923, -0.065561, 7.722182
11550000, -0.073775, 0.098306, 7.542444
11560000, -0.047187, -0.064254, 7.427726
11570000, -0.014930, 0.017427, 7.715588
11580000, -0.103649, -0.063763, 7.380976
11590000, -0.025224, -0.132378, 7.578381
11600000, -0.007457, 0.141436, 7.711107
11610000, 0.026416, 0.052034, 7.346519
11620000, -0.107031, 0.094638, 7.144690
11630000, -0.091589, -0.002217, 6.914724
11640000, 0.013014, 0.032510, 7.377243
11650000, -0.064850, 0.070248, 7.761846
11660000, -0.158574, 0.143073, 7.314423
11670000, 0.047852, 0.061693, 7.735328
11680000, 0.002836, -0.004069, 7.050663
11690000, -0.025267, 0.004073, 7.219411
11700000, 0.039710, 0.111893, 8.067083
11710000, 0.047381, -0.054069, 7.689843
11720000, 0.009747, -0.094628, 7.647200
11730000, -0.102778, 0.055551, 7.315467
11740000, 0.017911, -0.035561, 7.958916
11750000, -0.000177, -0.035105, 7.389013
11760000, -0.006113, 0.003357, 8.189740
11770000, 0.059668, 0.045356, 7.715637
11780000, -0.103667, 0.142870, 7.263517
11790000, 0.084597, 0.196922, 7.321449
11800000, 0.220806, 0.016949, 7.942388
11810000, 0.116166, -0.048854, 7.742772
11820000, 0.027334, 0.026474, 8.184494
11830000, 0.106943, -0.011214, 7.813547
11840000, 0.118900, -0.099649, 7.780827
11850000, 0.006728, -0.082354, 7.879986
11860000, 0.009709, 0.046017, 7.445931
11870000, 0.062752, -0.005447, 7.587372
11880000, 0.066648, -0.132260, 7.413335
11890000, -0.012057, 0.117179, 7.711995
11900000, 0.021428, -0.040459, 8.189594
11910000, -0.056354, 0.056993, 7.350096
11920000, 0.045160, 0.095801, 7.533310
11930000, 0.081686, 0.046406, 7.422938
11940000, -0.117566, -0.005228, 7.259983
11950000, 0.003037, 0.168207, 7.211701
11960000, -0.038581, -0.037754, 7.501442
11970000, -0.144026, -0.080050, 7.832057
11980000, -0.063380, -0.059105, 7.414047
11990000, -0.045294, 0.036752, 7.463715
12000000, 0.230650, -0.022145, 7.541439
12010000, 0.059958, 0.001254, 7.415527
12020000, 0.097184, 0.148210, 6.756038
12030000, -0.088012, 0.194815, 7.500213
12040000, -0.009545, 0.062357, 7.465785
12050000, 0.225210, 0.079255, 6.738609
12060000, 0.165026, 0.019242, 7.485197
12070000, 0.156014, 0.137867, 7.082816
12080000, -0.022126, 0.085384, 6.677503
12090000, 0.079522, -0.136587, 6.707044
12100000, 0.011813, -0.024545, 7.374722
12110000, 0.023270, -0.063900, 7.578024
12120000, -0.135054, 0.002286, 7.495334
12130000, -0.075046, 0.142171, 7.528276
12140000, -0.001881, -0.117920, 7.525677
12150000, 0.052520, -0.189297, 7.423718
12160000, 0.076720, 0.035632, 7.681040
12170000, -0.007780, -0.019030, 7.190696
12180000, -0.067606, 0.033540, 7.599667
12190000, -0.050486, 0.095663, 7.799630
12200000, -0.170389, 0.142538, 7.916124
12210000, -0.171541, -0.032667, 7.416854
12220000, 0.035066, 0.005407, 7.728202
12230000, 0.130742, -0.180268, 7.057372
12240000, 0.023194, -0.291475, 7.496465
12250000, 0.097235, -0.111388, 7.594597
12260000, 0.299707, -0.120449, 7.071504
12270000, 0.136772, 0.137311, 7.732284
12280000, 0.151766, -0.016201, 7.861187
12290000, 0.147134, 0.027182, 7.139946
12300000, -0.079027, 0.041039, 7.238734
12310000, -0.013908, -0.044136, 7.547398
12320000, -0.061018, 0.042657, 7.519904
12330000, -0.076809, 0.015559, 7.339665
12340000, -0.048106, -0.027807, 7.193466
12350000, -0.026948, 0.137632, 7.132158
12360000, 0.113399, 0.120405, 7.414612
12370000, 0.096322, -0.006236, 7.600451
12380000, 0.062566, -0.060704, 7.502973
12390000, -0.011276, 0.052443, 7.656938
12400000, 0.003593, -0.035639, 7.645379
12410000, 0.009361, -0.178579, 7.155208
12420000, -0.165644, -0.320873, 7.221430
12430000, -0.043027, -0.318160, 7.185349
12440000, -0.023179, -0.052847, 7.771187
12450000, -0.043951, -0.204674, 7.566691
12460000, 0.038575, -0.038093, 7.477393
12470000, 0.011921, 0.130517, 7.124468
12480000, 0.010156, 0.175169, 7.428393
12490000, -0.000632, -0.114768, 7.706540
12500000, 0.092964, -0.091215, 7.766290
12510000, 0.049074, 0.058035, 7.475604
12520000, -0.069399, 0.073237, 7.477700
12530000, -0.036109, 0.157400, 7.563032
12540000, 0.003024, 0.112224, 7.652100
12550000, -0.031506, 0.085564, 7.383921
12560000, -0.131073, -0.139333, 6.990632
12570000, -0.076364, 0.005244, 7.414441
12580000, 0.104428, -0.102294, 7.893246
12590000, 0.093246, 0.037632, 7.935645
12600000, -0.042114, -0.017030, 7.223841
12610000, 0.082606, -0.017004, 7.648951
12620000, -0.090203, 0.051514, 8.078290
12630000, 0.077484, -0.030439, 7.569297
12640000, -0.032241, 0.165236, 7.373459
12650000, -0.057126, 0.121444, 7.525904
12660000, -0.072218, -0.056012, 7.403210
12670000, -0.041245, -0.007269, 7.711114
12680000, 0.048349, 0.012120, 7.771011
12690000, 0.280800, -0.051192, 7.780994
12700000, 0.047155, -0.093363, 7.150331
12710000, 0.156662, -0.040241, 7.302423
12720000, 0.139659, -0.037088, 7.731499
12730000, 0.218239, -0.027178, 7.758543
12740000, 0.001864, 0.013490, 7.478218
12750000, 0.056089, 0.129512, 7.457918
12760000, 0.016974, 0.070977, 7.342595
12770000, 0.091745, 0.061836, 7.587148
12780000, -0.008895, 0.064616, 7.792612
12790000, -0.050523, 0.210813, 7.605987
12800000, -0.008877, -0.007430, 7.525162
12810000, -0.012661, 0.080519, 7.669834
12820000, 0.000894, 0.084928, 7.576857
12830000, -0.136314, -0.046335, 7.818618
12840000, -0.171046, 0.012800, 7.294810
12850000, -0.173810, 0.014034, 6.815127
12860000, -0.110429, 0.014938, 7.163954
12870000, 0.008950, -0.062170, 7.530993
12880000, -0.049132, -0.120622, 7.881085
12890000, -0.145566, 0.023378, 7.373676
12900000, -0.164304, 0.213181, 7.339687
12910000, -0.277110, -0.117234, 7.288817
12920000, -0.122322, -0.079137, 7.908615
12930000, 0.092681, 0.060546, 7.081885
12940000, 0.033356, 0.196373, 8.009473
12950000, -0.083123, 0.040114, 7.269831
12960000, 0.079736, 0.059034, 7.591134
12970000, -0.042144, -0.053725, 7.384209
12980000, -0.011190, 0.009285, 7.636520
12990000, 0.074333, -0.153141, 7.790073
13000000, 0.010409, -0.059997, 6.889635
13010000, -0.037643, 0.059820, 7.819768
13020000, 0.115931, 0.089618, 7.373809
13030000, 0.042169, -0.045556, 7.531251
13040000, 0.014056, 0.157515, 7.283573
13050000, -0.033967, 0.052689, 7.638251
13060000, 0.035102, -0.031356, 7.826794
13070000, 0.094644, -0.134068, 7.502201
13080000, -0.133779, -0.036513, 7.357577
13090000, -0.063220, 0.047146, 7.493904
13100000, 0.040520, 0.138941, 7.937723
13110000, -0.110534, -0.018832, 7.869058
13120000, -0.158161, 0.104895, 7.629188
13130000, 0.044549, -0.053389, 7.800883
13140000, 0.059914, -0.090766, 7.534896
13150000, 0.030928, -0.017583, 7.424724
13160000, -0.007714, -0.035810, 7.997590
13170000, -0.030830, 0.007330, 8.015768
13180000, 0.015482, 0.026651, 7.745544
13190000, -0.024462, -0.230208, 7.992133
13200000, 0.113889, -0.029134, 7.818750
13210000, 0.063154, 0.015530, 7.047300
13220000, 0.108387, -0.058416, 7.223354
13230000, 0.109250, -0.024937, 7.901289
13240000, -0.041580, -0.029088, 7.556618
13250000, -0.036540, -0.028176, 7.415639
13260000, 0.020828, -0.114461, 7.542417
13270000, 0.019114, -0.027060, 7.844953
13280000, 0.106883, -0.135324, 7.869709
13290000, 0.021507, -0.034311, 7.707124
13300000, 0.002425, 0.067526, 7.724840
13310000, 0.092135, -0.015045, 7.625798
13320000, -0.033385, 0.053529, 7.734546
13330000, -0.002933, -0.049819, 7.601666
13340000, 0.054131, 0.006312, 7.864258
13350000, -0.048424, 0.010659, 7.312165
13360000, -0.034914, 0.156048, 7.883190
13370000, 0.068506, 0.106794, 7.777620
13380000, 0.046252, 0.089912, 7.432132
13390000, 0.091670, 0.146723, 7.243228
13400000, 0.049405, 0.055690, 7.342549
13410000, 0.063121, 0.025374, 7.756300
13420000, -0.002077, -0.032124, 7.887034
13430000, -0.071805, 0.051518, 7.734105
13440000, 0.188446, -0.001491, 7.425164
13450000, -0.094970, 0.190277, 7.438244
13460000, -0.137570, 0.081776, 7.787859
13470000, 0.056222, 0.125607, 7.044297
13480000, 0.115989, 0.045254, 7.769699
13490000, 0.098666, 0.067405, 7.275951
13500000, 0.071677, -0.076151, 7.390070
13510000, 0.011921, -0.023461, 7.743495
13520000, -0.072548, 0.149328, 7.551124
13530000, -0.119764, 0.026520, 7.523168
13540000, -0.262343, 0.002488, 7.444480
13550000, -0.165512, 0.074404, 7.159316
13560000, 0.084828, 0.179380, 7.194136
13570000, -0.276326, 0.035879, 7.246072
13580000, -0.249338, -0.029850, 7.654345
13590000, -0.075929, -0.111920, 7.139167
13600000, -0.002300, -0.047083, 7.626392
13610000, -0.109561, -0.097171, 7.440355
13620000, -0.021714, -0.248898, 6.743087
13630000, -0.116510, -0.123720, 7.691009
13640000, 0.056437, 0.023021, 7.957743
13650000, -0.056349, 0.069539, 7.464648
13660000, -0.157870, 0.016982, 7.343000
13670000, -0.143778, 0.033176, 7.077076
13680000, -0.021739, 0.096379, 7.449286
13690000, -0.145377, 0.090439, 7.473087
13700000, 0.069956, -0.063540, 8.096331
13710000, 0.026312, -0.016709, 7.391106
13720000, -0.024247, -0.039444, 7.111554
13730000, 0.087222, -0.044292, 7.535172
13740000, 0.013366, 0.016932, 7.614101
13750000, 0.058074, 0.080080, 7.404745
13760000, 0.038088, -0.066665, 7.561191
13770000, -0.035487, 0.068425, 7.448050
13780000, 0.004213, 0.065662, 6.901829
13790000, -0.033738, 0.052532, 7.509605
13800000, -0.051595, 0.003138, 7.694815
13810000, 0.020893, -0.023481, 7.840781
13820000, -0.086245, -0.015928, 7.614908
13830000, -0.020294, -0.128276, 7.681328
13840000, -0.181867, -0.039113, 7.600860
13850000, 0.098532, -0.116144, 7.481661
13860000, 0.090047, 0.026751, 7.765413
13870000, 0.171205, -0.166034, 7.407252
13880000, -0.003145, 0.020396, 7.419893
13890000, 0.093606, 0.041894, 7.740140
13900000, -0.031463, -0.100338, 7.880985
13910000, 0.038283, 0.128595, 7.229517
13920000, 0.083047, -0.092489, 7.432630
13930000, 0.053150, -0.132572, 7.423972
13940000, 0.115510, -0.033400, 7.667988
13950000, 0.033133, -0.138347, 7.893216
13960000, 0.066054, -0.044427, 7.276734
13970000, 0.162974, 0.079421, 7.715609
13980000, 0.019611, 0.089150, 7.576537
13990000, 0.097566, 0.158845, 6.956593
14000000, 0.032152, 0.053077, 7.793197
14010000, -0.047381, -0.074480, 7.425630
14020000, -0.111147, -0.023866, 7.340259
14030000, -0.195257, -0.075595, 7.411676
14040000, -0.168291, -0.178793, 7.486855
14050000, -0.171168, -0.138573, 7.727643
14060000, -0.053284, -0.035583, 7.353220
14070000, 0.077955, -0.002449, 7.848971
14080000, 0.057471, -0.016685, 7.653359
14090000, 0.082652, 0.009955, 7.573636
14100000, -0.118036, 0.010837, 7.168244
14110000, -0.067890, -0.021362, 7.663861
14120000, 0.117548, 0.205200, 7.856564
14130000, 0.038980, 0.074922, 7.141835
14140000, 0.071794, 0.252546, 7.216410
14150000, 0.095732, -0.031150, 7.226626
14160000, 0.111981, 0.107597, 7.150486
14170000, 0.087333, 0.015917, 6.933487
14180000, 0.239615, -0.043731, 7.595925
14190000, 0.104969, 0.060415, 7.518102
14200000, 0.104319, -0.005544, 7.513884
14210000, 0.148158, 0.087947, 7.093990
14220000, 0.037995, -0.070787, 7.411164
14230000, 0.164414, 0.038648, 7.580136
14240000, 0.031520, 0.106892, 7.771876
14250000, -0.060773, -0.088172, 7.426614
14260000, -0.066578, 0.092312, 7.245432
14270000, 0.132172, 0.102083, 7.365439
14280000, -0.034557, 0.049435, 7.940131
14290000, -0.076901, -0.087604, 7.746805
14300000, 0.121735, -0.066674, 7.702749
14310000, 0.018984, 0.076551, 7.635509
14320000, 0.056897, 0.042063, 7.603677
14330000, 0.131186, 0.025826, 7.574466
14340000, -0.044866, -0.015727, 7.314686
14350000, 0.036674, -0.099946, 7.407164
14360000, -0.118200, -0.052562, 6.996914
14370000, -0.045606, 0.059524, 7.584359
14380000, -0.006504, -0.075842, 7.415127
14390000, 0.101678, -0.080340, 7.414680
14400000, 0.019128, -0.080643, 7.086950
14410000, 0.108777, -0.081225, 7.584510
14420000, 0.265930, -0.022565, 7.357142
14430000, 0.108693, 0.009412, 7.522505
14440000, 0.067488, -0.040020, 7.989211
14450000, 0.097243, 0.079240, 7.449778
14460000, 0.090469, -0.119140, 7.728769
14470000, 0.121042, -0.066706, 7.698886
14480000, 0.004145, -0.094207, 7.464059
14490000, 0.015373, -0.000248, 7.813503
14500000, -0.093226, 0.012237, 7.832764
14510000, 0.067279, -0.071959, 7.706563
14520000, -0.023928, -0.048759, 7.436356
14530000, 0.013345, -0.017079, 7.895018
14540000, 0.159885, 0.032919, 7.657775
14550000, 0.009863, -0.008910, 7.342340
14560000, 0.235306, -0.027898, 7.487814
14570000, -0.055077, -0.162981, 7.760553
14580000, 0.100780, -0.109266, 7.698675
14590000, 0.152231, -0.019736, 7.703281
14600000, 0.038934, -0.100760, 7.321173
14610000, 0.050813, -0.097435, 7.811381
14620000, 0.082527, 0.022941, 7.243422
14630000, 0.003691, -0.038642, 7.501601
14640000, 0.143564, -0.058185, 7.614909
14650000, -0.207804, 0.014150, 7.732570
14660000, 0.009836, 0.145977, 7.673728
14670000, 0.068116, -0.051025, 7.829327
14680000, -0.062751, 0.018749, 7.473387
14690000, -0.011278, 0.053841, 7.757908
14700000, -0.052907, 0.177545, 7.051553
14710000, -0.319536, 0.143629, 7.072105
14720000, -0.124393, -0.049352, 7.671495
14730000, -0.019598, -0.170771, 6.739873
14740000, -0.147692, -0.162421, 7.205504
14750000, 0.022672, -0.127302, 7.305283
14760000, 0.104673, -0.103113, 7.266503
14770000, 0.105298, 0.013800, 7.411351
14780000, -0.024407, -0.250048, 7.239708
14790000, -0.011795, 0.012191, 7.071041
14800000, 0.068439, 0.111269, 7.032960
14810000, 0.020512, 0.044262, 7.565352
14820000, -0.058082, 0.130944, 8.141449
14830000, -0.010494, 0.055714, 7.473411
14840000, -0.104308, 0.044970, 7.453094
14850000, 0.020838, 0.063489, 7.657854
14860000, -0.130624, 0.141100, 7.370723
14870000, 0.072007, -0.049049, 7.830642
14880000, 0.070601, -0.013433, 7.363579
14890000, 0.092321, -0.068566, 7.697192
14900000, 0.058287, 0.057930, 7.727718
14910000, -0.014674, -0.012458, 7.685735
14920000, 0.133496, -0.108755, 7.346460
14930000, 0.069770, 0.014346, 7.464516
14940000, 0.045930, -0.074348, 7.241325
14950000, 0.030927, -0.094627, 7.708121
14960000, 0.026180, 0.020600, 8.009418
14970000, 0.074949, -0.059455, 6.963708
14980000, 0.135676, -0.031178, 7.445548
14990000, 0.216285, 0.100438, 7.655866
15000000, 0.070874, 0.007001, 7.703575
15010000, 0.111537, 0.016339, 7.120472
15020000, -0.130300, 0.009149, 7.237206
15030000, -0.028676, 0.029715, 7.489408
15040000, 0.019561, 0.043178, 7.639339
15050000, -0.000782, -0.090186, 7.705214
15060000, -0.052178, -0.031192, 7.502118
15070000, 0.051209, 0.216130, 7.061986
15080000, -0.121926, 0.044027, 7.425845
15090000, -0.049498, -0.159796, 8.033772
15100000, -0.008791, 0.097316, 7.414004
15110000, 0.116141, 0.063775, 7.430236
15120000, -0.020096, -0.140180, 7.515335
15130000, 0.032871, -0.123466, 7.610770
15140000, -0.157318, 0.042129, 7.779457
15150000, 0.104069, -0.095377, 7.109866
15160000, 0.147760, 0.155261, 7.364859
15170000, 0.000922, 0.211831, 8.240004
15180000, 0.009409, 0.167239, 7.717871
15190000, -0.072040, -0.237194, 7.258897
15200000, -0.005300, -0.001608, 7.426856
15210000, 0.049511, 0.092456, 7.550407
15220000, 0.154785, -0.052307, 7.662549
15230000, 0.032496, 0.008237, 7.451447
15240000, -0.013061, -0.007174, 8.008987
15250000, -0.043370, -0.012825, 7.250161
15260000, -0.016996, -0.002896, 7.656192
15270000, 0.038723, 0.108851, 7.551126
15280000, -0.006641, 0.198440, 7.186391
15290000, -0.068692, 0.132921, 7.077419
15300000, -0.114938, 0.086915, 7.263383
15310000, 0.123515, 0.039680, 7.586280
15320000, 0.007675, -0.031484, 7.713660
15330000, -0.006656, -0.071861, 7.434752
15340000, -0.000567, 0.042882, 7.719749
15350000, -0.137529, 0.118495, 7.976271
15360000, -0.108589, 0.137149, 7.363141
15370000, -0.182950, 0.101168, 7.354839
15380000, 0.009380, -0.217994, 7.228735
15390000, 0.007341, 0.084599, 7.856186
15400000, 0.093943, 0.014428, 7.763132
15410000, -0.095252, -0.102200, 7.549757
15420000, 0.014056, 0.140636, 7.317554
15430000, -0.087520, 0.176471, 7.364083
15440000, -0.012521, -0.061100, 7.985438
15450000, -0.043455, -0.153389, 7.667113
15460000, -0.182932, -0.004694, 7.482088
15470000, -0.096371, -0.027970, 7.669202
15480000, -0.031801, -0.139085, 7.539519
15490000, 0.043963, -0.100041, 7.317881
15500000, -0.021395, -0.083362, 7.715058
15510000, 0.008925, -0.071608, 7.293836
15520000, 0.064425, -0.061219, 7.075375
15530000, -0.021153, -0.108261, 7.519586
15540000, -0.122965, -0.078035, 7.135096
15550000, -0.041618, -0.138659, 7.351153
15560000, 0.021611, -0.191813, 7.782407
15570000, -0.147077, -0.055968, 7.749828
15580000, -0.090154, -0.080556, 7.759540
15590000, -0.155802, -0.107578, 7.545070
15600000, 0.007303, -0.057656, 7.441716
15610000, 0.017585, 0.089895, 7.609338
15620000, 0.049920, 0.128827, 7.500606
15630000, 0.007937, -0.038320, 7.812692
15640000, 0.063297, -0.061594, 7.401929
15650000, -0.169623, 0.119343, 7.784934
15660000, -0.072533, -0.077302, 7.536344
15670000, -0.155184, 0.038139, 7.377649
15680000, -0.285376, -0.052743, 7.250884
15690000, -0.095905, -0.145960, 7.206330
15700000, -0.022262, 0.099835, 7.531498
15710000, 0.052546, 0.062255, 7.909086
15720000, 0.044325, -0.000338, 7.320849
15730000, -0.021501, 0.055319, 8.017508
15740000, -0.107733, 0.063960, 7.436345
15750000, -0.074238, -0.011272, 7.282202
15760000, -0.174501, 0.049683, 7.643546
15770000, -0.132051, -0.041155, 7.647322
15780000, 0.028390, 0.040993, 7.212304
15790000, -0.059752, 0.113538, 7.270665
15800000, -0.264776, -0.034252, 7.678292
15810000, -0.070257, -0.165223, 7.565411
15820000, -0.221416, -0.074798, 7.329228
15830000, -0.159387, -0.136666, 6.816918
15840000, 0.008045, -0.204979, 7.954836
15850000, -0.305186, -0.010140, 7.480674
15860000, -0.203864, 0.131997, 7.230980
15870000, -0.147748, -0.050215, 7.641875
15880000, -0.012142, -0.102797, 7.203822
15890000, -0.114645, 0.018140, 7.330014
15900000, 0.115933, -0.024701, 7.230007
15910000, -0.005481, -0.094986, 7.485525
15920000, -0.011541, -0.008509, 7.655533
15930000, 0.044106, -0.059164, 7.471720
15940000, 0.116067, -0.110813, 7.954539
15950000, -0.087499, -0.044419, 7.338917
15960000, -0.090733, 0.150370, 7.097415
15970000, 0.042647, -0.011322, 7.032986
15980000, -0.032475, -0.142331, 7.131855
15990000, -0.128897, -0.087232, 7.686725
16000000, 0.019242, -0.129807, 7.894292
16010000, -0.110291, -0.027110, 7.408411
16020000, -0.208109, 0.130028, 7.600823
16030000, -0.039003, 0.014244, 7.650681
16040000, -0.049338, -0.053715, 7.463154
16050000, -0.060869, 0.102143, 7.419286
16060000, -0.168574, -0.036989, 7.371085
16070000, -0.104742, 0.111573, 7.613556
16080000, 0.044564, -0.133677, 7.265023
16090000, 0.059698, -0.074012, 7.573633
16100000, -0.012870, 0.017436, 7.418606
16110000, -0.128755, -0.117395, 7.484561
16120000, -0.115059, -0.077096, 7.311073
16130000, -0.007909, 0.005744, 7.207348
16140000, -0.063123, -0.067518, 7.376746
16150000, 0.055990, -0.122166, 7.616601
16160000, 0.105070, 0.024487, 7.146095
16170000, -0.040576, 0.133040, 7.415290
16180000, -0.007578, 0.002094, 7.665119
16190000, 0.013372, -0.110551, 7.465706
16200000, 0.080621, 0.085424, 7.295494
16210000, 0.160686, 0.067716, 7.457739
16220000, -0.052982, -0.045165, 7.434211
16230000, -0.063662, -0.003228, 7.287997
16240000, -0.076453, 0.103049, 7.726007
16250000, -0.052414, -0.050469, 7.456501
16260000, -0.077522, 0.040523, 7.609093
16270000, 0.049343, -0.145854, 7.742766
16280000, 0.008915, 0.016300, 7.475137
16290000, -0.025983, -0.106017, 7.687468
16300000, 0.057915, 0.039704, 7.866328
16310000, -0.175978, 0.103949, 7.773926
16320000, -0.029526, -0.059242, 7.690329
16330000, -0.068914, -0.004975, 8.159008
16340000, 0.060206, -0.023013, 7.443035
16350000, -0.071563, -0.027964, 7.452149
16360000, 0.032041, 0.085939, 7.662760
16370000, 0.052154, -0.018202, 7.472891
16380000, -0.015505, -0.095601, 7.923961
16390000, -0.005667, 0.069941, 7.588689
16400000, 0.072392, -0.058775, 7.646266
16410000, -0.004839, -0.059543, 7.493139
16420000, 0.122881, 0.041531, 7.559894
16430000, -0.020584, -0.013434, 7.276526
16440000, -0.114163, 0.059657, 7.699408
16450000, 0.032116, -0.031464, 7.603334
16460000, 0.032511, -0.009408, 7.404312
16470000, 0.107638, 0.024431, 7.798423
16480000, -0.040051, 0.030874, 7.611611
16490000, 0.025991, 0.117410, 7.896282
16500000, 0.106219, -0.039399, 7.577627
16510000, 0.041176, -0.179128, 7.918713
16520000, -0.075234, 0.033500, 7.093463
16530000, 0.024395, 0.067563, 7.508511
16540000, 0.075594, 0.021948, 7.768824
16550000, -0.059166, 0.122271, 7.829793
16560000, 0.056502, -0.067458, 7.315791
16570000, 0.028084, -0.012212, 7.500628
16580000, -0.012568, 0.115501, 7.343266
16590000, 0.151956, -0.131984, 7.924515
16600000, -0.099243, -0.028705, 7.462945
16610000, -0.039226, 0.122053, 7.885685
16620000, 0.016823, 0.006941, 7.854207
16630000, 0.008364, 0.060762, 7.366645
16640000, -0.041771, 0.055829, 7.605257
16650000, -0.093239, -0.022863, 7.770401
16660000, 0.199398, -0.056454, 7.471547
16670000, 0.035845, 0.083465, 7.330312
16680000, 0.035991, -0.038758, 7.288916
16690000, -0.013933, 0.126478, 7.186506
16700000, 0.009483, -0.077111, 7.201467
16710000, -0.061791, -0.182038, 7.068202
16720000, -0.313524, -0.003864, 7.805501
16730000, 0.004428, -0.138023, 7.682402
16740000, -0.107752, 0.092808, 7.601125
16750000, 0.082249, -0.066599, 7.798144
16760000, 0.049824, -0.009458, 7.099614
16770000, 0.081084, -0.017069, 7.037254
16780000, -0.143988, -0.158281, 6.968060
16790000, 0.014197, -0.043538, 7.692893
16800000, 0.134639, 0.019409, 7.262681
16810000, 0.121226, -0.258892, 7.479776
16820000, -0.129508, -0.152815, 7.620869
16830000, -0.053932, 0.147823, 7.073486
16840000, -0.110526, 0.203456, 7.009052
16850000, 0.164636, 0.246701, 6.869337
16860000, -0.130453, 0.036457, 6.796503
16870000, -0.081784, 0.128839, 7.720540
16880000, -0.083911, 0.175449, 7.453247
16890000, 0.009155, 0.036756, 7.614433
16900000, -0.134575, -0.000050, 7.313214
16910000, 0.085660, 0.025487, 7.497226
16920000, 0.019145, -0.020672, 7.481082
16930000, 0.070716, -0.012906, 7.200349
16940000, 0.097912, 0.088530, 7.727376
16950000, -0.047107, -0.007571, 6.972277
16960000, -0.126212, -0.078054, 7.333559
16970000, 0.016568, 0.010231, 7.469168
16980000, -0.054809, -0.059702, 7.693270
16990000, -0.022977, -0.157208, 7.867012
17000000, 0.060914, 0.130216, 7.248222
17010000, 0.021945, -0.096894, 7.656040
17020000, -0.005294, 0.034422, 7.704009
17030000, 0.066178, -0.083782, 7.687540
17040000, 0.061060, -0.017204, 7.718942
17050000, -0.014560, 0.083060, 7.894616
17060000, -0.199766, -0.062252, 7.589157
17070000, -0.121268, -0.059109, 7.780149
17080000, -0.087378, -0.061919, 7.187859
17090000, -0.057674, 0.095218, 7.499330
17100000, -0.084194, -0.062978, 7.533158
17110000, -0.170540, -0.008148, 7.738214
17120000, -0.039957, -0.188302, 7.311353
17130000, 0.014111, -0.045921, 7.670590
17140000, -0.025279, -0.124329, 7.455494
17150000, 0.082653, -0.031804, 7.904379
17160000, -0.012403, 0.018842, 7.548906
17170000, 0.031512, -0.089307, 7.603311
17180000, -0.031464, -0.098252, 7.357509
17190000, -0.001008, -0.066233, 7.896244
17200000, -0.022596, 0.053285, 8.008017
17210000, 0.019763, 0.113427, 7.187381
17220000, 0.012787, -0.097417, 7.624258
17230000, 0.013091, -0.207503, 7.238906
17240000, 0.173023, 0.003545, 7.485715
17250000, -0.031151, -0.051746, 7.346541
17260000, -0.006408, 0.094440, 7.259786
17270000, -0.070715, 0.191313, 7.526182
17280000, -0.051114, 0.168449, 7.474491
17290000, -0.026453, 0.081536, 7.958045
17300000, -0.061007, -0.088119, 7.534290
17310000, -0.010713, 0.090127, 7.523779
17320000, 0.073352, 0.060164, 7.753904
17330000, 0.009221, 0.243582, 7.602893
17340000, -0.048962, 0.093576, 7.661993
17350000, -0.129991, -0.036888, 7.229921
17360000, -0.030382, -0.064112, 7.418303
17370000, -0.122940, -0.050973, 7.839556
17380000, 0.020032, -0.067062, 7.735064
17390000, -0.086113, 0.032962, 7.437715
17400000, 0.032703, -0.113278, 7.454896
17410000, 0.001488, -0.169662, 7.174359
17420000, -0.063471, -0.110284, 7.602216
17430000, 0.167385, -0.047214, 7.601713
17440000, 0.167546, 0.069869, 6.757239
17450000, 0.032112, -0.127775, 6.924446
17460000, 0.035510, -0.081992, 7.075984
17470000, -0.163211, -0.097355, 7.218181
17480000, 0.015270, -0.129578, 7.434526
17490000, -0.008756, -0.045224, 8.026233
17500000, 0.106639, 0.102503, 7.231506
17510000, 0.105231, -0.008208, 7.423747
17520000, 0.058223, -0.078063, 7.205596
17530000, -0.103948, -0.007013, 7.075097
17540000, 0.002271, 0.032529, 7.862482
17550000, 0.124813, -0.042631, 7.542804
17560000, -0.018019, 0.130015, 7.566615
17570000, -0.230776, 0.004807, 7.613874
17580000, -0.095456, 0.051507, 7.481546
17590000, -0.199729, 0.061549, 7.424529
17600000, -0.262348, 0.136627, 7.098673
17610000, -0.170482, 0.234403, 7.004801
17620000, 0.042797, 0.099754, 6.846256
17630000, 0.131172, 0.110716, 7.316138
17640000, 0.104227, -0.103468, 7.552916
17650000, 0.039881, -0.031472, 7.844054
17660000, 0.189180, 0.008556, 7.212909
17670000, -0.016821, -0.133147, 6.939296
17680000, -0.093665, -0.114767, 7.463022
17690000, 0.118240, -0.016327, 7.399346
17700000, 0.078947, 0.153461, 7.248813
17710000, -0.203843, -0.078283, 7.121294
17720000, -0.196759, -0.056256, 7.085224
17730000, -0.124244, -0.005419, 7.695719
17740000, 0.003525, 0.043079, 7.572564
17750000, -0.059773, -0.074060, 7.453616
17760000, 0.180167, -0.062947, 7.467774
17770000, -0.050823, 0.058454, 7.603764
17780000, 0.153617, -0.010479, 7.677008
17790000, 0.079730, -0.170180, 7.693454
17800000, 0.028645, 0.005249, 7.381494
17810000, 0.079206, 0.139209, 7.309700
17820000, 0.063111, -0.023317, 7.842288
17830000, 0.036551, -0.219067, 7.381311
17840000, -0.067349, -0.159551, 7.283157
17850000, -0.111693, 0.026056, 8.149682
17860000, 0.107430, 0.035133, 7.460815
17870000, -0.018960, 0.047945, 7.373269
17880000, 0.093371, 0.163445, 7.141902
17890000, 0.215807, -0.004845, 7.344041
17900000, 0.044572, -0.017295, 7.218976
17910000, -0.173982, -0.070107, 7.171454
17920000, -0.030478, 0.068227, 7.832990
17930000, -0.027596, 0.071426, 8.001065
17940000, -0.068977, 0.052983, 7.181670
17950000, -0.115949, -0.009005, 7.171045
17960000, -0.081462, -0.073402, 7.591134
17970000, -0.064097, -0.064316, 8.031063
17980000, -0.152160, 0.136476, 7.441345
17990000, 0.198129, 0.056323, 7.571090
18000000, 0.181679, 0.278625, 6.963254
18010000, 0.299421, 0.084756, 7.058016
18020000, 0.128969, -0.106845, 7.555942
18030000, 0.059960, -0.178650, 7.518124
18040000, -0.024438, -0.004983, 7.785556
18050000, 0.050930, 0.075240, 7.697232
18060000, -0.038443, -0.073655, 7.860195
18070000, -0.047135, 0.056343, 7.994494
18080000, -0.147960, 0.121151, 7.888772
18090000, 0.038130, 0.052807, 7.951962
18100000, -0.176175, 0.014427, 7.616162
18110000, -0.004401, 0.049808, 7.480419
18120000, 0.003353, 0.076591, 7.332576
18130000, 0.029786, -0.083976, 7.620222
18140000, 0.160441, 0.031718, 8.134497
18150000, -0.006782, 0.142620, 7.051308
18160000, 0.030795, 0.240166, 8.018915
18170000, 0.019050, 0.131595, 7.668645
18180000, -0.053760, 0.175502, 6.929585
18190000, -0.119261, -0.027163, 7.383647
18200000, 0.009396, -0.110549, 8.076983
18210000, 0.035639, -0.094568, 7.850786
18220000, -0.156265, 0.045579, 7.286525
18230000, -0.193621, -0.022915, 7.519425
18240000, -0.068705, -0.036601, 7.892146
18250000, 0.075881, -0.037389, 7.581054
18260000, 0.078729, 0.030422, 7.734263
18270000, 0.018105, 0.067464, 8.312334
18280000, -0.057273, 0.041827, 7.649062
18290000, -0.003318, -0.095242, 7.647752
18300000, 0.109201, 0.030682, 7.784635
18310000, -0.105470, 0.060329, 7.400326
18320000, -0.097440, 0.025253, 7.014720
18330000, -0.018491, 0.003457, 7.437023
18340000, -0.068439, 0.041270, 7.769422
18350000, -0.139352, 0.034257, 7.526468
18360000, 0.068589, 0.097859, 7.391512
18370000, 0.037156, -0.014848, 7.710835
18380000, -0.032061, -0.072137, 7.145000
18390000, -0.008436, -0.008893, 7.612650
18400000, 0.015083, 0.094500, 7.418249
18410000, 0.143156, 0.049557, 7.734090
18420000, -0.129969, 0.017065, 7.526136
18430000, 0.083625, 0.177086, 7.638071
18440000, -0.031475, 0.090480, 7.096759
18450000, 0.036802, 0.190572, 7.367577
18460000, -0.004162, -0.043539, 7.214670
18470000, 0.103042, 0.139885, 7.572254
18480000, -0.029288, 0.231791, 7.330191
18490000, -0.007040, 0.001113, 7.297513
18500000, 0.014802, 0.158216, 7.552848
18510000, -0.088104, 0.008219, 7.531617
18520000, 0.012390, -0.001496, 7.593408
18530000, -0.124951, 0.147251, 7.182629
18540000, 0.012951, 0.031150, 7.640648
18550000, -0.099773, 0.071001, 7.907773
18560000, 0.040504, 0.099576, 7.614290
18570000, -0.029233, -0.117341, 8.043106
18580000, -0.115939, -0.041380, 7.759104
18590000, -0.027206, 0.037509, 7.183220
18600000, 0.106643, 0.085725, 7.881683
18610000, 0.024377, -0.074338, 7.823237
18620000, 0.111097, 0.087252, 7.743229
18630000, -0.139838, -0.094750, 7.341082
18640000, 0.009631, 0.006783, 7.908100
18650000, 0.019705, 0.052828, 7.815567
18660000, 0.047479, -0.145730, 7.685440
18670000, 0.112984, -0.086290, 7.613888
18680000, 0.026837, -0.050123, 8.288722
18690000, -0.221706, 0.059247, 6.972773
18700000, -0.129964, -0.113971, 7.676446
18710000, -0.007859, 0.138838, 7.458591
18720000, 0.016839, 0.031741, 7.839890
18730000, -0.070433, 0.080033, 7.428732
18740000, -0.045150, 0.112808, 7.197534
18750000, 0.014503, -0.083922, 7.415752
18760000, -0.014662, 0.081728, 7.527077
18770000, -0.154582, 0.001271, 8.003413
18780000, 0.122906, -0.060855, 7.910996
18790000, 0.021348, -0.011497, 7.400599
18800000, -0.079880, -0.075749, 7.461614
18810000, -0.094611, -0.073359, 7.919267
18820000, -0.022800, -0.072565, 8.151727
18830000, 0.020794, -0.130733, 7.462836
18840000, -0.026110, -0.025734, 7.588361
18850000, 0.084441, -0.048731, 7.242377
18860000, 0.124101, 0.166968, 7.781194
18870000, 0.097014, -0.038923, 7.354244
18880000, 0.137445, -0.151095, 7.952884
18890000, 0.020349, 0.025335, 7.757833
18900000, -0.026535, -0.159739, 7.919635
18910000, 0.135406, -0.079428, 7.488627
18920000, 0.009399, -0.004430, 7.537460
18930000, 0.036257, -0.001439, 7.865451
18940000, -0.096046, -0.135273, 7.691407
18950000, -0.022831, 0.021408, 7.486660
18960000, -0.115963, 0.139754, 7.923830
18970000, -0.135267, 0.055721, 7.017436
18980000, 0.167278, 0.062195, 7.862498
18990000, 0.046720, -0.013360, 7.787626
19000000, 0.030647, 0.129496, 7.119386
19010000, 0.009724, -0.014366, 7.539516
19020000, 0.097409, 0.079716, 6.622296
19030000, 0.017372, -0.088163, 7.650721
19040000, -0.065635, 0.153436, 7.494088
19050000, -0.041959, -0.021983, 7.713763
19060000, -0.047895, -0.092570, 6.846857
19070000, -0.095753, -0.225240, 7.655006
19080000, -0.207964, -0.019894, 7.345238
19090000, -0.166033, 0.126544, 7.518805
19100000, 0.101881, 0.018158, 7.425520
19110000, -0.041864, 0.055818, 6.972692
19120000, -0.066783, 0.151197, 7.135465
19130000, -0.194116, 0.070712, 7.150707
19140000, -0.031217, 0.095333, 7.614592
19150000, -0.031955, -0.001279, 7.313742
19160000, -0.100535, 0.112366, 7.942294
19170000, -0.122760, 0.046305, 7.353785
19180000, -0.105769, -0.147573, 7.328960
19190000, -0.044265, -0.044001, 8.161848
19200000, -0.129641, -0.020615, 7.606195
19210000, 0.027701, 0.037840, 8.116135
19220000, -0.053375, -0.086667, 7.644308
19230000, -0.047323, -0.025996, 7.324691
19240000, -0.085528, 0.147489, 7.353419
19250000, -0.086778, 0.031931, 7.537568
19260000, 0.041626, 0.103962, 7.856949
19270000, 0.012209, 0.041895, 7.651460
19280000, 0.080078, 0.132914, 7.659105
19290000, 0.049653, 0.026493, 7.475249
19300000, 0.076109, 0.016563, 7.486904
19310000, -0.075103, -0.069236, 7.564214
19320000, -0.212752, 0.075830, 7.889708
19330000, 0.042518, -0.098217, 7.555082
19340000, 0.101501, -0.054501, 7.991703
19350000, -0.025188, -0.072990, 7.352752
19360000, -0.129424, 0.019733, 7.787075
19370000, -0.120829, -0.042737, 7.184710
19380000, 0.022490, 0.043684, 7.567797
19390000, 0.009715, 0.044732, 7.285142
19400000, -0.007808, 0.036988, 7.639051
19410000, 0.057455, -0.013919, 7.865462
19420000, 0.045685, 0.042787, 7.269306
19430000, -0.051179, -0.059709, 7.827231
19440000, -0.024933, 0.011552, 7.646678
19450000, -0.076789, 0.007994, 7.436068
19460000, 0.067528, 0.159045, 7.512875
19470000, -0.061106, 0.014326, 7.600495
19480000, -0.188968, -0.004449, 7.804139
19490000, -0.082183, 0.031694, 7.776854
19500000, -0.276148, -0.144346, 7.225628
19510000, -0.109114, -0.042044, 7.413716
19520000, -0.032255, 0.049101, 8.020348
19530000, -0.064199, 0.024589, 7.733573
19540000, -0.138745, -0.046762, 7.734040
19550000, -0.151067, 0.058264, 7.305175
19560000, -0.001110, 0.056821, 7.144284
19570000, 0.098940, -0.026526, 8.198565
19580000, -0.018586, -0.023510, 7.770748
19590000, 0.020387, 0.020052, 7.579235
19600000, 0.080917, -0.009838, 7.220610
19610000, 0.005859, -0.005339, 7.642105
19620000, 0.119055, -0.046920, 7.445585
19630000, 0.062026, 0.104328, 7.173825
19640000, 0.024679, -0.059757, 7.573511
19650000, 0.007259, 0.135352, 7.977916
19660000, 0.039736, 0.090461, 7.497617
19670000, -0.041015, -0.056082, 7.802557
19680000, 0.062751, 0.007711, 7.832177
19690000, 0.114971, 0.109206, 7.743390
19700000, -0.031193, 0.139246, 7.800687
19710000, -0.094639, 0.001255, 7.599100
19720000, 0.042996, -0.035980, 7.874038
19730000, 0.010130, 0.064743, 7.700103
19740000, -0.116708, 0.106945, 7.056403
19750000, -0.019388, -0.143996, 7.128615
19760000, -0.028333, -0.073676, 7.955701
19770000, 0.128281, 0.074400, 7.741621
19780000, 0.043667, -0.087781, 7.240502
19790000, 0.080242, 0.040842, 7.533386
19800000, -0.051813, -0.084250, 7.370068
19810000, -0.101753, -0.017226, 7.497706
19820000, -0.126721, 0.008869, 7.578470
19830000, -0.055851, -0.022022, 8.044004
19840000, -0.078665, 0.046544, 7.618088
19850000, -0.016365, 0.007981, 7.922931
19860000, 0.034641, -0.141919, 8.046578
19870000, -0.198002, 0.034229, 7.821243
19880000, 0.111010, -0.009156, 7.333946
19890000, 0.170328, -0.160300, 6.761622
19900000, 0.056206, -0.002060, 7.062147
19910000, 0.037148, -0.065813, 7.450715
19920000, -0.158096, -0.139482, 7.747412
19930000, 0.107746, -0.122898, 7.152507
19940000, 0.079824, -0.063763, 7.469876
19950000, 0.099824, 0.077413, 7.558175
19960000, 0.011898, -0.033689, 7.534896
19970000, 0.031189, 0.001583, 8.122482
19980000, 0.022932, -0.099906, 7.531761
19990000, -0.047870, 0.057865, 7.541887
20000000, -0.090265, 0.031997, 7.815614
20010000, -0.130280, 0.002192, 7.747821
20020000, 0.047447, -0.090739, 7.647608
20030000, -0.034974, 0.102991, 7.916787
20040000, 0.025717, -0.052728, 7.762264
20050000, -0.114569, -0.059576, 7.538058
20060000, 0.112036, 0.109221, 7.525366
20070000, -0.005306, -0.040233, 7.117229
20080000, 0.049108, 0.098272, 7.359513
20090000, 0.096767, 0.085353, 7.613468
20100000, -0.035675, 0.010493, 7.500143
20110000, -0.039708, -0.109898, 7.647027
20120000, -0.054435, -0.071742, 7.205838
20130000, 0.036357, 0.047854, 7.861022
20140000, 0.004753, -0.004481, 7.604513
20150000, 0.018494, 0.053180, 7.881773
20160000, -0.032706, -0.047233, 7.354942
20170000, -0.019914, 0.031873, 7.730362
20180000, 0.051259, -0.082473, 7.079029
20190000, 0.057767, -0.018451, 7.384258
20200000, 0.005307, -0.126272, 7.435634
20210000, 0.002204, -0.020360, 7.546005
20220000, 0.038145, -0.156175, 7.684625
20230000, -0.083874, 0.082651, 7.188555
20240000, 0.081077, -0.039469, 7.857587
20250000, -0.012385, 0.015480, 7.344072
20260000, 0.096712, 0.134883, 7.387601
20270000, -0.079985, -0.028422, 7.397174
20280000, -0.190923, -0.145702, 7.157686
20290000, 0.041667, 0.058911, 7.973529
20300000, -0.022261, -0.043895, 7.624808
20310000, 0.058958, -0.112755, 7.478492
20320000, 0.003643, 0.031858, 7.742308
20330000, 0.054426, -0.007137, 7.469520
20340000, -0.133262, -0.204879, 7.264916
20350000, 0.027265, 0.056611, 7.392341
20360000, 0.021155, 0.071005, 7.385751
20370000, -0.028180, 0.152488, 7.528379
20380000, -0.124698, 0.039656, 7.718317
20390000, 0.053833, 0.084925, 7.444210
20400000, 0.003670, -0.036929, 7.282190
20410000, -0.025147, -0.180610, 7.709687
20420000, 0.094471, -0.120867, 7.650328
20430000, -0.093610, -0.117610, 7.654027
20440000, -0.009584, -0.214897, 7.428551
20450000, 0.118574, -0.121216, 7.269131
20460000, -0.040273, -0.024225, 7.718065
20470000, 0.014740, -0.102452, 7.690629
20480000, -0.017744, -0.112521, 7.555868
20490000, -0.066173, -0.106195, 7.986328
20500000, 0.000988, -0.047077, 7.053023
20510000, 0.068362, 0.050268, 7.106999
20520000, 0.067861, -0.127907, 7.523275
20530000, 0.022785, 0.024182, 7.588836
20540000, -0.029026, 0.002143, 7.790359
20550000, 0.043539, -0.060397, 7.577641
20560000, 0.019771, 0.005283, 7.033136
20570000, 0.024535, 0.027501, 7.126621
20580000, -0.144025, 0.077562, 7.436292
20590000, 0.028192, 0.067478, 7.626746
20600000, 0.013507, -0.067004, 7.499810
20610000, -0.033833, -0.036218, 7.495823
20620000, -0.114736, 0.015313, 7.051007
20630000, 0.057354, 0.056645, 7.974055
20640000, 0.001385, 0.025804, 7.625066
20650000, -0.084400, 0.102071, 7.321051
20660000, 0.132908, 0.067823, 7.684492
20670000, 0.032677, 0.025490, 7.174463
20680000, 0.151667, -0.116698, 7.519930
20690000, 0.161626, 0.077544, 7.211230
20700000, 0.029049, -0.015258, 7.885889
20710000, 0.068477, -0.019403, 7.520816
20720000, 0.067237, 0.095580, 7.420890
20730000, 0.098403, 0.045362, 7.295007
20740000, -0.055005, -0.005002, 7.717571
20750000, -0.033650, 0.041599, 7.685903
20760000, -0.138912, 0.071496, 7.012346
20770000, -0.102988, -0.004225, 7.607027
20780000, -0.237768, 0.190724, 7.289921
20790000, 0.106386, -0.040822, 7.621428
20800000, 0.106905, -0.046640, 7.028371
20810000, 0.090701, -0.086907, 7.216170
20820000, 0.045679, 0.027891, 7.205294
20830000, 0.090364, -0.105977, 7.986037
20840000, 0.050878, -0.004698, 7.211506
20850000, -0.019669, 0.033187, 7.198157
20860000, 0.120760, 0.025906, 7.682101
20870000, 0.123608, 0.082986, 7.535602
20880000, 0.189776, 0.237603, 7.335416
20890000, -0.050212, -0.011128, 7.330054
20900000, 0.017489, -0.039304, 7.151942
20910000, 0.002448, -0.072956, 8.053085
20920000, 0.012232, -0.033305, 7.633445
20930000, -0.042780, -0.044180, 7.753753
20940000, -0.021243, 0.051411, 7.507100
20950000, -0.097366, 0.077313, 7.469441
20960000, -0.131483, 0.137891, 7.300290
20970000, -0.066177, 0.068602, 7.575597
20980000, -0.088256, 0.151175, 7.493961
20990000, -0.059747, -0.064408, 8.155084
21000000, -0.138102, -0.115470, 7.666046
21010000, -0.177113, 0.047282, 7.540613
21020000, -0.104542, 0.104013, 7.267302
21030000, 0.002081, 0.050862, 7.703851
21040000, -0.160747, -0.170523, 7.648916
21050000, 0.029090, -0.123089, 7.601432
21060000, -0.130372, -0.125413, 7.629653
21070000, 0.029528, -0.126263, 7.902856
21080000, 0.205523, -0.289537, 7.116207
21090000, 0.015297, -0.121241, 7.553326
21100000, -0.194747, -0.133006, 7.478613
21110000, -0.194782, -0.114679, 6.943201
21120000, -0.238612, 0.217737, 7.053364
21130000, -0.055968, 0.320996, 6.817497
21140000, -0.039551, 0.015989, 7.982870
21150000, -0.022589, -0.086368, 7.715442
21160000, 0.004976, 0.075460, 7.576730
21170000, 0.154352, -0.086282, 7.289543
21180000, 0.164720, -0.049339, 7.635898
21190000, 0.077093, -0.013739, 7.556753
21200000, 0.109019, -0.004639, 7.588109
21210000, 0.176701, -0.230986, 7.248712
21220000, 0.118291, -0.053310, 7.332544
21230000, -0.099733, -0.079025, 7.422484
21240000, -0.155502, 0.005110, 6.841623
21250000, -0.024840, 0.011046, 7.359734
21260000, 0.093476, 0.024884, 7.343306
21270000, 0.111107, -0.017964, 7.509857
21280000, -0.057605, 0.027385, 7.678850
21290000, 0.012580, 0.095578, 7.288795
21300000, -0.003894, 0.041935, 7.917480
21310000, -0.067883, -0.079043, 7.378721
21320000, -0.031147, -0.021381, 7.657642
21330000, 0.194133, -0.070641, 7.485192
21340000, -0.104829, -0.062463, 7.382121
21350000, 0.079815, -0.008299, 7.778606
21360000, -0.004700, 0.071555, 7.284702
21370000, -0.023332, 0.022017, 7.287527
21380000, -0.065322, -0.023548, 7.854764
21390000, 0.064624, -0.000470, 7.644329
21400000, 0.020593, -0.007746, 7.360274
21410000, -0.220258, -0.009027, 7.361399
21420000, -0.020616, -0.038040, 7.182481
21430000, 0.006762, 0.146092, 7.551872
21440000, 0.003712, 0.009278, 7.556840
21450000, 0.009824, -0.003870, 7.360096
21460000, 0.029025, -0.051533, 7.685892
21470000, 0.033339, -0.096815, 7.676622
21480000, -0.035983, -0.039237, 7.284012
21490000, 0.002657, -0.028793, 7.741053
21500000, -0.063174, -0.016737, 7.529951
21510000, 0.007103, 0.020836, 7.440369
21520000, 0.002791, 0.141195, 7.361233
21530000, -0.090147, 0.282513, 7.081021
21540000, 0.032791, 0.155821, 7.773915
21550000, 0.044171, -0.082724, 7.686984
21560000, 0.201909, 0.070862, 7.500495
21570000, 0.136546, 0.004623, 7.382810
21580000, 0.114410, 0.057454, 7.538419
21590000, 0.053179, 0.087337, 7.739706
21600000, -0.014205, 0.198652, 7.281049
21610000, -0.098424, 0.070920, 6.873353
21620000, -0.171018, -0.097614, 7.599610
21630000, -0.085494, 0.043077, 7.812047
21640000, 0.075852, 0.020111, 7.237709
21650000, -0.014436, 0.126403, 7.700594
21660000, 0.123472, 0.008315, 7.384520
21670000, -0.058320, -0.079477, 7.333066
21680000, 0.125813, 0.011625, 7.531359
21690000, 0.211802, -0.066152, 7.619613
21700000, 0.247322, 0.013653, 7.377853
21710000, 0.148378, 0.004732, 7.559831
21720000, 0.187941, -0.036687, 7.256865
21730000, -0.002291, 0.027161, 7.997465
21740000, 0.190227, 0.002077, 7.305541
21750000, -0.067152, -0.078433, 7.552785
21760000, -0.070750, 0.073669, 7.459016
21770000, -0.103101, 0.159597, 7.350370
21780000, -0.211876, -0.010775, 7.780357
21790000, -0.214414, -0.090119, 7.123078
21800000, -0.013944, 0.158290, 6.849758
21810000, -0.235192, 0.117166, 7.634519
21820000, 0.056931, -0.011892, 7.694868
21830000, 0.065749, -0.001532, 7.122085
21840000, 0.057332, -0.063198, 7.623524
21850000, -0.013746, -0.037055, 7.556791
21860000, 0.007726, -0.099098, 7.793754
21870000, -0.007048, -0.011044, 7.411801
21880000, -0.014649, -0.031060, 7.200996
21890000, -0.028081, 0.063902, 7.848574
21900000, -0.047322, 0.034019, 7.405707
21910000, 0.038283, -0.118985, 7.467955
21920000, 0.003821, -0.118093, 7.645452
21930000, -0.096544, -0.030347, 7.678580
21940000, 0.032563, -0.130752, 7.445495
21950000, 0.121966, -0.246758, 7.386069
21960000, -0.001609, -0.123122, 6.864436
21970000, 0.242439, -0.030160, 6.869130
21980000, 0.360809, 0.139884, 6.701475
21990000, 0.229871, 0.056258, 7.484936
22000000, 0.297163, -0.095725, 7.028320
22010000, 0.200788, 0.077422, 6.867399
22020000, 0.224744, 0.036630, 7.059304
22030000, 0.067994, -0.203354, 7.082250
22040000, -0.058518, -0.015210, 7.142025
22050000, 0.027899, -0.282651, 7.088894
22060000, 0.226834, -0.198517, 7.069824
22070000, 0.271456, -0.081882, 7.155799
22080000, 0.421131, -0.119869, 6.383140
22090000, 0.108246, -0.222685, 7.273655
22100000, 0.224578, -0.019744, 7.093705
22110000, 0.202140, 0.011915, 6.800893
22120000, 0.093035, -0.173950, 7.140485
22130000, 0.054195, -0.101133, 7.198954
22140000, 0.184049, -0.020182, 6.807401
22150000, 0.282246, -0.005612, 7.485151
22160000, 0.133810, -0.101899, 7.015224
22170000, 0.150216, -0.034320, 7.611054
22180000, 0.131489, 0.137789, 7.416496
22190000, 0.202625, -0.008743, 7.228186
22200000, -0.068847, 0.026919, 7.611474
22210000, -0.193305, -0.001129, 7.764080
22220000, -0.029095, -0.041933, 7.235353
22230000, 0.023286, -0.069121, 7.456643
22240000, 0.043759, -0.025913, 7.752400
22250000, -0.184461, -0.060180, 7.768756
22260000, -0.180577, 0.037190, 7.476965
22270000, -0.040594, -0.134241, 7.587971
22280000, -0.138987, 0.062711, 7.266059
22290000, -0.073287, 0.027132, 7.661438
22300000, -0.103875, -0.036715, 7.515009
22310000, -0.135744, -0.061112, 7.479343
22320000, 0.022767, 0.047214, 7.498769
22330000, -0.068170, 0.072021, 7.041008
22340000, -0.201552, 0.083528, 7.592215
22350000, -0.154421, -0.016372, 7.041844
22360000, -0.186207, -0.018611, 7.506789
22370000, -0.140728, -0.203669, 7.329630
22380000, 0.140369, -0.223168, 7.235220
22390000, -0.142498, -0.185627, 7.607771
22400000, 0.108505, -0.143808, 7.528758
22410000, 0.011521, -0.069235, 7.553617
22420000, -0.050009, -0.174179, 7.762809
22430000, -0.089885, 0.033564, 7.821800
22440000, -0.023713, -0.085628, 7.585063
22450000, 0.201254, 0.023577, 7.751184
22460000, 0.141292, -0.078056, 7.106251
22470000, 0.052475, -0.097089, 7.121975
22480000, 0.070496, -0.143031, 7.557470
22490000, 0.119131, -0.050208, 7.774910
22500000, -0.085264, 0.030599, 6.864450
22510000, -0.065265, -0.119637, 7.636494
22520000, -0.035017, 0.034047, 7.558452
22530000, 0.054620, -0.032323, 7.867736
22540000, -0.026139, 0.055582, 7.901741
22550000, -0.167800, -0.091564, 7.641704
22560000, -0.079754, -0.165503, 7.061219
22570000, 0.004769, -0.060280, 7.830831
22580000, -0.189123, -0.036740, 7.461856
22590000, -0.034038, -0.027781, 7.400566
22600000, -0.031234, -0.209059, 6.772030
22610000, 0.198977, -0.008650, 7.703463
22620000, 0.049024, -0.079879, 7.528078
22630000, 0.047749, -0.111678, 7.258743
22640000, 0.036766, 0.012982, 7.543527
22650000, 0.041453, 0.091903, 7.538165
22660000, 0.150163, 0.095101, 7.321418
22670000, -0.045641, 0.006768, 7.261673
22680000, -0.036678, 0.009605, 7.404597
22690000, -0.108449, 0.093054, 7.674300
22700000, -0.068142, 0.017323, 7.624824
22710000, 0.135216, 0.019843, 7.441423
22720000, 0.044954, 0.014570, 7.871870
22730000, -0.004660, 0.160604, 7.416632
22740000, -0.005359, 0.255367, 7.534140
22750000, -0.060921, 0.106857, 7.443621
22760000, 0.024737, 0.072183, 7.808227
22770000, -0.026648, 0.021109, 7.597900
22780000, 0.098004, 0.059032, 7.513960
22790000, 0.020319, 0.037872, 7.483787
22800000, -0.039946, -0.134968, 7.733026
22810000, -0.166358, -0.046717, 7.288084
22820000, 0.022310, -0.039771, 7.571830
22830000, -0.044256, 0.074076, 7.404691
22840000, 0.085155, -0.191156, 7.721272
22850000, -0.022607, 0.020160, 7.787454
22860000, 0.034897, -0.125838, 7.560421
22870000, 0.024388, -0.058097, 7.664874
22880000, 0.063800, -0.173421, 7.126801
22890000, -0.027292, -0.085936, 7.440637
22900000, -0.023006, -0.012804, 7.654602
22910000, 0.064050, -0.108500, 7.379344
22920000, 0.122514, 0.199517, 7.678697
22930000, 0.284253, -0.064512, 7.213156
22940000, 0.019038, 0.078819, 7.091547
22950000, -0.040817, 0.163058, 7.387234
22960000, 0.034726, 0.016409, 7.338478
22970000, -0.012702, 0.163234, 7.612813
22980000, 0.047420, -0.055976, 7.702936
22990000, -0.025958, 0.031799, 7.735958
23000000, 0.071388, 0.035074, 7.122267
23010000, 0.040284, 0.128524, 7.522145
23020000, 0.099427, 0.082269, 7.510186
23030000, -0.025122, 0.057344, 7.778783
23040000, 0.071278, 0.003159, 7.261344
23050000, 0.018699, -0.022617, 7.458489
23060000, -0.098695, -0.053122, 7.567582
23070000, -0.003417, 0.055677, 7.599873
23080000, -0.042300, -0.004186, 7.408123
23090000, -0.084281, 0.029063, 7.589092
23100000, 0.007178, 0.077596, 7.177133
23110000, -0.062664, 0.018629, 7.106269
23120000, -0.073060, -0.054610, 7.094463
23130000, -0.099548, -0.042556, 8.161500
23140000, 0.099501, 0.004873, 7.636383
23150000, 0.088732, -0.079012, 7.499360
23160000, 0.041113, 0.034496, 7.587211
23170000, 0.135672, -0.037353, 7.873548
23180000, -0.025959, -0.000078, 7.250748
23190000, -0.153910, -0.114448, 7.661510
23200000, 0.002749, -0.115931, 7.673359
23210000, 0.018098, 0.002792, 7.276059
23220000, 0.037339, -0.147934, 7.850683
23230000, 0.070409, 0.070079, 7.670685
23240000, -0.074852, 0.004077, 6.841110
23250000, -0.020859, 0.203139, 7.208293
23260000, -0.079148, -0.060447, 8.069696
23270000, -0.119821, 0.047433, 7.134847
23280000, -0.030039, 0.110776, 7.436737
23290000, -0.014272, 0.059530, 7.810500
23300000, 0.159319, -0.003491, 7.366619
23310000, 0.149767, -0.108748, 7.114246
23320000, 0.029782, -0.099099, 7.440840
23330000, -0.143233, -0.008279, 7.957775
23340000, -0.061480, 0.099925, 7.416006
23350000, 0.033877, 0.022791, 8.055043
23360000, 0.104064, 0.155403, 8.017163
23370000, 0.147780, 0.026628, 7.733671
23380000, 0.015445, 0.097238, 7.598597
23390000, 0.011375, -0.019482, 7.762415
23400000, -0.118134, -0.074931, 7.746664
23410000, 0.007117, -0.034930, 7.676119
23420000, 0.164670, -0.063700, 7.822413
23430000, 0.067770, 0.028707, 7.982763
23440000, 0.009223, -0.032758, 7.658142
23450000, 0.058826, -0.016639, 7.644861
23460000, 0.187712, 0.064810, 7.140829
23470000, 0.086742, 0.037427, 7.484007
23480000, 0.010687, -0.003501, 7.237235
23490000, -0.170639, -0.040227, 7.513220
23500000, -0.047811, -0.103951, 7.813103
23510000, 0.103165, 0.105368, 7.285792
23520000, -0.094466, 0.061949, 8.188871
23530000, -0.059693, 0.027808, 7.321669
23540000, -0.056120, -0.049682, 6.520018
23550000, 0.075115, -0.127571, 7.362322
23560000, -0.093716, -0.060752, 6.973862
23570000, -0.163902, -0.140361, 7.555307
23580000, -0.007034, -0.057599, 7.991472
23590000, -0.130450, -0.037041, 7.864017
23600000, 0.000599, 0.062805, 7.526342
23610000, 0.054401, -0.022127, 7.702048
23620000, -0.078753, 0.129278, 7.280147
23630000, -0.004592, 0.000455, 7.951236
23640000, 0.006954, 0.034699, 7.100191
23650000, -0.018429, 0.105622, 7.839240
23660000, -0.059554, 0.087904, 7.795386
23670000, 0.053181, -0.092816, 7.376536
23680000, 0.035199, -0.067899, 7.617647
23690000, 0.158488, -0.076624, 7.797634
23700000, 0.041859, -0.027704, 7.466429
23710000, 0.045724, 0.042103, 7.715365
23720000, 0.038816, -0.130785, 7.832910
23730000, -0.077255, -0.114184, 7.388614
23740000, 0.027871, -0.042160, 7.402231
23750000, 0.065547, 0.019292, 7.443308
23760000, -0.104578, 0.132767, 7.320190
23770000, -0.085249, 0.025925, 7.326749
23780000, -0.058002, 0.046993, 7.935825
23790000, -0.026021, 0.043396, 7.700857
23800000, -0.011154, 0.013361, 7.600255
23810000, -0.101670, 0.205362, 7.178481
23820000, 0.071870, -0.014329, 7.469372
23830000, 0.086434, 0.093865, 7.745093
23840000, 0.193797, -0.069161, 7.558692
23850000, -0.009330, 0.119086, 6.991986
23860000, 0.048657, -0.009931, 7.897463
23870000, -0.014153, -0.177610, 7.474862
23880000, -0.029750, 0.008911, 7.356317
23890000, 0.002003, -0.079992, 7.864952
23900000, 0.069639, 0.028551, 7.363185
23910000, 0.011092, 0.058650, 7.391000
23920000, 0.110104, 0.006984, 7.373635
23930000, 0.056291, 0.232827, 7.519440
23940000, 0.048594, 0.113450, 7.387287
23950000, -0.006075, 0.054492, 7.557506
23960000, -0.157041, -0.091896, 7.167528
23970000, 0.043125, 0.021548, 7.779961
23980000, 0.000516, 0.077192, 7.612168
23990000, 0.038253, 0.109403, 7.545229
24000000, 0.089447, -0.064231, 7.375775
24010000, 0.016976, -0.038586, 7.920677
24020000, 0.036743, -0.010901, 7.528055
24030000, 0.133020, 0.118546, 7.776873
24040000, 0.121021, 0.016891, 7.317692
24050000, 0.027047, 0.088729, 7.304468
24060000, -0.102609, 0.068326, 7.635747
24070000, 0.037769, 0.077321, 7.687580
24080000, 0.062578, -0.112077, 7.398059
24090000, -0.039001, 0.132832, 7.313800
24100000, 0.028131, -0.134033, 7.662090
24110000, 0.118142, 0.013339, 7.653919
24120000, 0.104013, 0.046051, 7.237495
24130000, -0.015578, 0.020597, 7.350288
24140000, 0.106908, 0.058215, 7.587707
24150000, -0.025750, 0.002349, 7.072953
24160000, 0.024674, 0.002680, 7.358420
24170000, 0.086232, 0.070916, 7.406176
24180000, 0.142295, 0.185308, 8.025909
24190000, 0.119314, 0.094977, 7.885899
24200000, 0.101221, 0.089845, 7.952880
24210000, 0.033936, -0.055799, 7.545819
24220000, 0.207596, 0.099271, 7.411284
24230000, 0.023818, -0.065054, 8.132369
24240000, -0.033689, -0.136121, 7.416541
24250000, 0.095067, -0.080260, 7.323113
24260000, 0.054541, 0.025647, 8.012969
24270000, -0.121547, -0.136984, 7.758019
24280000, 0.179490, -0.142032, 7.463452
24290000, 0.090937, 0.037830, 7.689107
24300000, 0.050029, 0.059269, 7.703275
24310000, -0.072668, 0.046527, 7.750759
24320000, 0.145637, 0.027686, 7.888338
24330000, 0.108514, 0.097492, 7.392198
24340000, -0.071206, 0.136300, 7.523130
24350000, 0.080999, 0.147447, 7.373022
24360000, -0.066053, -0.062516, 7.496676
24370000, 0.013601, -0.063680, 7.776961
24380000, -0.045926, 0.035313, 7.685417
24390000, -0.044829, 0.054037, 7.484743
24400000, 0.023067, 0.009978, 7.997984
24410000, -0.088882, -0.133697, 7.364588
24420000, 0.111093, -0.022564, 7.725208
24430000, -0.019173, 0.000246, 7.710451
24440000, 0.014907, 0.001726, 7.880443
24450000, 0.046229, 0.084752, 7.019402
24460000, 0.109493, 0.008525, 7.169162
24470000, -0.089067, -0.072557, 7.907518
24480000, -0.141494, -0.001068, 7.796565
24490000, 0.112532, -0.211750, 7.561302
24500000, -0.012151, -0.022583, 7.872813
24510000, -0.060968, -0.021100, 7.686876
24520000, -0.088121, 0.084126, 7.100608
24530000, 0.134070, -0.012025, 7.483160
24540000, 0.025106, -0.027303, 7.434629
24550000, -0.042257, 0.063201, 7.774013
24560000, -0.032216, -0.113035, 7.269158
24570000, -0.114385, -0.021301, 7.488101
24580000, -0.073067, 0.082005, 6.901219
24590000, 0.085105, 0.084756, 7.603442
24600000, 0.091493, -0.050819, 7.537944
24610000, 0.103124, -0.041923, 7.795360
24620000, 0.167976, 0.074640, 7.714641
24630000, 0.139863, 0.036479, 7.705584
24640000, 0.098010, -0.116411, 7.702287
24650000, 0.090224, -0.040689, 7.491745
24660000, -0.144369, -0.002462, 6.977904
24670000, -0.029188, 0.089739, 7.475788
24680000, -0.004884, -0.013799, 7.727468
24690000, -0.125579, -0.057769, 7.851643
24700000, -0.096154, -0.122676, 8.032438
24710000, -0.084637, 0.016867, 7.136238
24720000, 0.240634, -0.078973, 7.166614
24730000, -0.079562, -0.150871, 7.472670
24740000, -0.038463, 0.011840, 7.320447
24750000, -0.052449, -0.144029, 7.222106
24760000, 0.009089, -0.060425, 7.895627
24770000, -0.007678, -0.090517, 7.545140
24780000, 0.056738, -0.032405, 7.088913
24790000, -0.080108, -0.046777, 7.276268
24800000, -0.042694, -0.018485, 8.049969
24810000, -0.125971, -0.104760, 7.682015
24820000, -0.080857, 0.048536, 7.496615
24830000, 0.046272, 0.058299, 7.272401
24840000, -0.044215, -0.014767, 7.715496
24850000, 0.095295, 0.070258, 7.290462
24860000, -0.093472, -0.032066, 7.537334
24870000, 0.058885, -0.098838, 8.093022
24880000, -0.148002, -0.086361, 8.040439
24890000, 0.023512, 0.145949, 7.393225
24900000, -0.049656, 0.026725, 7.538738
24910000, -0.108876, -0.115238, 7.419243
24920000, -0.029679, 0.088168, 7.576416
24930000, -0.094120, 0.081586, 7.626632
24940000, -0.008902, -0.092279, 7.446630
24950000, 0.016204, -0.043773, 8.022005
24960000, -0.033076, -0.055939, 7.943211
24970000, -0.010241, -0.131654, 7.517078
24980000, -0.086237, -0.007743, 7.673433
24990000, -0.053953, 0.062915, 7.331951
25000000, 0.089098, 0.086747, 7.446691
25010000, 0.102925, 0.132847, 8.154089
25020000, -0.120229, 0.050266, 7.885800
25030000, 0.017687, 0.090803, 7.648586
25040000, -0.068338, 0.083768, 7.539848
25050000, 0.047856, -0.048234, 7.447079
25060000, 0.114466, -0.116402, 7.718330
25070000, -0.011539, -0.135335, 7.282366
25080000, 0.187363, -0.042623, 7.606445
25090000, 0.026250, -0.064935, 7.162724
25100000, 0.102917, 0.093863, 7.521224
25110000, 0.019991, -0.050127, 7.991666
25120000, -0.093818, 0.002217, 7.218844
25130000, -0.017314, 0.067847, 7.245015
25140000, -0.029574, -0.042741, 7.539297
25150000, -0.228719, -0.093761, 7.357225
25160000, -0.109175, -0.013141, 7.277502
25170000, -0.043780, -0.056923, 7.530333
25180000, -0.149311, -0.226355, 6.832041
25190000, -0.201915, 0.028917, 7.299819
25200000, -0.219076, 0.008436, 6.816443
25210000, -0.050516, 0.097265, 7.455099
25220000, -0.160516, 0.175701, 7.024971
25230000, -0.178879, 0.134481, 7.659544
25240000, -0.092810, 0.019379, 7.533428
25250000, 0.047032, 0.017147, 7.555875
25260000, 0.043053, -0.017781, 7.812451
25270000, 0.125144, 0.018880, 7.859762
25280000, 0.134548, -0.043144, 7.186057
25290000, 0.009978, -0.104293, 7.959696
25300000, 0.044811, 0.062457, 8.180008
25310000, 0.033699, 0.121164, 7.646257
25320000, -0.121107, -0.001275, 7.741002
25330000, 0.048974, -0.026094, 7.641944
25340000, 0.063267, -0.105277, 7.619778
25350000, 0.120324, 0.019331, 7.159273
25360000, 0.068883, 0.106626, 7.573612
25370000, -0.002677, 0.039163, 7.843273
25380000, 0.059324, 0.161629, 7.285687
25390000, 0.075259, 0.077274, 7.683296
25400000, 0.024753, 0.013518, 7.514598
25410000, 0.044409, -0.050144, 7.843447
25420000, -0.220602, 0.084713, 7.826442
25430000, 0.104172, 0.165200, 7.695141
25440000, -0.090751, 0.014606, 7.629851
25450000, -0.251251, 0.043317, 6.965610
25460000, -0.071478, 0.055057, 7.574196
25470000, 0.069187, 0.081902, 7.914517
25480000, -0.111974, 0.009046, 7.268674
25490000, -0.057577, 0.051755, 7.242496
25500000, 0.040484, -0.022400, 7.482248
25510000, 0.145354, -0.096419, 7.446531
25520000, 0.075336, -0.153158, 7.564381
25530000, 0.147779, 0.029978, 7.422070
25540000, 0.117713, -0.074861, 7.624679
25550000, 0.065506, -0.134636, 7.418763
25560000, -0.106715, -0.058285, 7.688295
25570000, -0.054700, 0.063163, 7.497293
25580000, 0.074484, -0.069909, 7.806722
25590000, 0.025825, 0.006178, 8.045847
25600000, -0.079133, 0.052954, 7.401889
25610000, -0.108660, 0.105455, 8.019301
25620000, -0.154378, 0.135728, 8.165231
25630000, 0.003441, 0.111041, 7.786814
25640000, -0.135376, 0.033562, 7.854045
25650000, -0.020387, 0.032918, 7.605420
25660000, -0.039922, 0.011142, 8.182972
25670000, -0.034396, 0.040412, 7.714270
25680000, -0.171458, 0.122360, 7.305762
25690000, 0.149267, 0.137341, 7.144837
25700000, 0.199629, -0.008158, 7.465988
25710000, 0.075415, -0.081174, 7.699177
25720000, 0.124531, -0.064683, 7.215038
25730000, 0.036894, -0.055905, 7.572806
25740000, -0.005805, 0.158132, 7.392187
25750000, -0.038278, 0.159574, 7.752349
25760000, 0.103752, 0.256060, 6.904716
25770000, 0.278181, 0.180156, 7.296643
25780000, 0.035471, 0.242562, 7.382438
25790000, -0.007537, 0.105906, 7.510474
25800000, -0.067808, 0.016584, 7.487069
25810000, -0.168430, 0.125641, 7.316071
25820000, -0.051789, 0.049537, 7.549770
25830000, -0.059536, 0.066790, 7.486032
25840000, -0.068793, 0.026275, 7.912953
25850000, -0.061927, -0.130623, 7.610505
25860000, -0.068619, 0.049040, 8.164752
25870000, -0.172820, 0.057487, 8.126607
25880000, -0.005303, -0.032967, 7.728530
25890000, 0.033590, 0.075979, 8.089072
25900000, -0.089161, 0.035516, 7.725832
25910000, -0.035463, 0.065032, 7.552888
25920000, 0.005021, 0.116849, 7.955863
25930000, 0.154035, 0.063805, 7.713890
25940000, 0.048069, -0.005223, 7.532675
25950000, 0.028445, 0.198335, 7.444194
25960000, 0.025275, 0.043671, 7.690789
25970000, 0.084578, 0.103803, 7.744021
25980000, 0.007279, 0.070159, 7.440048
25990000, 0.150903, -0.119717, 7.548232
26000000, 0.024348, -0.049063, 7.603462
26010000, -0.020513, -0.006931, 7.312836
26020000, -0.010399, 0.016858, 7.341735
26030000, 0.107141, -0.024850, 7.943972
26040000, 0.198747, -0.048965, 7.505239
26050000, 0.188038, 0.050522, 7.597159
26060000, 0.057170, 0.112638, 7.457228
26070000, 0.022219, 0.003849, 7.603164
26080000, 0.036429, -0.096833, 7.774824
26090000, 0.214841, 0.015042, 7.501816
26100000, 0.015502, 0.062303, 7.513950
26110000, -0.001974, 0.037447, 7.555016
26120000, 0.018726, 0.035090, 7.707179
26130000, 0.042609, 0.073997, 7.547560
26140000, 0.018626, 0.140564, 7.390538
26150000, -0.061681, 0.098094, 7.913617
26160000, 0.068036, -0.018318, 7.469334
26170000, 0.106037, 0.045093, 7.368255
26180000, 0.005496, 0.087179, 7.389859
26190000, -0.211778, 0.117419, 7.958694
26200000, 0.021826, -0.017980, 7.703694
26210000, 0.016541, -0.193606, 7.446522
26220000, -0.103160, -0.063444, 7.752658
26230000, -0.020801, -0.304973, 7.319027
26240000, -0.090510, -0.164564, 7.313091
26250000, 0.042471, -0.179924, 7.729385
26260000, 0.139044, -0.019116, 7.488424
26270000, 0.062199, -0.058930, 7.213539
26280000, 0.050218, 0.080348, 7.655825
26290000, 0.016985, -0.127587, 8.003734
26300000, 0.038297, -0.072563, 7.442985
26310000, 0.108825, 0.117862, 7.486882
26320000, -0.025054, -0.092532, 6.809164
26330000, 0.020765, 0.038036, 7.713662
26340000, -0.063223, -0.055232, 7.429433
26350000, -0.068146, -0.241722, 7.356703
26360000, -0.044978, -0.076107, 7.554338
26370000, -0.172199, -0.051974, 7.654915
26380000, -0.224511, -0.223592, 7.470612
26390000, -0.239951, -0.127510, 7.494938
26400000, -0.083219, -0.194003, 7.257615
26410000, -0.138361, -0.048622, 7.500676
26420000, 0.011600, 0.048676, 7.833273
26430000, 0.008387, -0.053841, 7.286834
26440000, 0.052441, 0.071817, 7.722318
26450000, 0.055451, 0.033399, 7.253317
26460000, 0.126418, 0.040210, 7.879215
26470000, 0.177002, -0.100116, 7.462494
26480000, -0.036688, 0.162296, 7.518828
26490000, -0.033351, 0.029057, 7.454143
26500000, -0.064301, 0.096329, 7.371882
26510000, -0.032777, -0.083433, 7.779534
26520000, -0.002888, -0.067913, 7.735641
26530000, 0.113163, 0.118233, 7.658033
26540000, 0.121462, -0.055637, 7.669271
26550000, 0.067297, -0.133127, 7.176793
26560000, 0.070217, 0.003232, 7.284015
26570000, -0.055878, -0.023248, 7.892338
26580000, 0.018327, 0.029613, 7.973234
26590000, 0.127255, 0.135319, 7.735590
26600000, 0.037789, 0.183045, 6.983098
26610000, -0.071300, 0.036350, 7.488559
26620000, 0.111929, -0.062999, 7.653245
26630000, 0.040941, -0.058214, 7.108047
26640000, 0.099453, -0.035001, 7.662224
26650000, -0.082484, 0.039858, 7.833037
26660000, -0.187505, 0.028945, 7.248944
26670000, 0.007540, -0.080106, 7.890503
26680000, -0.044390, -0.013151, 8.014383
26690000, 0.056369, -0.100769, 7.591690
26700000, 0.003482, -0.141786, 7.758621
26710000, 0.176642, -0.025538, 7.348077
26720000, 0.078611, -0.023562, 7.456224
26730000, 0.201608, -0.148389, 7.196396
26740000, 0.067293, -0.016109, 7.646201
26750000, 0.165906, 0.019404, 7.902777
26760000, 0.098103, -0.004017, 7.727761
26770000, 0.094541, 0.147753, 7.366480
26780000, 0.003637, 0.103479, 7.714834
26790000, -0.042608, 0.039644, 7.799174
26800000, 0.025153, 0.007894, 6.927844
26810000, -0.017760, -0.023010, 7.641641
26820000, -0.144167, 0.132683, 7.286604
26830000, 0.056427, 0.147203, 7.945861
26840000, 0.095023, 0.041144, 7.430985
26850000, 0.084444, 0.075731, 7.571715
26860000, 0.145475, -0.078855, 7.587261
26870000, 0.125771, 0.044392, 8.061222
26880000, -0.033221, -0.095884, 7.842534
26890000, 0.049811, -0.052805, 7.768098
26900000, 0.028221, 0.181870, 7.387150
26910000, 0.075751, 0.218243, 7.547760
26920000, 0.076402, 0.114956, 7.744840
26930000, 0.013684, -0.072972, 7.334306
26940000, -0.041227, -0.114073, 7.797493
26950000, 0.034824, -0.060698, 7.772797
26960000, -0.126069, 0.007602, 7.826671
26970000, -0.116861, 0.101144, 7.597037
26980000, -0.043078, 0.022753, 7.468711
26990000, -0.028764, -0.021767, 7.886663
27000000, 0.004797, -0.039951, 7.744686
27010000, -0.026301, -0.056699, 7.589625
27020000, -0.040697, -0.048964, 7.276174
27030000, 0.024545, -0.107827, 7.835271
27040000, -0.054263, 0.003292, 7.492022
27050000, -0.039207, -0.013406, 7.785523
27060000, 0.018508, 0.064006, 7.165090
27070000, 0.032153, 0.025899, 7.032069
27080000, -0.009071, -0.088735, 7.469914
27090000, 0.004250, -0.158557, 7.630358
27100000, 0.004090, 0.087644, 7.197231
27110000, 0.104683, 0.054759, 7.387310
27120000, -0.017887, 0.030880, 8.332480
27130000, 0.075890, -0.157141, 7.328623
27140000, 0.127388, -0.164051, 7.574220
27150000, 0.190987, 0.153943, 7.146478
27160000, 0.180572, 0.043180, 7.320008
27170000, 0.050506, 0.235365, 7.136356
27180000, -0.139118, 0.020453, 6.904682
27190000, -0.035793, -0.114998, 7.363118
27200000, -0.153667, -0.224512, 7.337644
27210000, -0.030832, 0.001127, 7.489734
27220000, 0.133755, -0.082583, 7.399920
27230000, -0.092119, 0.034596, 7.660931
27240000, -0.033984, 0.083617, 7.312956
27250000, -0.114799, -0.010476, 7.248769
27260000, 0.098699, 0.091224, 7.243614
27270000, -0.068386, -0.129463, 7.265756
27280000, 0.032500, 0.005238, 7.909134
27290000, 0.021792, 0.004504, 7.775686
27300000, -0.053033, -0.052869, 7.477727
27310000, -0.095210, 0.079262, 7.762047
27320000, -0.040404, -0.192890, 7.622683
27330000, 0.079667, -0.033319, 7.704869
27340000, 0.212747, -0.029499, 6.607421
27350000, 0.240944, -0.049211, 7.423943
27360000, 0.122049, -0.021012, 7.092965
27370000, -0.087498, 0.053391, 7.145506
27380000, -0.094072, 0.108373, 6.806337
27390000, -0.092687, -0.005410, 7.111883
27400000, 0.015129, 0.187654, 7.050366
27410000, 0.020103, -0.069642, 6.799115
27420000, 0.110611, -0.059961, 7.263320
27430000, -0.046684, -0.090279, 7.555278
27440000, 0.049115, -0.015848, 7.538822
27450000, -0.063345, -0.012864, 7.420223
27460000, -0.000554, -0.192191, 7.328756
27470000, -0.074272, 0.104758, 7.655322
27480000, -0.061067, 0.062732, 7.555107
27490000, -0.131688, 0.108570, 7.726792
27500000, 0.071311, 0.221217, 7.188410
27510000, -0.077785, 0.032175, 7.610886
27520000, -0.074569, 0.001816, 7.429341
27530000, 0.022965, -0.063928, 7.288489
27540000, 0.021633, 0.076954, 7.643644
27550000, 0.132843, 0.115753, 7.244717
27560000, 0.052841, 0.056745, 7.769406
27570000, 0.041735, 0.233013, 7.426577
27580000, 0.096643, 0.074033, 7.660075
27590000, -0.164938, 0.079992, 7.563722
27600000, -0.128713, 0.006026, 7.607509
27610000, -0.015935, -0.049468, 7.640256
27620000, 0.138394, 0.041293, 7.589183
27630000, 0.068295, 0.111184, 7.671678
27640000, 0.035318, 0.166604, 7.315221
27650000, 0.089342, -0.121127, 6.857831
27660000, -0.120046, -0.054649, 7.270948
27670000, -0.150307, -0.044113, 7.162714
27680000, -0.089075, 0.106273, 7.421812
27690000, 0.042619, -0.032100, 7.568304
27700000, 0.014927, 0.002809, 7.122894
27710000, -0.168695, -0.014348, 7.513088
27720000, -0.068258, 0.077850, 7.342440
27730000, 0.001332, 0.017036, 7.318337
27740000, -0.003759, 0.032641, 7.891282
27750000, 0.043824, 0.043328, 8.114934
27760000, 0.087784, -0.074627, 7.362120
27770000, -0.008775, -0.069408, 7.293001
27780000, -0.070781, -0.008251, 7.674660
27790000, -0.074109, -0.018736, 8.312498
27800000, -0.065296, -0.030231, 7.794046
27810000, -0.203388, -0.031501, 7.718169
27820000, 0.009151, 0.146544, 7.283936
27830000, -0.058242, 0.260174, 7.114550
27840000, -0.125902, 0.025823, 7.388387
27850000, 0.049111, 0.043375, 7.434657
27860000, -0.032705, -0.059639, 7.640082
27870000, 0.053120, -0.221112, 7.344977
27880000, -0.085895, -0.109897, 7.858304
27890000, 0.063682, 0.083134, 7.854797
27900000, 0.173397, 0.025663, 7.494112
27910000, 0.141032, 0.055483, 7.551376
27920000, -0.031993, 0.080272, 7.430321
27930000, -0.219636, 0.039010, 7.530451
27940000, 0.109132, 0.008445, 7.236475
27950000, 0.006509, -0.033287, 7.155800
27960000, -0.052688, -0.005845, 7.646441
27970000, 0.098904, 0.023190, 7.337506
27980000, -0.062595, -0.101797, 7.596145
27990000, -0.015117, -0.027527, 7.556384
28000000, 0.022181, 0.044920, 7.614703
28010000, -0.095161, -0.170029, 7.402403
28020000, -0.050878, 0.004823, 7.533547
28030000, -0.087215, 0.108369, 7.628390
28040000, -0.100844, 0.088029, 7.677159
28050000, 0.030232, 0.068669, 7.146630
28060000, -0.067862, 0.008046, 7.151624
28070000, 0.010830, -0.023564, 7.796552
28080000, -0.013801, -0.107742, 7.812739
28090000, -0.080827, 0.006276, 7.584980
28100000, -0.135634, -0.064973, 7.828155
28110000, 0.045708, 0.101831, 7.331898
28120000, 0.019740, -0.041466, 7.389907
28130000, 0.014003, 0.002913, 7.461678
28140000, 0.058637, -0.005921, 7.644306
28150000, -0.172616, -0.115692, 7.577712
28160000, -0.017428, -0.221948, 7.426105
28170000, -0.046476, 0.055954, 7.563756
28180000, 0.005525, -0.001819, 7.700133
28190000, -0.004776, 0.004133, 7.310729
28200000, 0.004660, -0.109741, 7.521550
28210000, 0.213042, -0.023045, 7.370644
28220000, 0.076232, -0.051435, 7.759946
28230000, 0.155302, 0.009327, 7.586047
28240000, 0.092045, 0.090886, 7.503466
28250000, 0.021850, 0.097542, 7.949609
28260000, -0.007487, -0.105332, 7.636022
28270000, 0.009782, 0.052281, 7.672036
28280000, 0.218935, 0.072032, 7.083949
28290000, 0.073102, 0.080295, 7.421387
28300000, 0.025013, 0.060821, 7.536716
28310000, 0.113842, -0.045775, 7.275459
28320000, 0.123030, -0.049879, 7.489065
28330000, 0.047083, -0.036990, 7.746824
28340000, -0.112538, 0.000405, 7.759258
28350000, 0.054657, 0.033069, 7.443592
28360000, 0.145147, -0.086227, 7.190067
28370000, -0.030457, -0.176133, 7.849278
28380000, 0.021236, -0.162582, 7.908563
28390000, -0.003170, -0.219003, 7.381321
28400000, 0.100575, -0.002977, 7.838149
28410000, 0.038451, 0.008174, 7.331482
28420000, -0.133040, 0.090107, 7.694310
28430000, -0.029045, 0.077290, 7.533143
28440000, -0.037144, -0.027714, 7.113643
28450000, -0.149164, -0.159688, 7.881475
28460000, -0.065796, 0.040386, 7.592333
28470000, 0.167618, 0.146882, 8.010921
28480000, 0.112282, 0.022097, 7.096895
28490000, 0.061319, -0.067137, 7.324834
28500000, -0.038046, -0.058198, 7.250658
28510000, 0.068315, -0.101687, 7.853241
28520000, 0.087440, -0.152523, 7.386343
28530000, 0.099603, -0.113801, 7.731244
28540000, -0.053460, 0.038797, 8.099024
28550000, -0.080180, 0.110533, 7.552227
28560000, -0.084502, -0.098424, 7.549553
28570000, -0.132123, -0.162609, 7.867298
28580000, -0.091399, -0.114741, 7.866098
28590000, -0.078634, -0.093777, 7.200880
28600000, -0.102424, -0.048550, 7.640945
28610000, -0.095978, 0.082673, 7.357296
28620000, -0.097820, 0.017637, 7.432956
28630000, -0.078852, -0.131439, 7.575636
28640000, -0.132033, -0.080157, 7.572104
28650000, -0.173225, 0.036352, 7.821615
28660000, 0.006963, 0.033819, 7.717830
28670000, -0.029391, -0.145660, 7.970389
28680000, -0.032029, -0.054965, 7.692711
28690000, -0.036971, -0.166004, 7.606789
28700000, -0.065336, -0.131475, 7.795869
28710000, -0.070455, 0.021384, 7.616536
28720000, 0.063022, -0.085952, 7.603624
28730000, 0.073492, -0.017719, 7.674450
28740000, 0.146083, -0.175268, 7.436123
28750000, 0.266520, -0.127812, 7.512311
28760000, 0.054820, 0.050289, 7.847160
28770000, 0.060713, 0.025822, 7.732654
28780000, -0.110481, -0.044828, 7.294660
28790000, 0.008556, 0.042419, 8.067935
28800000, -0.159492, -0.000419, 7.711762
28810000, -0.018069, -0.092331, 7.845856
28820000, -0.084852, 0.192521, 7.475609
28830000, 0.035011, 0.048663, 7.725572
28840000, -0.060603, -0.063784, 7.888472
28850000, 0.136972, 0.063018, 7.627322
28860000, 0.030932, -0.003852, 7.748665
28870000, -0.033804, 0.101529, 7.803459
28880000, -0.076361, 0.027375, 7.841328
28890000, 0.056622, 0.103333, 7.100052
28900000, -0.136172, 0.170967, 7.201207
28910000, -0.246996, -0.071953, 7.387376
28920000, -0.100806, 0.013225, 7.508326
28930000, -0.103085, -0.020993, 7.900612
28940000, -0.044711, -0.103606, 7.506802
28950000, -0.018950, -0.129920, 7.553121
28960000, 0.000564, -0.037853, 7.761508
28970000, 0.091831, -0.140714, 7.492166
28980000, -0.009963, -0.096286, 7.202267
28990000, -0.056434, -0.116645, 7.327649
29000000, -0.006262, 0.009518, 7.439279
29010000, -0.058221, -0.071476, 7.474919
29020000, 0.087062, 0.038929, 7.300370
29030000, -0.029721, 0.047696, 7.367394
29040000, -0.019794, 0.088905, 7.831110
29050000, -0.011937, -0.070590, 7.772304
29060000, 0.051000, -0.130628, 7.769042
29070000, 0.022902, -0.030839, 7.858167
29080000, 0.076777, -0.059595, 7.884771
29090000, -0.047285, -0.067318, 7.585657
29100000, -0.118887, 0.032291, 7.701442
29110000, -0.023808, -0.027777, 7.650520
29120000, 0.030271, -0.024530, 7.552787
29130000, -0.112677, -0.121939, 7.900834
29140000, -0.006939, 0.006664, 7.505905
29150000, -0.004386, 0.037463, 7.538185
29160000, -0.056345, 0.044388, 7.931959
29170000, 0.118991, 0.125012, 7.614653
29180000, -0.027631, -0.002571, 7.746440
29190000, -0.093231, 0.014500, 8.351572
29200000, 0.010198, -0.016035, 8.088693
29210000, -0.150037, 0.081343, 7.884176
29220000, -0.071584, -0.020904, 7.817968
29230000, 0.008481, -0.031376, 7.443483
29240000, -0.144232, 0.073054, 7.831820
29250000, 0.055401, -0.069349, 7.552628
29260000, 0.150037, -0.092274, 7.511320
29270000, 0.050248, -0.143174, 7.704589
29280000, 0.093477, -0.030321, 7.200913
29290000, 0.050311, -0.042449, 7.912610
29300000, 0.100985, 0.130028, 7.436304
29310000, 0.023793, -0.008606, 7.606656
29320000, -0.099450, 0.025818, 7.479678
29330000, -0.077823, 0.101016, 7.681668
29340000, -0.065747, 0.047649, 7.595719
29350000, 0.067925, 0.276391, 7.251038
29360000, -0.005222, 0.192250, 7.459708
29370000, -0.044789, 0.212787, 7.248237
29380000, 0.001667, 0.117991, 7.549124
29390000, -0.125315, 0.153104, 7.249921
29400000, 0.025828, 0.339185, 7.155743
29410000, 0.046426, 0.131080, 6.940956
29420000, -0.101358, 0.372118, 7.350473
29430000, -0.138820, 0.226774, 7.040188
29440000, 0.113580, 0.189554, 6.844515
29450000, 0.224054, 0.117371, 7.040652
29460000, 0.148201, 0.300259, 7.413944
29470000, 0.229233, 0.030313, 7.406203
29480000, 0.137231, -0.057343, 7.337870
29490000, 0.016667, 0.040213, 7.540302
29500000, 0.078073, 0.106467, 7.149586
29510000, 0.088992, 0.003535, 7.280706
29520000, 0.004674, 0.005611, 7.998387
29530000, -0.020574, 0.039960, 7.490793
29540000, 0.137416, 0.050582, 7.694249
29550000, 0.148314, -0.085275, 6.949273
29560000, 0.042564, -0.079122, 7.780403
29570000, 0.054552, -0.195027, 7.242835
29580000, 0.089183, -0.186578, 6.961014
29590000, 0.005546, -0.291384, 7.091177
29600000, 0.049505, -0.060596, 7.721084
29610000, 0.091612, -0.014996, 7.712874
29620000, 0.072527, 0.088647, 7.853966
29630000, 0.123873, -0.064547, 7.799233
29640000, 0.004006, -0.146443, 7.528337
29650000, -0.191711, -0.060784, 7.743721
29660000, -0.132026, 0.056626, 7.289981
29670000, -0.014810, -0.018223, 8.145621
29680000, 0.015575, 0.128603, 7.449406
29690000, 0.070182, 0.044253, 7.590194
29700000, 0.054687, 0.051687, 8.087710
29710000, 0.067908, 0.044177, 7.477933
29720000, -0.065961, 0.127185, 7.416632
29730000, -0.004403, -0.200356, 8.120428
29740000, -0.157537, 0.002614, 7.217078
29750000, -0.176189, -0.026810, 8.095104
29760000, -0.097315, -0.230130, 7.468622
29770000, -0.173210, -0.265298, 7.092709
29780000, -0.132940, -0.336302, 7.105268
29790000, -0.054244, -0.030433, 7.178509
29800000, -0.178413, -0.058086, 7.426526
29810000, 0.105752, -0.133559, 7.271569
29820000, 0.135540, -0.043038, 7.348348
29830000, 0.096231, -0.124756, 7.642347
29840000, 0.210818, -0.117316, 7.112975
29850000, 0.147864, -0.109239, 7.318364
29860000, 0.269588, -0.088019, 7.470291
29870000, 0.116764, -0.258093, 7.426010
29880000, 0.053512, -0.038241, 7.067101
29890000, 0.087235, -0.193092, 7.632291
29900000, 0.102830, -0.233549, 7.620835
29910000, -0.050000, 0.013995, 7.318235
29920000, -0.017957, -0.010617, 7.679229
29930000, -0.069899, 0.044287, 7.152129
29940000, 0.115188, -0.000082, 7.491741
29950000, -0.059935, 0.074827, 7.108609
29960000, 0.029632, 0.081393, 7.718771
29970000, 0.014201, 0.074766, 7.679070
29980000, 0.123087, 0.033156, 7.481247
29990000, 0.051242, -0.075924, 7.334915
30000000, -0.015353, 0.110953, 7.681772
30010000, 0.056690, 0.012151, 7.330240
30020000, 0.004955, -0.001272, 7.532418
30030000, -0.038472, 0.060861, 7.459786
30040000, 0.063260, -0.061534, 7.616773
30050000, 0.038128, -0.137275, 7.551562
30060000, 0.031965, -0.006847, 7.771290
30070000, 0.165690, 0.053232, 7.654316
30080000, 0.042446, 0.011180, 7.728362
30090000, -0.110440, 0.024698, 7.567050
30100000, 0.065950, 0.081715, 7.836388
30110000, -0.025036, 0.123256, 7.315914
30120000, -0.001939, 0.151389, 7.465312
30130000, -0.062596, 0.006829, 7.233546
30140000, 0.016428, 0.067635, 7.357277
30150000, 0.126542, -0.138943, 7.636713
30160000, 0.037790, 0.087682, 7.792225
30170000, -0.006766, -0.039974, 7.318293
30180000, -0.023621, 0.016765, 7.073084
30190000, -0.090819, 0.128183, 7.421366
30200000, -0.056050, 0.154185, 7.055969
30210000, -0.051188, 0.041339, 7.713112
30220000, -0.067583, 0.087927, 8.091648
30230000, 0.014223, -0.024678, 7.651412
30240000, 0.102134, -0.073332, 7.226506
30250000, 0.016486, -0.022058, 7.742336
30260000, 0.064479, -0.120223, 7.806653
30270000, 0.017797, -0.134809, 7.698068
30280000, -0.031567, -0.203584, 7.799889
30290000, 0.010607, -0.223249, 7.459984
30300000, 0.124271, -0.154204, 7.217284
30310000, -0.029106, -0.096546, 7.544576
30320000, 0.036448, -0.235611, 7.280205
30330000, 0.103600, -0.250437, 7.314871
30340000, 0.131826, -0.154515, 7.014956
30350000, 0.164094, 0.009545, 7.977832
30360000, 0.178270, 0.113168, 7.620013
30370000, -0.037159, -0.001606, 7.993509
30380000, -0.024089, -0.037066, 7.374296
30390000, -0.032980, 0.126939, 7.564464
30400000, 0.008331, -0.009137, 7.483358
30410000, -0.009554, -0.021161, 7.456569
30420000, -0.155739, 0.140129, 7.551650
30430000, 0.091257, 0.048136, 7.273947
30440000, 0.156852, 0.030927, 7.409897
30450000, 0.247185, 0.040333, 7.276963
30460000, -0.029549, 0.161295, 7.228881
30470000, 0.055665, 0.138968, 7.144020
30480000, -0.068881, 0.145649, 7.779496
30490000, -0.236909, -0.010408, 7.862668
30500000, 0.010347, 0.064061, 7.717811
30510000, -0.046437, -0.026198, 7.756573
30520000, -0.053837, 0.127029, 7.681266
30530000, 0.036465, 0.015723, 7.836558
30540000, -0.067588, -0.077106, 7.703510
30550000, 0.052448, 0.016168, 7.425606
30560000, 0.006495, 0.111590, 7.517305
30570000, 0.006792, 0.117099, 7.428772
30580000, -0.115723, -0.027029, 7.765740
30590000, -0.055721, 0.085975, 7.833985
30600000, -0.280506, 0.092395, 7.257042
30610000, -0.187557, 0.120584, 8.237382
30620000, 0.027682, 0.030233, 7.126937
30630000, -0.120084, 0.006349, 7.703394
30640000, 0.076540, 0.176766, 7.559481
30650000, 0.038048, 0.095053, 7.775260
30660000, -0.023794, 0.015972, 7.491506
30670000, -0.165299, 0.005184, 7.439277
30680000, 0.004585, 0.004786, 7.331458
30690000, -0.072937, 0.180421, 6.827146
30700000, 0.007381, 0.089654, 7.686506
30710000, 0.036302, -0.036078, 7.663421
30720000, -0.162376, -0.160661, 7.537733
30730000, -0.023426, 0.058441, 7.956964
30740000, 0.046871, 0.016410, 7.875670
30750000, -0.067033, 0.080295, 7.674795
30760000, -0.120125, -0.027666, 7.722396
30770000, -0.005376, 0.128213, 7.608548
30780000, -0.198517, 0.061763, 7.589049
30790000, 0.071815, 0.132906, 7.513032
30800000, -0.069497, 0.026222, 7.487081
30810000, 0.038777, 0.142046, 7.833945
30820000, 0.017257, -0.025186, 7.530821
30830000, 0.095516, -0.068921, 7.433087
30840000, 0.046462, 0.062994, 8.063914
30850000, -0.097887, -0.108802, 7.867917
30860000, -0.009339, -0.211899, 7.438228
30870000, 0.080462, 0.119513, 7.194694
30880000, 0.103052, 0.004432, 7.206111
30890000, 0.018703, 0.029607, 7.271592
30900000, 0.053752, -0.005517, 7.593456
30910000, 0.151773, 0.078051, 7.515988
30920000, -0.005956, 0.111468, 7.834444
30930000, -0.009363, -0.024850, 7.942495
30940000, -0.068149, -0.058708, 7.536448
30950000, -0.116209, -0.111961, 7.797360
30960000, 0.021162, 0.119555, 7.975311
30970000, 0.018929, 0.025602, 8.105821
30980000, 0.062399, 0.125001, 7.591633
30990000, 0.069351, 0.044562, 7.439550
31000000, -0.021236, 0.016121, 7.443517
31010000, 0.166476, 0.064499, 7.098904
31020000, 0.062665, -0.019518, 7.439952
31030000, 0.087159, 0.115095, 7.398184
31040000, 0.061220, 0.025618, 7.405847
31050000, 0.232306, 0.175850, 7.180886
31060000, -0.062347, 0.049556, 7.540467
31070000, -0.055891, 0.005782, 7.811467
31080000, -0.050613, 0.128974, 7.952495
31090000, 0.029298, -0.171574, 7.546652
31100000, -0.012705, 0.012542, 7.658156
31110000, -0.089425, -0.029707, 7.165071
31120000, -0.010963, -0.042337, 7.729121
31130000, -0.006889, -0.020767, 7.086723
31140000, 0.003570, -0.062821, 7.285744
31150000, 0.062912, -0.027437, 7.598700
31160000, -0.021659, -0.052792, 7.665186
31170000, 0.022277, -0.082861, 6.967368
31180000, -0.061104, -0.099275, 7.663914
31190000, 0.229060, -0.008463, 7.522745
31200000, -0.025604, 0.139777, 7.201753
31210000, 0.068215, 0.068179, 7.847541
31220000, 0.141531, 0.064144, 7.376490
31230000, 0.024668, 0.146374, 7.363655
31240000, -0.098624, 0.135189, 7.372759
31250000, 0.080030, 0.139450, 7.568472
31260000, 0.128640, 0.039527, 7.120935
31270000, -0.022978, -0.076339, 7.623569
31280000, -0.065859, 0.122597, 8.063210
31290000, 0.033938, 0.073351, 7.120694
31300000, -0.144621, -0.109385, 7.931330
31310000, 0.081180, 0.129456, 7.675080
31320000, -0.044039, -0.109360, 7.836146
31330000, -0.020242, -0.071804, 7.524039
31340000, 0.104282, -0.030672, 7.575460
31350000, 0.010520, 0.021294, 7.615270
31360000, -0.059463, -0.034048, 7.685426
31370000, 0.024633, -0.080850, 7.585716
31380000, 0.145403, -0.047978, 8.100342
31390000, 0.013864, 0.011121, 8.033670
31400000, -0.122390, -0.098215, 7.767320
31410000, -0.173349, -0.196710, 7.468134
31420000, -0.197543, -0.166848, 6.773981
31430000, 0.179467, -0.279063, 7.158926
31440000, 0.213524, 0.099774, 7.496911
31450000, 0.258634, -0.082305, 7.368775
31460000, 0.025711, -0.010124, 7.725291
31470000, 0.046014, 0.023718, 7.982078
31480000, 0.117725, 0.095909, 7.995035
31490000, 0.049295, 0.041635, 7.617451
31500000, 0.059652, -0.093183, 7.482344
31510000, -0.054704, -0.056991, 7.275099
31520000, 0.185297, -0.094528, 7.311375
31530000, 0.085340, -0.051678, 7.898995
31540000, 0.017527, 0.066849, 7.465857
31550000, -0.075419, -0.005487, 7.295027
31560000, -0.148298, 0.031906, 7.413421
31570000, 0.052092, 0.036857, 7.667752
31580000, 0.053593, -0.058400, 7.881220
31590000, -0.016343, -0.028969, 7.895193
31600000, 0.114171, -0.026285, 7.823126
31610000, 0.005593, 0.043459, 7.256992
31620000, -0.111826, -0.039038, 7.612976
31630000, -0.047377, -0.032043, 7.487711
31640000, -0.128880, -0.036356, 7.547876
31650000, -0.180039, 0.054915, 7.382102
31660000, -0.206975, 0.114570, 7.263234
31670000, -0.110892, 0.153501, 7.678245
31680000, -0.080044, 0.088317, 7.065314
31690000, 0.143931, 0.051395, 7.214165
31700000, -0.064338, -0.114141, 7.122349
31710000, 0.155267, 0.049258, 7.336531
31720000, -0.059118, -0.018019, 7.614351
31730000, -0.052462, -0.069926, 8.007274
31740000, -0.041615, 0.094116, 7.448521
31750000, -0.040904, -0.088694, 7.718318
31760000, 0.033468, 0.030096, 7.261195
31770000, 0.093230, -0.030451, 7.616420
31780000, 0.055857, 0.123962, 7.571776
31790000, 0.169794, 0.017635, 7.552605
31800000, 0.040051, 0.100012, 7.279363
31810000, 0.018261, -0.094487, 7.489058
31820000, -0.027062, 0.017117, 7.947424
31830000, -0.096763, -0.054525, 7.691242
31840000, -0.188458, -0.050760, 7.931364
31850000, -0.273967, -0.186125, 7.414417
31860000, -0.022335, -0.027100, 7.332426
31870000, -0.118039, -0.120362, 7.135594
31880000, -0.079173, 0.152952, 7.352214
31890000, -0.011730, 0.073708, 7.611301
31900000, 0.118241, 0.076725, 7.709404
31910000, -0.002202, -0.010452, 8.112880
31920000, -0.006153, -0.036035, 7.765030
31930000, 0.081174, 0.007334, 7.448161
31940000, 0.021077, 0.098821, 7.085740
31950000, -0.155815, 0.047380, 7.553473
31960000, -0.017002, -0.056796, 7.495074
31970000, -0.072962, -0.041108, 7.835714
31980000, -0.133923, 0.096415, 7.611905
31990000, -0.059440, 0.219281, 7.371687
32000000, 0.003305, 0.176593, 7.541834
32010000, 0.050059, 0.021127, 7.633895
32020000, 0.060853, 0.068449, 7.429722
32030000, 0.052011, 0.071207, 7.324982
32040000, -0.027131, -0.042147, 7.585750
32050000, -0.060920, -0.032596, 8.028934
32060000, -0.070109, 0.123513, 7.903669
32070000, 0.009290, 0.020907, 7.183286
32080000, -0.092871, 0.140432, 7.030934
32090000, -0.157156, 0.121763, 7.310353
32100000, 0.148331, -0.068878, 7.265002
32110000, -0.029756, 0.101424, 7.648193
32120000, -0.084942, -0.094498, 7.756660
32130000, -0.005273, -0.028360, 7.670734
32140000, -0.161169, 0.049623, 7.186467
32150000, -0.158647, -0.207683, 7.054872
32160000, 0.046755, -0.060705, 7.213488
32170000, 0.024413, -0.098470, 7.417340
32180000, -0.053366, -0.030498, 7.261841
32190000, -0.008126, -0.130546, 7.547651
32200000, -0.161445, -0.015478, 7.324698
32210000, -0.194219, 0.049516, 7.891501
32220000, -0.135621, 0.045087, 7.444970
32230000, -0.134300, 0.171640, 7.211640
32240000, 0.088713, 0.045328, 7.594286
32250000, 0.032195, -0.024527, 7.181371
32260000, 0.079857, 0.001070, 7.812250
32270000, 0.040763, 0.073204, 7.944649
32280000, 0.023043, -0.027819, 7.879994
32290000, 0.038171, -0.064120, 7.607535
32300000, -0.013444, 0.039721, 7.367102
32310000, 0.109832, 0.076771, 7.181459
32320000, -0.086146, 0.153470, 6.850956
32330000, -0.053718, -0.101725, 7.310234
32340000, 0.089384, -0.089630, 7.925543
32350000, -0.028637, 0.014517, 7.664656
32360000, -0.035605, -0.047091, 7.481885
32370000, -0.019015, -0.010090, 7.297979
32380000, 0.236723, 0.136407, 7.226676
32390000, 0.011366, 0.108007, 7.482968
32400000, -0.084224, -0.042389, 7.420602
32410000, 0.099960, -0.089399, 7.495364
32420000, 0.109684, -0.031940, 7.479088
32430000, 0.117650, -0.008524, 7.541115
32440000, 0.075997, 0.084433, 7.703175
32450000, 0.001097, -0.134092, 7.597377
32460000, -0.008263, 0.065755, 7.784188
32470000, -0.126431, 0.070227, 8.026738
32480000, 0.044724, 0.187833, 7.322587
32490000, 0.004690, 0.080389, 8.032914
32500000, -0.011329, -0.004350, 7.592074
32510000, 0.044544, -0.027672, 7.375938
32520000, 0.143360, -0.135690, 7.396944
32530000, -0.030685, -0.074718, 6.835028
32540000, -0.058015, -0.027535, 7.567295
32550000, -0.001539, -0.081666, 6.797186
32560000, 0.001181, -0.043621, 7.743505
32570000, -0.062303, 0.133393, 7.524768
32580000, -0.051129, 0.138437, 7.229302
32590000, -0.176081, 0.020719, 7.586155
32600000, -0.093673, 0.046805, 7.717767
32610000, 0.012245, -0.039501, 7.717287
32620000, 0.064224, -0.031766, 7.513362
32630000, -0.122550, 0.110787, 7.190926
32640000, -0.183716, -0.008836, 7.735667
32650000, -0.084321, -0.004263, 7.754313
32660000, -0.016220, -0.031767, 7.699391
32670000, 0.124198, -0.186255, 7.964369
32680000, 0.057781, -0.059373, 7.388688
32690000, -0.104944, -0.014908, 6.899573
32700000, -0.055820, -0.055837, 7.225873
32710000, 0.031826, -0.012546, 7.564594
32720000, -0.131120, 0.035700, 7.243314
32730000, 0.030786, 0.052665, 7.258177
32740000, -0.036569, -0.034007, 7.746630
32750000, -0.116319, -0.073041, 7.799011
32760000, 0.211158, -0.090358, 7.986166
32770000, 0.063532, -0.040405, 7.384010
32780000, -0.085033, -0.122078, 7.786254
32790000, -0.141498, 0.070845, 7.571357
32800000, -0.036744, -0.020732, 7.177454
32810000, -0.094464, 0.002092, 7.654621
32820000, 0.115796, 0.031134, 7.976582
32830000, -0.028084, -0.028942, 7.363966
32840000, -0.126262, 0.011305, 7.267460
32850000, -0.079277, -0.121913, 7.406750
32860000, -0.040001, -0.082270, 7.727588
32870000, -0.012598, -0.055559, 7.633486
32880000, -0.030561, 0.065179, 7.338812
32890000, 0.107003, 0.030448, 7.070728
32900000, -0.042185, 0.028189, 7.583644
32910000, -0.090640, 0.037140, 7.197865
32920000, -0.050452, -0.007839, 7.649825
32930000, -0.180220, -0.118091, 7.830567
32940000, 0.041534, -0.022874, 7.689165
32950000, -0.037923, -0.192318, 7.600225
32960000, 0.116494, 0.054187, 7.457134
32970000, 0.139858, 0.094870, 7.652871
32980000, 0.064921, -0.045641, 7.599621
32990000, -0.031893, 0.046818, 7.662427
33000000, -0.026224, -0.092470, 7.627880
33010000, 0.037545, 0.042958, 7.681433
33020000, -0.042162, 0.111488, 7.398643
33030000, 0.043966, -0.073305, 7.312801
33040000, 0.102984, -0.053658, 7.811003
33050000, 0.131928, 0.131657, 7.725970
33060000, 0.202166, 0.037977, 7.696752
33070000, -0.089118, -0.050442, 8.005279
33080000, 0.094798, 0.250798, 7.499794
33090000, 0.099800, -0.029158, 7.247440
33100000, 0.046580, -0.013871, 7.240904
33110000, -0.071363, -0.027015, 7.728577
33120000, -0.104006, 0.021764, 7.577078
33130000, -0.074396, 0.140809, 7.479243
33140000, 0.026309, -0.007667, 7.269735
33150000, -0.010118, -0.074369, 7.540480
33160000, 0.149297, 0.092327, 7.334289
33170000, 0.142313, 0.019872, 7.139407
33180000, 0.148862, -0.015778, 7.409282
33190000, 0.034673, 0.095814, 7.081848
33200000, -0.010874, 0.108787, 7.379475
33210000, -0.066061, 0.057471, 7.648343
33220000, 0.036372, 0.004745, 7.655788
33230000, -0.052287, 0.037111, 7.809807
33240000, -0.027091, 0.035349, 7.763351
33250000, 0.033175, 0.203501, 7.506412
33260000, -0.049136, 0.008882, 7.576031
33270000, -0.067165, 0.004421, 7.425782
33280000, -0.078345, 0.125551, 7.505167
33290000, 0.037435, 0.033058, 7.402024
33300000, -0.200461, 0.011333, 7.331260
33310000, -0.092421, 0.053382, 7.384391
33320000, -0.007189, 0.149777, 7.286882
33330000, -0.051702, 0.022840, 7.493703
33340000, -0.121144, 0.013463, 7.579012
33350000, -0.010812, 0.044897, 8.056844
33360000, 0.136140, 0.102763, 7.618633
33370000, 0.156473, 0.072675, 7.754449
33380000, -0.109930, 0.025420, 7.202594
33390000, 0.022265, 0.012280, 8.062863
33400000, 0.090373, 0.143820, 7.014934
33410000, 0.086954, 0.002416, 7.208609
33420000, 0.070900, -0.131902, 7.448491
33430000, -0.195161, 0.030915, 7.948836
33440000, 0.099978, -0.135921, 7.612647
33450000, -0.004903, -0.174792, 7.260842
33460000, 0.104820, -0.054764, 8.044730
33470000, 0.063320, -0.028637, 7.651503
33480000, 0.129430, 0.163092, 7.934420
33490000, 0.048555, 0.105060, 7.552305
33500000, 0.177353, -0.068468, 7.246859
33510000, 0.100484, 0.070379, 7.419770
33520000, 0.122504, 0.154068, 7.144147
33530000, -0.015852, -0.028354, 7.554630
33540000, 0.080211, 0.078538, 7.196660
33550000, 0.183953, 0.175644, 7.703968
33560000, 0.068704, 0.024742, 7.823308
33570000, -0.013075, -0.066473, 7.659037
33580000, 0.052239, -0.078000, 7.784156
33590000, -0.128763, -0.108965, 7.444906
33600000, 0.049194, 0.014000, 7.819144
33610000, -0.086349, 0.106193, 7.578543
33620000, 0.057522, -0.071885, 7.379241
33630000, -0.004381, -0.036540, 7.187290
33640000, 0.079855, -0.190941, 7.599830
33650000, -0.015710, -0.221822, 7.280515
33660000, -0.001815, -0.126855, 7.234049
33670000, -0.017458, -0.100028, 7.550968
33680000, 0.065857, -0.073930, 7.134790
33690000, 0.107338, 0.043139, 6.991531
33700000, 0.008416, 0.023093, 7.298441
33710000, -0.172422, -0.117053, 7.957023
33720000, 0.094815, -0.079408, 7.673619
33730000, -0.025109, -0.151176, 7.769251
33740000, 0.054600, 0.002649, 7.448299
33750000, -0.062435, 0.045662, 7.575929
33760000, 0.002986, 0.093235, 7.543468
33770000, 0.133239, -0.152531, 7.895261
33780000, 0.058814, 0.026393, 7.499247
33790000, 0.043905, -0.069469, 7.642120
33800000, -0.062153, 0.038460, 7.848262
33810000, 0.006872, -0.003837, 7.908003
33820000, -0.079116, 0.100658, 7.402242
33830000, -0.045339, 0.067780, 7.673741
33840000, -0.024407, -0.005478, 7.500695
33850000, -0.102850, -0.050098, 7.799938
33860000, 0.093744, -0.038111, 7.209430
33870000, -0.152953, -0.008655, 7.054239
33880000, -0.130283, -0.032710, 7.717206
33890000, -0.094629, -0.046133, 7.371348
33900000, -0.205460, 0.061805, 7.766191
33910000, -0.089399, -0.043481, 7.307155
33920000, -0.059973, 0.200361, 7.349805
33930000, 0.159073, 0.100395, 7.713304
33940000, 0.028141, -0.029625, 7.107313
33950000, 0.140192, -0.091457, 7.468944
33960000, 0.059282, 0.022428, 7.014327
33970000, 0.032125, 0.003424, 7.714072
33980000, 0.046589, -0.110269, 7.512568
33990000, 0.189659, -0.004662, 7.417997
34000000, 0.111801, 0.100586, 7.617074
34010000, -0.063708, 0.155825, 7.581245
34020000, 0.008054, 0.057854, 7.468388
34030000, 0.112220, -0.023580, 7.636018
34040000, 0.121231, -0.047903, 7.427874
34050000, 0.188813, 0.027243, 6.859994
34060000, 0.043817, -0.115891, 7.156197
34070000, 0.103002, -0.201862, 6.752910
34080000, 0.040601, -0.266951, 7.213755
34090000, 0.084682, -0.187846, 7.188222
34100000, 0.029817, -0.186744, 7.368150
34110000, -0.060281, 0.086791, 7.616873
34120000, 0.056932, 0.006589, 7.567887
34130000, 0.106952, -0.050335, 7.810736
34140000, -0.126949, -0.352451, 7.061390
34150000, -0.158174, 0.009469, 7.026561
34160000, -0.175038, -0.000598, 7.660321
34170000, 0.084850, -0.015872, 7.827143
34180000, 0.023462, 0.044922, 7.827288
34190000, -0.021122, 0.058163, 6.979061
34200000, -0.043822, -0.013312, 7.422647
34210000, 0.097643, 0.073259, 7.618898
34220000, -0.088374, 0.004466, 7.653456
34230000, 0.077343, 0.022299, 7.759121
34240000, -0.092562, -0.070518, 7.371676
34250000, 0.105166, -0.022770, 7.609448
34260000, 0.050846, -0.007516, 7.792776
34270000, -0.008267, -0.068185, 7.435155
34280000, -0.015217, -0.136006, 7.351300
34290000, 0.078819, -0.066330, 7.068707
34300000, -0.135464, 0.000790, 7.757359
34310000, 0.049379, 0.046885, 7.338124
34320000, 0.059407, -0.152636, 7.600170
34330000, -0.123384, -0.035918, 7.736189
34340000, -0.098323, -0.126917, 7.489596
34350000, -0.162432, 0.023899, 7.610682
34360000, -0.177185, -0.144655, 6.648300
34370000, 0.032116, -0.280062, 6.620456
34380000, -0.034589, -0.144231, 7.108603
34390000, 0.056603, -0.100273, 7.357393
34400000, 0.079801, 0.008853, 7.213333
34410000, 0.056981, -0.281165, 7.427924
34420000, -0.105311, -0.133448, 7.310264
34430000, -0.021666, -0.193318, 7.111042
34440000, -0.052859, -0.289133, 7.067292
34450000, -0.293928, -0.094869, 7.352999
34460000, -0.255262, -0.075143, 7.226626
34470000, -0.233479, 0.078349, 7.502643
34480000, -0.344891, -0.145306, 6.905747
34490000, -0.257685, 0.302705, 7.624133
34500000, 0.079886, 0.133048, 7.444178
34510000, -0.080804, 0.216334, 7.127882
34520000, -0.125357, 0.199216, 7.364610
34530000, -0.033732, 0.038906, 7.426146
34540000, 0.003812, -0.031354, 7.371543
34550000, -0.134461, 0.067524, 7.381110
34560000, -0.063595, 0.051905, 7.778474
34570000, 0.120410, 0.162120, 7.219155
34580000, 0.043740, 0.048482, 7.574549
34590000, -0.157428, -0.077717, 7.625506
34600000, -0.095072, 0.117695, 7.672609
34610000, 0.164193, -0.013663, 7.641832
34620000, 0.151422, -0.064974, 7.392555
34630000, 0.054230, -0.087862, 7.946528
34640000, -0.033269, 0.078849, 7.517254
34650000, -0.011380, -0.117845, 7.047876
34660000, 0.110153, -0.135005, 7.491048
34670000, 0.083989, 0.010523, 7.807128
34680000, -0.040227, 0.070515, 7.868101
34690000, -0.116178, -0.013486, 7.643341
34700000, 0.045663, 0.101212, 7.672276
34710000, 0.037365, 0.190167, 7.353106
34720000, 0.052831, 0.152307, 7.242838
34730000, -0.049406, -0.010495, 7.658246
34740000, -0.037741, -0.013165, 7.355143
34750000, -0.044554, -0.002484, 7.678396
34760000, 0.069866, -0.052981, 7.237955
34770000, 0.065407, 0.099412, 7.198515
34780000, -0.041698, 0.072996, 7.549497
34790000, 0.010217, -0.108667, 7.599259
34800000, -0.093634, -0.169327, 7.099858
34810000, -0.052355, -0.050096, 7.340587
34820000, 0.202548, 0.066470, 7.560128
34830000, 0.036970, -0.028423, 8.074668
34840000, 0.010319, -0.063248, 7.578498
34850000, -0.019423, -0.114551, 7.237234
34860000, -0.057760, -0.030698, 7.618835
34870000, 0.050472, 0.045122, 7.856966
34880000, -0.025827, -0.107464, 7.586176
34890000, -0.088138, -0.249132, 7.498945
34900000, 0.104628, -0.049614, 7.358172
34910000, 0.012520, -0.043121, 7.404907
34920000, -0.099304, 0.066948, 7.202767
34930000, -0.024123, 0.112383, 7.617171
34940000, -0.054174, -0.020565, 7.301418
34950000, -0.088041, 0.028828, 7.447396
34960000, 0.095607, 0.184811, 7.423758
34970000, -0.106049, 0.019828, 7.321493
34980000, -0.042555, 0.066535, 7.866052
34990000, -0.172696, 0.078179, 7.827778
35000000, -0.035238, -0.055420, 8.204807
35010000, -0.025864, -0.078508, 7.514681
35020000, 0.037740, -0.017740, 7.869925
35030000, -0.100305, 0.070604, 7.212369
35040000, 0.019571, 0.127468, 7.266452
35050000, 0.010328, 0.039178, 7.309178
35060000, -0.046774, -0.022367, 7.630334
35070000, -0.124669, 0.001805, 7.907576
35080000, -0.019143, -0.157884, 7.579126
35090000, 0.111857, 0.060846, 7.123353
35100000, 0.277034, 0.006444, 6.886851
35110000, 0.292919, 0.110400, 6.533465
35120000, 0.275317, 0.332096, 6.878952
35130000, 0.191821, 0.210834, 6.681506
35140000, 0.099739, 0.105947, 7.149773
35150000, 0.029055, 0.177945, 6.925846
35160000, 0.059868, 0.137192, 7.083900
35170000, -0.086796, 0.070666, 7.104574
35180000, 0.269834, -0.077975, 7.255961
35190000, 0.011515, -0.125785, 7.451450
35200000, -0.060820, -0.014855, 7.888674
35210000, -0.049341, 0.072051, 7.300991
35220000, 0.018962, -0.131813, 7.397035
35230000, -0.103685, 0.032374, 7.769837
35240000, -0.116637, 0.094417, 7.852936
35250000, -0.031193, 0.024709, 7.535097
35260000, -0.031138, -0.099184, 7.625469
35270000, -0.146940, -0.042395, 7.744181
35280000, 0.014703, -0.091376, 7.575573
35290000, 0.000418, -0.042188, 7.624467
35300000, 0.044490, -0.074212, 7.589513
35310000, 0.104578, 0.023072, 7.044060
35320000, 0.061914, 0.067636, 7.525656
35330000, -0.126586, -0.081145, 7.199853
35340000, -0.116204, 0.085925, 7.614815
35350000, 0.030253, -0.073753, 7.597639
35360000, -0.062789, 0.045888, 7.770828
35370000, -0.048932, 0.004752, 7.345870
35380000, -0.103167, 0.150130, 7.401563
35390000, -0.014251, 0.097470, 7.376516
35400000, -0.017147, 0.103104, 7.729296
35410000, 0.054347, 0.086197, 7.558270
35420000, -0.121706, 0.116419, 7.283493
35430000, -0.072917, 0.075904, 7.808462
35440000, 0.199706, 0.048153, 7.314849
35450000, 0.100337, -0.013639, 7.439144
35460000, 0.075310, 0.031044, 7.495168
35470000, 0.162635, 0.026835, 7.597211
35480000, -0.067757, -0.104257, 7.472272
35490000, 0.013813, 0.011075, 7.536946
35500000, 0.013505, 0.164054, 7.793402
35510000, 0.079446, -0.100159, 7.239670
35520000, -0.042153, 0.036368, 7.669431
35530000, 0.145966, 0.109895, 7.564843
35540000, 0.010367, 0.001301, 7.235487
35550000, -0.054942, 0.166421, 7.509021
35560000, 0.152265, 0.197825, 7.869104
35570000, 0.173631, 0.098444, 7.258028
35580000, 0.064309, 0.132693, 7.620601
35590000, 0.121458, 0.019552, 7.631257
35600000, -0.058185, 0.082008, 7.772986
35610000, -0.014354, -0.071064, 7.926314
35620000, 0.018041, -0.075561, 7.942589
35630000, 0.068741, -0.039088, 7.359749
35640000, -0.122631, -0.127423, 7.341456
35650000, -0.064068, -0.308864, 7.738683
35660000, -0.065459, -0.083727, 7.104059
35670000, -0.030931, -0.058957, 7.760888
35680000, -0.009370, 0.068287, 7.327523
35690000, 0.054437, 0.064853, 7.439377
35700000, 0.034923, 0.240284, 7.029361
35710000, 0.150173, 0.037840, 7.866753
35720000, 0.001520, -0.023448, 7.742153
35730000, -0.085786, 0.003018, 7.293362
35740000, 0.018646, 0.056187, 7.487581
35750000, 0.013918, -0.032429, 7.680474
35760000, -0.019615, -0.124457, 8.033379
35770000, 0.059758, -0.198805, 7.764271
35780000, 0.023454, 0.019147, 7.337303
35790000, -0.034109, -0.169376, 7.378571
35800000, 0.069331, -0.079698, 7.497207
35810000, -0.038239, -0.147752, 7.265617
35820000, 0.068226, -0.088406, 7.900989
35830000, 0.049677, -0.099641, 7.415570
35840000, -0.016420, 0.025973, 7.219395
35850000, -0.044314, -0.026822, 7.627331
35860000, 0.019187, -0.091931, 6.806831
35870000, -0.030532, -0.030673, 8.133880
35880000, 0.032360, 0.101432, 7.786038
35890000, -0.030288, -0.027761, 7.180138
35900000, 0.069550, -0.031893, 7.198011
35910000, -0.063548, 0.077368, 7.307946
35920000, -0.023941, 0.056991, 7.275583
35930000, -0.162051, 0.018547, 7.619233
35940000, -0.057407, -0.128070, 8.096559
35950000, -0.050625, -0.198742, 7.052669
35960000, -0.036540, 0.013748, 7.578067
35970000, -0.027375, -0.114517, 7.467932
35980000, 0.031200, -0.116712, 7.464633
35990000, -0.112232, -0.112459, 7.179702
36000000, 0.094914, -0.267987, 7.293309
36010000, 0.012647, -0.291000, 7.405353
36020000, 0.098093, 0.035601, 7.615906
36030000, 0.129886, -0.077721, 8.161136
36040000, 0.050794, -0.120760, 7.711665
36050000, 0.088227, 0.032424, 7.607221
36060000, -0.032199, 0.004594, 7.515042
36070000, 0.106736, -0.027866, 7.311966
36080000, 0.022869, -0.088162, 7.340051
36090000, 0.066447, 0.009700, 7.611146
36100000, -0.148313, -0.060978, 7.468162
36110000, -0.026380, -0.061931, 7.389486
36120000, -0.103656, -0.005588, 7.634829
36130000, -0.043574, 0.223066, 6.941170
36140000, -0.187053, 0.053978, 7.457504
36150000, 0.017563, -0.087954, 7.666363
36160000, 0.027358, 0.022543, 7.022328
36170000, 0.062918, -0.052984, 7.818612
36180000, 0.102827, 0.030274, 7.320843
36190000, 0.022134, 0.028422, 7.580940
36200000, -0.025616, -0.002199, 7.666219
36210000, 0.082471, 0.153331, 7.378365
36220000, -0.012429, -0.053018, 7.131825
36230000, 0.110691, -0.072139, 7.886540
36240000, 0.006014, 0.131385, 7.549934
36250000, -0.054237, -0.102589, 8.134695
36260000, -0.014745, 0.007563, 7.747567
36270000, -0.011277, 0.027348, 8.340500
36280000, -0.090002, -0.008312, 7.758371
36290000, -0.052157, 0.000834, 7.000327
36300000, -0.036794, -0.001508, 7.818318
36310000, 0.039526, 0.038164, 7.664212
36320000, -0.138840, 0.186069, 7.749779
36330000, -0.133444, 0.280601, 7.250869
36340000, 0.059560, 0.187250, 7.154985
36350000, 0.176797, 0.171117, 7.394008
36360000, -0.075181, 0.016155, 7.523209
36370000, 0.137595, 0.231550, 7.302692
36380000, 0.018812, 0.186780, 7.424518
36390000, 0.101301, 0.227632, 7.355748
36400000, 0.181158, -0.081928, 7.395196
36410000, -0.053847, -0.026976, 7.413368
36420000, -0.086551, -0.065421, 6.980035
36430000, 0.015634, 0.006424, 7.741315
36440000, 0.020159, -0.097874, 7.683559
36450000, -0.067921, -0.054824, 7.622136
36460000, 0.084735, -0.076110, 7.249186
36470000, 0.095311, 0.098890, 7.578672
36480000, -0.040973, 0.201956, 7.299409
36490000, -0.078816, 0.094696, 7.255716
36500000, 0.155075, 0.038137, 7.539454
36510000, 0.070191, 0.106234, 7.613526
36520000, 0.048158, 0.021918, 8.007164
36530000, 0.197551, 0.105826, 7.105851
36540000, -0.097717, 0.083040, 7.572361
36550000, 0.052774, -0.138915, 7.319528
36560000, 0.048169, 0.072410, 7.681970
36570000, 0.013235, 0.063123, 7.395420
36580000, -0.024452, 0.087476, 7.998095
36590000, 0.051055, 0.097993, 7.722838
36600000, 0.116951, -0.008795, 7.164781
36610000, 0.303272, -0.030980, 7.206082
36620000, -0.210464, 0.021545, 7.515857
36630000, -0.229234, 0.161076, 7.024205
36640000, -0.165991, 0.219686, 7.483901
36650000, -0.289376, -0.077440, 6.897384
36660000, -0.113870, -0.144082, 7.264716
36670000, -0.170198, 0.015396, 7.456893
36680000, -0.099717, 0.061278, 7.248944
36690000, -0.044679, 0.116536, 7.468403
36700000, -0.213246, 0.027382, 7.478048
36710000, -0.025506, -0.184199, 7.789678
36720000, -0.107535, -0.071549, 7.739031
36730000, -0.132247, -0.196949, 7.507332
36740000, -0.079277, -0.222508, 6.734523
36750000, -0.068780, -0.228878, 7.233571
36760000, 0.004959, -0.179194, 7.524403
36770000, -0.112252, -0.093345, 7.368852
36780000, -0.034290, -0.033693, 7.607005
36790000, -0.117451, 0.083522, 7.107328
36800000, 0.026892, 0.050567, 7.729268
36810000, -0.118483, 0.096862, 7.849344
36820000, 0.062036, 0.061809, 7.679119
36830000, 0.037341, 0.066804, 7.632239
36840000, -0.030334, 0.152511, 7.840927
36850000, -0.007217, -0.003646, 7.923220
36860000, 0.103936, -0.033587, 7.505121
36870000, -0.086786, -0.050680, 7.510370
36880000, 0.017556, 0.035269, 7.062792
36890000, 0.066521, -0.231358, 7.074961
36900000, -0.011023, -0.001306, 7.904098
36910000, 0.055601, -0.074994, 7.310170
36920000, 0.053154, -0.053663, 7.461849
36930000, 0.029196, 0.119753, 7.125483
36940000, -0.022420, -0.048792, 7.523787
36950000, 0.040023, -0.013301, 7.525852
36960000, -0.014942, -0.031354, 7.619574
36970000, 0.020063, 0.133332, 7.446514
36980000, 0.059744, 0.025195, 7.562832
36990000, 0.040978, 0.054315, 7.449177
37000000, 0.100436, -0.153632, 7.124299
37010000, 0.011575, -0.078874, 7.395810
37020000, -0.077679, -0.113703, 7.723166
37030000, -0.063476, 0.014345, 7.725562
37040000, -0.094984, -0.143617, 7.710465
37050000, 0.106836, -0.055230, 7.590122
37060000, 0.006087, 0.013686, 7.275212
37070000, -0.147673, -0.033073, 7.607525
37080000, -0.069988, -0.151646, 7.855492
37090000, 0.043742, -0.118497, 7.894698
37100000, -0.060443, -0.007815, 7.699550
37110000, -0.003291, 0.040836, 7.580935
37120000, -0.009588, -0.080819, 7.769302
37130000, 0.012661, 0.045217, 7.893215
37140000, -0.048270, -0.044765, 7.413489
37150000, 0.032816, -0.134795, 7.431936
37160000, 0.054345, -0.020265, 7.288850
37170000, -0.024269, -0.039940, 7.946998
37180000, -0.095676, 0.015359, 7.315539
37190000, 0.001178, -0.108486, 7.413422
37200000, -0.124763, -0.007896, 7.576407
37210000, -0.043220, -0.095017, 7.697346
37220000, -0.035457, 0.042059, 8.133606
37230000, 0.083854, 0.021395, 7.586219
37240000, 0.051210, -0.032542, 7.828251
37250000, -0.080779, -0.151478, 7.404256
37260000, 0.150225, 0.011789, 7.574836
37270000, 0.096229, 0.071869, 7.268607
37280000, -0.139166, 0.035270, 7.689615
37290000, -0.215654, 0.020762, 7.487474
37300000, -0.180958, 0.136932, 7.191302
37310000, -0.059150, -0.028100, 7.747201
37320000, -0.008485, 0.104495, 7.865904
37330000, 0.002021, 0.006038, 7.968363
37340000, 0.153201, -0.046587, 7.140196
37350000, 0.046685, -0.038357, 7.511735
37360000, 0.040044, 0.019710, 7.950513
37370000, 0.030104, 0.106477, 7.537465
37380000, -0.021269, -0.046615, 7.700196
37390000, -0.017533, 0.170411, 7.392602
37400000, 0.062406, 0.160895, 7.673058
37410000, 0.082351, 0.000901, 7.652246
37420000, 0.137881, -0.023638, 7.211446
37430000, -0.077286, -0.174830, 7.109370
37440000, 0.019499, -0.125502, 7.243874
37450000, 0.061931, -0.003579, 7.014392
37460000, 0.002219, 0.066167, 7.456899
37470000, 0.063622, -0.066452, 7.326523
37480000, -0.002918, -0.012902, 7.435424
37490000, -0.034542, 0.105454, 8.116955
37500000, -0.010765, -0.041881, 7.306935
37510000, 0.028569, -0.084722, 6.971418
37520000, 0.006624, -0.010383, 7.712623
37530000, 0.041820, -0.067506, 7.582776
37540000, -0.001747, -0.118041, 7.617937
37550000, -0.055713, -0.113713, 7.352895
37560000, -0.049401, -0.015611, 7.805197
37570000, -0.023546, -0.002690, 7.115239
37580000, -0.084576, -0.007513, 7.448606
37590000, 0.116966, 0.080378, 7.274537
37600000, -0.114769, 0.092490, 7.834298
37610000, -0.023305, -0.019854, 7.862817
37620000, -0.157314, -0.041288, 7.330564
37630000, -0.076008, -0.075572, 7.594911
37640000, -0.033745, -0.147659, 7.288715
37650000, 0.030479, -0.023537, 8.102268
37660000, 0.038286, -0.032599, 7.718393
37670000, -0.033616, 0.171861, 7.813385
37680000, 0.129654, -0.115971, 7.663590
37690000, 0.012336, -0.095443, 7.669655
37700000, -0.040954, -0.158586, 7.520125
37710000, -0.075816, -0.100470, 7.729555
37720000, -0.064705, -0.058333, 7.580830
37730000, 0.064541, 0.024099, 7.682427
37740000, 0.004015, 0.119273, 7.615136
37750000, -0.026321, 0.015963, 7.688519
37760000, 0.061883, 0.086333, 7.682670
37770000, 0.029712, -0.243461, 7.255637
37780000, 0.097534, -0.137374, 7.286719
37790000, 0.193485, -0.024211, 7.296598
37800000, 0.078649, 0.079256, 7.222504
37810000, 0.040317, 0.051714, 7.295561
37820000, 0.156973, -0.132137, 7.451862
37830000, 0.150770, -0.135424, 7.669886
37840000, -0.027103, -0.184132, 7.251010
37850000, -0.048326, 0.070115, 7.306616
37860000, 0.133028, 0.072260, 7.369542
37870000, -0.077894, 0.015096, 7.615567
37880000, 0.061876, -0.103800, 7.257549
37890000, 0.105896, -0.171446, 7.311410
37900000, 0.250160, 0.131965, 7.122359
37910000, 0.069935, 0.196325, 7.248831
37920000, 0.018324, 0.113386, 7.750167
37930000, 0.101318, 0.021483, 7.651135
37940000, -0.037258, 0.165285, 7.202424
37950000, -0.058061, 0.050632, 8.091272
37960000, -0.038230, 0.101234, 7.141480
37970000, -0.030544, 0.009065, 7.453677
37980000, 0.005769, -0.036813, 7.984614
37990000, -0.023930, 0.016143, 7.992734
38000000, 0.006649, 0.030449, 8.010594
38010000, -0.051389, -0.101558, 7.732177
38020000, 0.036267, 0.094693, 7.445204
38030000, -0.006626, -0.010770, 7.582289
38040000, -0.046005, 0.038654, 7.899436
38050000, -0.048330, 0.075694, 7.577347
38060000, 0.106994, -0.063962, 7.567436
38070000, -0.002052, -0.088256, 7.310740
38080000, -0.067898, -0.225838, 7.534861
38090000, 0.109969, 0.060161, 7.471715
38100000, -0.003958, -0.018091, 7.538579
38110000, -0.002916, 0.012361, 7.365300
38120000, -0.024087, 0.038711, 7.723832
38130000, -0.127886, 0.158180, 7.598258
38140000, -0.143448, -0.087222, 6.996359
38150000, -0.245697, -0.193548, 7.097383
38160000, -0.311784, 0.082209, 7.446328
38170000, -0.044247, 0.097068, 7.195675
38180000, -0.269952, 0.242365, 6.639878
38190000, -0.128337, 0.007655, 7.165429
38200000, -0.188785, 0.116171, 7.103276
38210000, -0.071199, 0.132884, 7.209004
38220000, -0.117358, 0.060052, 7.056932
38230000, -0.076204, 0.101057, 7.113231
38240000, 0.076685, -0.007372, 7.223996
38250000, -0.014406, -0.017030, 7.743015
38260000, -0.029677, 0.071202, 7.143601
38270000, -0.040942, 0.237413, 7.169313
38280000, 0.020400, -0.029336, 7.514271
38290000, 0.055033, 0.076075, 7.435534
38300000, -0.058907, 0.077984, 7.657899
38310000, -0.062498, 0.090739, 7.652739
38320000, 0.106212, 0.127078, 7.208958
38330000, 0.081768, 0.120046, 7.337645
38340000, -0.145264, -0.001361, 7.620957
38350000, -0.146541, 0.070424, 8.049972
38360000, -0.011409, 0.130775, 7.576599
38370000, 0.029909, 0.035017, 7.552850
38380000, -0.101162, -0.198690, 7.078284
38390000, -0.044858, 0.083676, 7.914065
38400000, 0.022172, 0.062549, 7.660289
38410000, -0.043221, 0.013272, 7.538039
38420000, -0.031432, 0.038667, 7.300415
38430000, -0.118431, -0.095430, 7.660896
38440000, -0.103587, 0.030046, 7.715602
38450000, -0.109302, 0.079791, 7.564476
38460000, -0.020749, 0.055189, 7.637881
38470000, 0.041578, -0.082642, 7.719935
38480000, -0.159888, -0.044628, 7.660813
38490000, 0.050353, -0.070717, 7.771471
38500000, -0.064716, -0.123754, 7.641668
38510000, 0.047143, -0.063657, 7.837076
38520000, 0.014951, 0.089410, 7.421768
38530000, 0.093139, -0.069103, 7.407730
38540000, -0.194125, -0.080964, 7.324406
38550000, -0.053111, 0.040538, 7.704244
38560000, 0.181116, -0.023907, 7.662739
38570000, -0.167417, -0.129889, 7.451593
38580000, 0.078330, -0.041728, 7.968996
38590000, -0.078796, 0.001336, 7.484141
38600000, 0.058654, -0.002909, 7.589028
38610000, 0.026395, 0.071051, 7.646161
38620000, -0.138466, -0.016370, 7.956683
38630000, -0.013455, 0.050881, 7.337594
38640000, 0.042941, 0.035386, 7.550922
38650000, 0.122486, 0.031482, 7.132325
38660000, 0.185656, -0.175773, 8.012245
38670000, -0.036416, -0.017856, 7.515363
38680000, 0.007003, -0.070111, 7.338269
38690000, 0.067727, -0.025155, 8.104545
38700000, -0.193704, -0.085367, 7.609355
38710000, 0.145145, -0.072127, 6.736496
38720000, 0.142856, -0.148101, 7.467325
38730000, 0.140830, -0.086747, 7.757187
38740000, 0.020662, 0.127571, 7.484174
38750000, -0.102454, 0.076491, 7.593336
38760000, 0.006266, 0.029318, 7.983395
38770000, 0.106629, 0.160906, 7.777583
38780000, 0.099545, 0.040268, 7.671384
38790000, 0.068268, -0.063895, 7.509308
38800000, 0.034440, 0.050370, 7.515804
38810000, 0.047410, 0.054403, 7.357859
38820000, 0.126295, 0.127075, 7.305480
38830000, 0.038740, 0.151697, 7.536065
38840000, -0.037885, 0.044954, 8.035880
38850000, -0.086206, -0.015506, 7.583380
38860000, -0.098428, -0.040548, 7.248783
38870000, 0.053068, 0.168423, 7.722702
38880000, 0.098459, -0.018128, 8.007656
38890000, 0.080386, -0.210250, 6.969654
38900000, 0.035680, 0.032037, 7.330288
38910000, -0.052699, -0.039036, 7.567629
38920000, 0.013175, 0.003954, 7.274897
38930000, 0.057982, 0.190749, 7.249344
38940000, 0.165109, 0.157699, 7.594348
38950000, -0.040190, 0.089283, 7.428018
38960000, -0.036319, 0.051525, 7.501818
38970000, 0.104350, 0.064468, 7.554113
38980000, -0.044934, 0.065994, 7.575443
38990000, -0.005370, 0.322362, 6.935430
39000000, -0.028012, 0.145944, 7.296920
39010000, -0.093245, 0.217860, 6.957898
39020000, 0.132420, 0.092714, 7.367133
39030000, 0.028759, 0.124737, 7.283771
39040000, 0.025376, 0.262190, 7.265028
39050000, 0.070993, 0.145983, 6.848671
39060000, 0.336532, 0.182065, 7.023245
39070000, 0.028594, 0.106281, 7.221674
39080000, -0.039544, 0.217705, 7.539187
39090000, 0.067279, 0.141103, 7.413886
39100000, 0.031120, 0.198434, 7.669907
39110000, 0.008232, 0.037170, 7.235302
39120000, 0.064097, -0.002554, 7.567271
39130000, 0.059708, -0.022608, 7.678783
39140000, -0.057107, 0.182426, 7.544801
39150000, -0.050170, -0.036245, 7.446170
39160000, 0.234006, 0.016592, 7.528563
39170000, -0.042211, 0.177862, 8.058618
39180000, -0.133398, 0.106467, 7.297241
39190000, -0.130391, -0.093955, 7.440397
39200000, 0.132679, 0.217769, 7.228453
39210000, 0.116800, -0.157893, 7.747621
39220000, 0.059790, -0.038105, 7.568513
39230000, -0.118734, -0.197231, 7.516105
39240000, 0.004414, -0.074377, 7.211152
39250000, -0.082677, -0.146504, 7.079376
39260000, 0.001296, 0.019979, 7.155363
39270000, -0.044721, -0.072435, 7.563770
39280000, -0.057546, 0.043692, 7.491373
39290000, 0.089656, 0.018019, 7.837131
39300000, -0.078881, -0.101524, 7.442511
39310000, 0.027984, 0.004878, 7.687776
39320000, 0.044899, -0.185598, 7.217233
39330000, 0.003536, -0.156418, 8.030023
39340000, 0.100328, 0.081487, 7.754880
39350000, -0.004714, -0.073863, 7.787508
39360000, 0.009309, -0.084673, 7.706316
39370000, -0.084660, 0.056739, 8.038708
39380000, 0.097518, -0.004747, 7.547991
39390000, -0.025424, 0.118674, 7.386014
39400000, -0.078289, 0.022227, 8.158095
39410000, -0.109877, 0.074452, 7.291598
39420000, 0.002291, 0.007232, 7.644720
39430000, -0.063088, 0.025648, 7.860981
39440000, 0.000911, 0.096367, 7.134559
39450000, -0.100916, -0.002866, 7.647363
39460000, -0.157621, -0.045405, 7.365094
39470000, 0.026641, 0.045563, 7.825048
39480000, 0.050539, -0.260652, 7.866798
39490000, 0.110061, 0.053557, 6.996679
39500000, 0.075567, -0.199266, 7.241023
39510000, 0.153617, 0.041504, 7.476845
39520000, 0.155028, 0.133571, 7.306546
39530000, 0.083134, 0.146947, 7.426064
39540000, 0.085756, 0.106719, 7.499101
39550000, 0.164941, -0.028932, 7.681570
39560000, 0.221859, -0.059644, 8.099317
39570000, 0.091854, 0.057172, 7.745012
39580000, 0.096367, 0.086868, 7.818415
39590000, 0.061879, -0.006552, 7.568889
39600000, 0.133119, 0.053310, 7.698619
39610000, 0.079140, 0.112755, 7.435320
39620000, 0.070657, 0.100503, 7.768578
39630000, -0.056966, 0.010375, 7.475013
39640000, -0.015328, -0.009909, 7.780101
39650000, -0.187723, 0.041723, 7.488101
39660000, 0.035096, -0.087034, 7.990368
39670000, 0.063218, -0.018839, 7.970523
39680000, -0.015810, 0.098677, 7.195758
39690000, -0.042262, 0.120631, 7.353532
39700000, 0.058247, 0.034303, 7.655019
39710000, 0.015627, 0.005640, 7.898950
39720000, 0.165146, -0.088540, 7.502172
39730000, 0.029436, -0.019765, 7.221044
39740000, 0.019884, 0.045819, 7.612691
39750000, 0.103833, -0.131517, 7.676491
39760000, 0.006700, 0.129633, 7.390242
39770000, 0.006022, -0.139156, 7.673525
39780000, 0.106671, -0.166676, 7.514984
39790000, 0.198743, -0.031705, 7.723877
39800000, 0.155698, 0.030924, 7.259783
39810000, 0.252847, 0.048277, 6.662370
39820000, 0.083669, -0.183769, 7.662947
39830000, 0.068569, -0.052502, 7.633585
39840000, 0.114945, 0.018891, 7.587601
39850000, 0.161811, 0.040436, 7.628674
39860000, 0.061697, -0.170142, 6.885075
39870000, 0.078362, -0.173978, 7.119738
39880000, 0.092007, -0.110567, 6.802916
39890000, 0.101971, -0.234945, 7.115373
39900000, -0.106040, -0.209411, 7.152796
39910000, 0.000139, -0.124148, 7.688894
39920000, 0.092173, -0.009143, 7.651835
39930000, 0.039850, -0.132855, 7.703987
39940000, 0.153510, -0.070061, 7.205417
39950000, 0.141498, 0.061547, 7.623434
39960000, 0.238037, 0.030962, 7.155726
39970000, 0.095151, -0.088125, 7.950046
39980000, 0.165352, 0.007005, 7.536591
39990000, 0.055706, -0.014699, 7.356711
40000000, 0.108772, -0.006802, 7.447071
