Time Step, x CoM, y CoM, z CoM
0, 0.208712, 0.374771, -0.000000
10000, 0.084339, 0.457078, -0.251549
20000, 0.303548, 0.522730, -0.495161
30000, 0.558800, 0.299697, -1.102485
40000, 0.465938, 0.419622, -0.775187
50000, 0.503061, 0.426789, -1.102113
60000, 0.570123, 0.320879, -0.518561
70000, 0.227383, 0.017016, -0.632253
80000, 0.262876, 0.025162, -1.384590
90000, 0.174406, 0.195415, -1.097113
100000, -0.023450, 0.295425, -1.476683
110000, -0.237505, 0.107832, -1.174938
120000, -0.267700, 0.175459, -1.449463
130000, -0.250082, 0.339897, -1.353371
140000, 0.186684, 0.196558, -1.419148
150000, 0.265271, 0.191487, -0.862780
160000, 0.358354, 0.192305, -1.725882
170000, -0.018923, 0.333984, -1.315831
180000, 0.060469, 0.271888, -0.929918
190000, 0.048569, 0.006518, -1.572619
200000, 0.410044, -0.039254, -1.782989
210000, 0.363808, 0.190271, -1.881654
220000, 0.217006, -0.283716, -1.345095
230000, 0.161624, -0.210081, -1.217333
240000, 0.131966, -0.444156, -0.743777
250000, 0.010272, -0.318581, -0.172889
260000, 0.081213, -0.639756, -0.080261
270000, 0.096575, -0.515353, 0.219328
280000, 0.031156, -0.680125, 0.138098
290000, 0.006715, -0.610804, -0.455379
300000, -0.144482, -0.656707, -0.509901
310000, -0.172456, -0.714680, -0.439555
320000, 0.134362, -0.774952, -1.131177
330000, 0.036921, -0.769445, -1.277505
340000, 0.114034, -0.859270, -0.403120
350000, 0.452962, -0.460435, -0.933876
360000, 0.674711, -0.364218, -1.336653
370000, 0.333683, -0.216139, -1.818833
380000, 0.351784, -0.396381, -1.537635
390000, 0.174476, -0.265569, -2.600565
400000, 0.186057, -0.038579, -1.781060
410000, -0.145630, -0.264107, -2.800099
420000, -0.045305, -0.365979, -2.654213
430000, -0.148241, -0.294394, -1.962087
440000, 0.169671, -0.448468, -1.040906
450000, -0.067108, -0.386111, -1.593073
460000, 0.208988, -0.108188, -0.654918
470000, 0.016421, -0.102322, -0.318791
480000, 0.142058, -0.392856, -1.038856
490000, 0.031443, -0.236849, -0.689678
500000, 0.290101, -0.275177, -0.390498
510000, 0.414717, -0.065256, -0.110952
520000, 0.346280, -0.248892, -0.348442
530000, 0.125612, -0.228620, 0.301526
540000, 0.458950, -0.044232, 0.240893
550000, 0.149261, -0.227171, 0.410184
560000, 0.383923, 0.149074, 0.467056
570000, 0.365727, -0.011087, 0.550822
580000, 0.370790, -0.168897, 0.611509
590000, 0.446892, 0.451223, 0.556249
600000, 0.322698, 0.357742, 0.258975
610000, 0.271616, 0.027459, 0.513957
620000, 0.457766, 0.157508, 1.052470
630000, 0.441146, -0.011245, -0.020641
640000, 0.377142, -0.126473, 0.417290
650000, 0.574244, -0.240844, 0.342342
660000, 0.510428, -0.316708, -0.479884
670000, 0.238549, -0.113683, -1.327571
680000, 0.696248, 0.192435, -0.808581
690000, 0.722659, 0.058462, -0.838263
700000, 0.419567, -0.156293, -0.494976
710000, 0.391415, -0.303410, -1.475556
720000, 0.127180, -0.105832, -1.921929
730000, 0.030163, -0.377288, -2.729117
740000, -0.109437, -0.224324, -2.811851
750000, -0.142562, -0.371173, -2.740945
760000, 0.140156, 0.061224, -2.217119
770000, 0.215872, 0.185680, -2.195734
780000, 0.313049, 0.103282, -1.901518
790000, -0.254742, -0.220474, -2.086191
800000, -0.205215, -0.413465, -3.341733
810000, -0.489048, -0.523272, -4.179747
820000, -0.500383, -0.726703, -4.425288
830000, 0.212844, -0.670776, -4.774226
840000, 0.315930, -0.440284, -5.333683
850000, 0.212508, -0.439355, -5.649095
860000, 0.497208, -0.275493, -6.001085
870000, 0.259859, -0.308652, -6.319470
880000, 0.405354, -0.228497, -5.428911
890000, 0.388020, -0.091308, -5.271930
900000, 0.343129, -0.231490, -5.356968
910000, 0.251936, 0.142400, -6.080716
920000, 0.090308, 0.059474, -6.522570
930000, 0.077852, 0.212186, -6.703366
940000, 0.233882, 0.360227, -7.168095
950000, 0.357868, -0.053685, -6.518328
960000, 0.129488, -0.153980, -6.989599
970000, 0.344719, -0.065729, -6.748027
980000, 0.115022, 0.137588, -7.712572
990000, 0.020260, 0.025972, -7.656159
1000000, 0.056849, 0.132622, -7.430854
1010000, 0.018845, -0.042770, -7.503649
1020000, 0.087157, -0.031946, -7.327286
1030000, 0.347181, -0.152439, -6.999096
1040000, 0.031635, -0.237927, -7.492077
1050000, 0.025632, -0.049971, -7.881788
1060000, -0.059284, 0.026801, -7.704423
1070000, -0.176464, -0.025480, -7.455120
1080000, 0.049263, -0.048825, -7.677169
1090000, -0.015862, 0.074232, -7.986788
1100000, -0.005153, -0.111630, -7.448102
1110000, 0.035015, 0.036944, -7.436577
1120000, 0.076746, -0.024577, -7.653237
1130000, -0.104419, 0.016550, -7.817881
1140000, -0.149202, 0.116496, -7.723055
1150000, -0.233024, -0.069506, -7.649136
1160000, -0.124631, 0.002794, -7.659066
1170000, 0.053467, -0.022352, -7.353274
1180000, -0.030970, -0.003707, -7.753036
1190000, -0.000131, -0.004905, -7.000305
1200000, -0.128122, -0.086432, -7.378727
1210000, 0.167801, -0.062393, -7.766309
1220000, 0.000885, 0.009128, -7.411456
1230000, 0.210043, -0.100851, -8.282281
1240000, -0.049901, 0.005834, -7.509584
1250000, -0.063503, 0.058357, -7.198296
1260000, -0.093864, -0.045718, -7.643320
1270000, 0.070607, -0.119016, -6.904599
1280000, -0.096628, 0.060350, -7.552690
1290000, -0.032454, -0.183751, -7.429503
1300000, 0.006890, -0.150514, -7.357152
1310000, -0.064029, -0.076466, -7.493269
1320000, -0.074346, -0.082539, -7.463177
1330000, -0.042758, 0.002904, -7.590925
1340000, -0.215638, -0.112265, -7.590806
1350000, -0.173001, -0.186335, -7.669879
1360000, -0.284118, -0.152279, -6.849856
1370000, -0.172149, -0.066312, -6.899429
1380000, -0.124441, -0.182917, -7.072272
1390000, -0.108310, -0.000799, -7.455235
1400000, -0.114374, -0.241625, -6.796961
1410000, -0.044482, 0.064177, -7.376542
1420000, 0.015622, -0.186614, -7.397573
1430000, -0.280116, -0.087080, -7.289457
1440000, -0.099588, -0.032292, -7.242883
1450000, -0.023946, -0.082496, -7.433286
1460000, 0.074189, 0.107722, -7.607369
1470000, -0.028941, 0.042311, -7.755157
1480000, -0.020119, -0.022900, -7.230185
1490000, -0.111473, -0.089747, -7.839676
1500000, -0.007105, -0.111574, -7.547296
1510000, -0.065198, 0.083653, -7.902420
1520000, -0.220504, -0.099558, -7.230802
1530000, 0.131599, -0.054416, -7.680530
1540000, 0.058569, 0.033414, -7.667885
1550000, -0.046866, -0.125082, -7.238855
1560000, -0.069702, -0.134752, -7.565166
1570000, 0.048105, 0.038005, -7.006063
1580000, -0.057351, 0.227142, -7.973129
1590000, -0.082539, 0.015303, -7.111982
1600000, -0.070052, -0.034195, -7.643549
1610000, 0.049293, -0.094326, -7.639163
1620000, -0.014486, -0.037001, -7.404599
1630000, 0.157097, 0.028432, -7.167481
1640000, 0.044063, -0.109064, -7.377026
1650000, -0.043210, -0.032622, -7.164910
1660000, -0.109653, -0.001101, -7.191203
1670000, -0.049273, 0.022052, -8.029614
1680000, -0.072071, -0.042601, -7.342981
1690000, 0.111128, 0.020315, -7.464769
1700000, -0.176331, 0.164893, -7.474235
1710000, -0.207680, 0.003508, -7.748565
1720000, -0.266039, -0.025677, -7.312854
1730000, -0.245746, -0.090701, -6.665414
1740000, -0.138758, 0.142121, -7.280866
1750000, 0.094136, 0.270702, -6.921810
1760000, -0.220618, 0.283731, -6.917857
1770000, 0.113473, 0.106906, -7.516460
1780000, 0.219590, -0.079595, -7.433861
1790000, 0.314038, -0.086503, -6.732429
1800000, 0.052342, -0.006170, -7.696826
1810000, -0.060074, -0.040293, -7.218411
1820000, -0.261910, -0.090001, -7.463341
1830000, -0.213567, 0.099171, -8.072259
1840000, -0.011747, 0.038472, -7.375553
1850000, 0.025775, 0.085537, -7.329296
1860000, -0.063380, 0.042875, -8.036915
1870000, -0.047194, -0.022264, -7.887662
1880000, -0.138025, 0.005426, -7.872785
1890000, 0.134587, 0.001149, -7.848855
1900000, -0.063050, -0.008489, -7.777787
1910000, -0.000488, -0.021047, -7.629058
1920000, 0.045529, -0.031117, -7.584702
1930000, -0.099869, 0.001962, -6.640406
1940000, -0.151273, 0.111287, -7.699354
1950000, 0.014043, -0.001838, -7.904349
1960000, 0.083047, 0.091072, -7.594992
1970000, -0.064389, -0.052833, -7.496723
1980000, 0.046392, -0.039905, -7.854275
1990000, 0.062939, -0.103302, -8.013876
2000000, 0.002607, 0.007350, -7.489620
2010000, 0.034998, 0.121296, -7.837532
2020000, -0.078480, -0.075582, -7.562156
2030000, -0.062287, 0.075926, -8.253840
2040000, -0.138641, 0.056142, -7.566422
2050000, 0.008903, 0.108856, -7.804620
2060000, 0.069835, -0.026210, -6.860140
2070000, 0.116260, -0.093922, -7.190125
2080000, 0.142834, 0.102082, -7.665334
2090000, 0.052417, -0.042878, -7.293091
2100000, 0.002412, -0.065521, -7.678459
2110000, 0.132793, 0.017027, -7.596636
2120000, 0.026760, 0.100029, -7.951898
2130000, -0.005952, 0.156674, -7.544096
2140000, 0.005424, -0.050302, -7.601301
2150000, -0.009090, -0.006033, -7.804028
2160000, 0.022042, -0.086559, -7.393990
2170000, 0.141483, -0.044977, -7.073670
2180000, 0.143469, -0.000025, -7.518903
2190000, 0.120825, -0.054916, -7.890135
2200000, -0.003936, 0.105950, -7.389343
2210000, 0.035976, -0.081076, -7.946460
2220000, -0.076611, 0.101361, -7.277112
2230000, -0.062232, 0.189303, -7.807485
2240000, -0.160743, 0.003393, -7.191229
2250000, 0.018117, 0.021740, -7.656845
2260000, -0.036092, -0.077875, -7.198936
2270000, 0.078828, -0.067156, -7.637912
2280000, 0.074436, -0.014886, -8.079321
2290000, -0.034485, -0.049374, -7.073713
2300000, 0.015070, 0.044831, -7.761814
2310000, -0.106675, -0.007850, -7.491292
2320000, 0.073656, -0.082456, -7.598720
2330000, 0.310902, -0.027456, -7.392842
2340000, 0.015675, -0.158120, -7.342107
2350000, 0.019917, 0.055544, -7.267240
2360000, 0.156227, -0.008708, -7.462709
2370000, -0.098431, -0.150209, -7.573234
2380000, -0.222846, -0.073312, -7.488790
2390000, 0.091255, -0.125211, -7.671294
2400000, 0.090195, -0.051600, -7.902257
2410000, 0.087226, -0.034494, -7.307582
2420000, -0.017867, 0.033648, -8.382871
2430000, -0.001076, 0.071254, -7.763344
2440000, 0.021076, 0.021338, -7.554170
2450000, -0.015728, 0.046684, -8.091322
2460000, 0.042436, 0.095670, -7.630355
2470000, 0.127043, 0.091353, -7.939990
2480000, 0.027949, -0.039090, -7.419596
2490000, -0.015008, 0.144479, -7.158600
2500000, 0.166649, 0.087082, -7.839862
2510000, 0.083403, -0.105640, -7.670826
2520000, -0.034643, -0.096260, -7.515780
2530000, 0.005196, 0.016919, -7.212292
2540000, -0.087087, -0.025014, -7.684403
2550000, -0.024210, -0.036884, -7.603679
2560000, 0.087047, 0.021936, -7.588322
2570000, 0.081143, 0.044873, -7.501074
2580000, 0.042232, 0.000002, -8.137559
2590000, -0.069616, 0.052452, -7.390374
2600000, 0.040549, 0.087938, -7.125953
2610000, -0.053333, -0.117889, -7.141137
2620000, -0.002631, -0.015935, -7.822154
2630000, 0.053710, 0.024357, -7.739784
2640000, -0.063900, -0.104042, -7.799706
2650000, -0.092590, -0.045926, -7.621812
2660000, -0.108045, -0.117904, -7.759128
2670000, -0.073724, 0.046547, -7.292351
2680000, 0.078797, -0.051888, -7.264645
2690000, -0.062189, -0.042887, -7.649044
2700000, 0.084176, -0.045019, -7.890714
2710000, 0.123655, 0.110981, -7.274252
2720000, 0.066653, 0.189192, -8.029244
2730000, -0.007256, 0.007764, -7.762196
2740000, 0.069954, 0.129446, -7.672484
2750000, -0.058157, 0.050534, -7.466430
2760000, 0.021928, 0.150324, -7.899039
2770000, -0.131468, -0.038977, -8.100305
2780000, -0.111367, 0.153199, -7.820711
2790000, -0.114739, -0.125832, -7.124059
2800000, -0.160821, -0.116422, -7.022970
2810000, 0.020079, 0.060358, -7.798531
2820000, 0.008549, -0.053783, -7.639116
2830000, 0.024902, -0.007454, -7.444960
2840000, 0.069695, 0.056073, -7.508945
2850000, -0.123211, 0.195536, -7.584398
2860000, 0.022138, 0.011668, -7.489683
2870000, 0.081931, 0.054735, -7.733148
2880000, 0.033800, 0.094556, -7.652484
2890000, 0.071664, 0.001315, -8.117853
2900000, -0.094386, -0.020030, -7.738321
2910000, 0.038898, -0.019630, -7.294473
2920000, -0.015644, -0.079277, -7.712828
2930000, -0.051939, -0.007107, -7.540976
2940000, -0.024770, -0.031789, -7.205475
2950000, 0.062768, -0.044784, -8.026157
2960000, 0.097977, -0.156009, -7.581932
2970000, 0.137468, -0.060937, -7.378423
2980000, 0.032527, 0.007783, -7.831806
2990000, 0.027105, -0.035661, -7.447487
3000000, 0.002679, -0.013108, -7.354645
3010000, 0.069045, 0.005841, -7.850992
3020000, 0.007259, -0.013446, -7.881969
3030000, -0.022269, -0.024340, -7.362347
3040000, -0.212962, -0.119652, -6.950847
3050000, 0.103621, -0.221267, -6.614111
3060000, -0.133260, -0.311076, -7.206631
3070000, -0.135923, -0.294313, -7.204230
3080000, -0.023211, -0.112060, -7.498422
3090000, 0.013990, -0.152140, -7.560940
3100000, -0.024801, -0.036412, -7.347361
3110000, -0.078548, 0.131201, -7.272958
3120000, -0.016724, -0.013406, -7.327348
3130000, 0.064861, -0.035510, -7.514078
3140000, 0.064463, 0.075581, -6.944243
3150000, 0.152892, 0.024125, -7.643736
3160000, 0.299045, 0.052154, -7.772485
3170000, -0.022869, -0.085113, -7.834363
3180000, -0.177196, -0.156328, -7.432585
3190000, -0.058728, -0.146620, -7.724947
3200000, -0.057967, -0.136573, -7.442047
3210000, 0.043714, -0.077684, -7.180866
3220000, -0.046888, -0.016616, -8.306781
3230000, -0.068855, -0.080091, -7.613911
3240000, -0.057541, -0.151634, -7.275192
3250000, 0.003045, -0.058604, -7.545116
3260000, -0.221455, -0.007232, -7.286843
3270000, -0.148306, -0.206551, -7.285567
3280000, -0.088645, -0.086117, -7.452976
3290000, -0.064337, 0.116763, -7.673244
3300000, 0.037754, 0.003828, -8.417240
3310000, -0.121889, 0.046121, -7.608496
3320000, -0.067889, -0.066210, -7.237219
3330000, 0.055797, -0.043376, -7.307623
3340000, 0.118121, 0.011383, -7.322083
3350000, 0.033254, 0.028930, -7.622687
3360000, 0.050511, 0.006106, -7.580425
3370000, -0.005703, 0.068868, -7.568434
3380000, 0.082796, 0.058902, -7.528185
3390000, -0.089620, 0.019659, -7.572224
3400000, 0.063194, 0.096837, -7.400911
3410000, -0.138167, -0.015301, -7.527512
3420000, -0.055749, 0.005356, -7.607303
3430000, 0.064785, 0.092017, -7.498728
3440000, -0.031086, -0.005106, -7.555425
3450000, 0.111340, -0.139834, -8.028985
3460000, 0.159488, 0.053334, -7.484895
3470000, 0.016239, 0.036973, -7.122280
3480000, 0.061388, 0.137710, -7.840499
3490000, 0.058273, 0.121481, -7.829733
3500000, 0.017092, -0.080563, -7.730341
3510000, -0.024863, -0.226125, -7.802638
3520000, -0.054419, 0.000829, -7.066767
3530000, -0.122621, -0.047650, -7.591761
3540000, -0.010969, 0.061106, -7.935577
3550000, -0.021775, -0.056248, -7.533583
3560000, -0.015791, 0.083881, -7.643782
3570000, -0.092900, 0.013376, -7.601605
3580000, -0.107294, 0.029952, -7.276540
3590000, -0.141679, 0.109577, -7.724472
3600000, -0.172279, -0.000767, -7.899094
3610000, -0.010600, -0.005739, -7.840091
3620000, -0.109146, -0.098064, -7.362791
3630000, 0.042645, 0.059188, -7.381816
3640000, -0.011959, -0.115296, -7.895460
3650000, -0.055050, 0.031097, -7.521829
3660000, -0.007571, -0.228103, -7.476911
3670000, 0.071645, -0.054341, -7.542184
3680000, 0.098541, -0.064915, -7.764666
3690000, 0.081088, 0.039498, -6.955671
3700000, 0.176894, -0.049145, -7.387495
3710000, -0.065220, -0.158593, -7.651568
3720000, -0.007114, -0.149684, -7.259189
3730000, -0.114366, -0.113664, -7.657255
3740000, 0.036968, -0.199075, -7.323573
3750000, 0.150854, -0.022513, -7.487879
3760000, 0.046342, -0.056896, -7.285811
3770000, 0.099683, -0.073569, -7.316135
3780000, -0.006959, -0.075804, -7.759228
3790000, 0.125871, -0.161409, -7.778541
3800000, 0.068371, -0.009822, -7.618916
3810000, -0.009214, -0.084540, -7.810267
3820000, -0.120926, 0.128867, -7.529676
3830000, 0.047065, 0.021537, -7.436816
3840000, 0.045665, -0.026805, -7.654996
3850000, 0.090742, -0.029450, -7.663232
3860000, 0.037685, -0.008211, -7.420651
3870000, -0.007549, 0.091830, -7.511739
3880000, 0.067891, -0.022924, -7.424907
3890000, 0.047145, 0.013622, -7.515281
3900000, 0.098969, 0.069898, -7.458272
3910000, -0.040352, 0.058281, -7.034713
3920000, -0.011969, -0.014991, -7.579275
3930000, -0.091717, 0.077631, -7.703584
3940000, -0.088536, 0.033024, -7.395091
3950000, 0.023422, 0.031264, -7.734602
3960000, -0.103455, -0.035385, -7.602086
3970000, 0.023246, -0.003343, -7.347918
3980000, 0.047383, 0.020321, -7.640284
3990000, -0.065352, 0.057691, -7.969933
4000000, -0.047571, 0.055098, -7.863564
4010000, -0.037024, 0.049660, -7.488199
4020000, 0.148278, 0.066244, -7.701110
4030000, 0.013352, 0.015722, -7.521572
4040000, -0.068156, 0.005868, -7.539518
4050000, -0.022715, 0.184314, -7.398185
4060000, 0.010210, 0.077216, -7.489248
4070000, 0.000200, 0.079938, -7.160622
4080000, -0.004607, -0.001797, -7.925565
4090000, 0.043955, -0.025792, -7.665850
4100000, -0.015437, -0.142531, -7.601072
4110000, 0.035825, -0.128973, -7.367827
4120000, 0.088333, 0.022095, -7.862060
4130000, 0.152736, -0.129974, -7.244950
4140000, 0.100123, 0.120654, -7.536046
4150000, 0.035994, 0.228276, -7.217601
4160000, 0.022160, 0.151415, -7.714521
4170000, 0.129789, -0.028086, -7.872015
4180000, -0.051048, -0.036363, -8.190546
4190000, -0.029306, -0.013688, -7.866483
4200000, -0.060966, 0.035549, -7.410908
4210000, 0.057992, -0.084216, -7.977194
4220000, 0.223429, -0.114052, -7.114231
4230000, 0.056426, 0.068189, -7.224335
4240000, 0.018635, -0.067439, -7.720758
4250000, -0.081142, -0.063554, -7.470539
4260000, -0.038878, 0.096211, -7.331807
4270000, -0.024870, 0.044298, -7.618810
4280000, 0.064450, 0.011177, -7.612303
4290000, -0.107700, -0.199156, -7.326256
4300000, 0.011527, 0.039991, -7.509315
4310000, -0.087972, 0.037365, -7.555555
4320000, -0.032612, 0.044648, -7.365203
4330000, -0.042560, -0.006741, -8.095394
4340000, -0.043369, 0.138191, -7.351995
4350000, -0.030562, 0.040370, -7.202572
4360000, -0.211550, -0.052328, -7.388338
4370000, 0.085255, 0.008864, -7.246912
4380000, -0.074021, 0.129792, -7.117212
4390000, 0.048295, 0.103195, -7.050125
4400000, 0.006408, 0.115144, -7.235417
4410000, -0.109816, 0.009859, -7.614415
4420000, 0.008570, -0.052275, -7.776551
4430000, -0.137466, 0.044836, -7.340675
4440000, 0.062195, 0.000165, -7.294961
4450000, 0.024404, 0.101355, -7.793965
4460000, 0.057748, -0.003451, -7.115332
4470000, -0.000982, -0.090801, -7.543403
4480000, -0.039959, 0.049850, -7.480864
4490000, 0.057725, -0.058167, -7.472682
4500000, -0.032987, 0.210480, -7.782184
4510000, 0.177265, 0.042194, -7.705456
4520000, 0.114419, 0.029557, -7.497139
4530000, 0.019647, 0.035515, -7.256233
4540000, 0.117797, 0.132893, -7.470395
4550000, -0.003619, -0.033557, -7.687557
4560000, -0.070765, 0.111215, -7.578080
4570000, 0.054395, 0.070540, -7.593455
4580000, -0.054305, 0.032957, -7.847686
4590000, 0.058638, 0.011817, -7.224602
4600000, 0.241849, 0.008790, -7.654531
4610000, 0.142461, 0.002176, -7.587076
4620000, -0.026767, 0.083732, -7.974598
4630000, -0.142260, -0.054643, -7.446976
4640000, 0.022670, 0.074364, -7.055381
4650000, 0.054420, -0.007376, -7.907693
4660000, -0.022744, 0.013321, -7.176112
4670000, -0.058979, 0.071239, -7.658300
4680000, -0.199871, 0.089593, -7.302607
4690000, -0.038882, 0.053922, -6.950667
4700000, 0.087204, 0.033677, -7.632058
4710000, -0.035424, -0.042700, -7.011006
4720000, 0.045588, -0.060186, -7.241294
4730000, -0.084117, 0.004999, -6.939121
4740000, -0.006891, 0.023817, -7.567200
4750000, -0.231743, 0.014617, -7.181735
4760000, -0.076300, -0.159620, -7.351725
4770000, -0.195475, -0.074895, -7.448465
4780000, -0.051881, -0.032076, -8.113367
4790000, -0.002553, 0.024128, -7.779972
4800000, -0.024268, 0.214873, -7.511718
4810000, -0.016514, -0.059886, -7.646299
4820000, -0.093284, 0.060813, -7.641730
4830000, -0.000217, 0.088869, -7.363609
4840000, -0.148750, 0.087954, -7.544818
4850000, -0.093890, 0.091253, -7.702490
4860000, -0.046977, 0.086247, -7.604843
4870000, 0.010233, 0.074731, -7.005747
4880000, -0.096810, -0.210670, -7.305717
4890000, -0.138701, -0.087514, -7.252508
4900000, -0.174284, 0.079590, -6.945062
4910000, 0.082566, -0.047690, -7.310315
4920000, -0.144016, 0.039322, -7.772384
4930000, -0.224615, -0.001191, -7.206047
4940000, -0.123896, -0.203598, -7.695258
4950000, -0.145305, 0.047422, -7.564857
4960000, 0.001039, 0.081486, -7.450979
4970000, -0.015866, 0.052780, -7.549395
4980000, -0.050717, 0.141718, -7.346753
4990000, 0.085103, 0.045331, -7.365568
5000000, 0.063251, 0.069349, -7.650342
5010000, -0.046153, 0.101272, -7.132101
5020000, 0.005236, 0.013057, -7.195846
5030000, -0.029169, -0.029350, -7.327520
5040000, -0.106643, -0.052886, -7.793273
5050000, -0.067135, -0.113215, -7.328639
5060000, 0.109166, 0.042866, -7.627092
5070000, 0.025519, 0.018158, -7.856832
5080000, 0.078184, 0.039527, -7.488311
5090000, -0.059902, -0.105701, -7.785964
5100000, -0.025694, -0.043124, -7.608172
5110000, 0.002029, -0.013394, -8.138025
5120000, -0.026160, 0.065137, -7.583889
5130000, -0.005361, -0.047795, -7.770537
5140000, -0.061199, -0.010528, -7.679852
5150000, 0.065177, -0.063662, -7.706590
5160000, 0.058027, 0.061221, -7.640254
5170000, 0.064156, 0.008048, -7.740456
5180000, 0.123662, 0.078434, -7.816322
5190000, 0.266419, 0.064069, -7.049789
5200000, -0.075704, 0.030508, -7.776034
5210000, 0.027362, 0.085327, -7.611843
5220000, 0.001354, -0.033026, -8.080333
5230000, 0.031533, 0.016397, -7.653571
5240000, 0.006014, -0.012281, -8.340410
5250000, 0.213245, -0.017653, -7.188545
5260000, 0.180907, 0.029922, -7.576458
5270000, -0.025205, 0.020646, -7.837173
5280000, 0.165580, -0.071560, -7.449817
5290000, 0.010108, 0.244621, -7.296587
5300000, -0.201223, 0.169124, -7.462624
5310000, 0.057180, 0.056592, -7.315413
5320000, -0.089680, 0.296806, -7.530406
5330000, 0.161522, 0.045969, -7.565312
5340000, 0.272373, -0.084413, -8.000546
5350000, 0.150980, -0.094015, -7.397364
5360000, 0.107244, -0.048093, -7.562032
5370000, 0.069051, -0.147462, -6.909158
5380000, 0.005677, -0.203062, -6.963698
5390000, 0.177352, -0.162825, -7.074963
5400000, 0.065854, -0.081558, -7.630590
5410000, -0.013765, 0.157915, -7.896697
5420000, -0.019911, 0.161447, -7.591405
5430000, -0.086005, 0.058171, -7.669353
5440000, -0.044426, 0.081208, -7.435800
5450000, 0.142575, -0.020236, -7.692512
5460000, 0.002708, -0.046788, -7.305456
5470000, 0.046934, -0.016430, -7.661678
5480000, -0.065698, -0.094951, -7.845879
5490000, 0.014486, 0.055025, -7.762724
5500000, -0.089501, 0.100385, -7.506538
5510000, -0.076591, 0.105431, -7.801928
5520000, -0.088550, -0.048912, -7.732844
5530000, 0.009722, 0.001718, -8.365556
5540000, -0.068181, -0.136244, -6.987641
5550000, 0.025966, -0.014599, -7.968661
5560000, -0.079895, 0.048425, -8.047515
5570000, -0.002600, -0.005795, -7.740022
5580000, 0.017739, -0.136475, -7.736142
5590000, -0.077820, -0.124297, -7.080467
5600000, 0.005235, 0.073818, -7.657577
5610000, 0.085671, 0.049810, -7.569277
5620000, 0.015119, -0.005661, -7.152974
5630000, 0.010699, 0.081537, -7.885108
5640000, -0.257364, 0.028856, -7.714124
5650000, -0.251238, -0.039162, -7.763839
5660000, -0.120524, 0.083063, -8.020246
5670000, -0.008860, -0.005005, -7.793599
5680000, 0.019008, -0.014117, -7.251146
5690000, 0.009585, 0.160616, -7.639468
5700000, 0.169859, -0.012100, -7.164793
5710000, 0.034737, 0.133469, -7.974789
5720000, 0.050635, -0.158802, -7.515057
5730000, -0.090365, -0.084544, -7.571291
5740000, 0.023219, -0.014710, -7.053019
5750000, -0.041849, -0.115042, -7.888961
5760000, 0.091746, -0.086330, -7.550565
5770000, 0.037521, 0.054544, -7.829585
5780000, -0.045187, -0.056080, -7.674805
5790000, -0.023959, 0.133886, -7.529747
5800000, -0.068096, 0.034767, -7.881277
5810000, 0.032160, 0.067017, -7.615416
5820000, -0.046600, 0.006697, -7.466218
5830000, -0.053868, -0.024106, -7.931370
5840000, -0.028223, -0.029109, -7.178942
5850000, 0.134885, 0.085143, -7.809825
5860000, -0.093713, -0.055885, -7.438113
5870000, 0.131633, -0.063873, -7.259836
5880000, 0.036928, -0.089413, -7.855128
5890000, 0.005560, 0.015121, -7.055098
5900000, 0.116790, -0.144923, -7.627037
5910000, 0.079938, -0.022569, -7.477253
5920000, -0.028511, 0.131454, -7.330748
5930000, 0.012650, -0.108017, -7.426516
5940000, -0.010860, -0.075651, -7.788887
5950000, -0.032360, -0.097880, -7.404032
5960000, -0.073572, -0.003603, -7.350212
5970000, -0.071674, -0.042382, -7.759401
5980000, 0.043059, -0.008644, -7.557299
5990000, -0.067446, -0.015405, -6.951270
6000000, -0.046501, 0.131599, -7.616962
6010000, -0.105902, -0.003084, -7.473747
6020000, 0.085489, 0.045095, -8.089739
6030000, -0.004806, -0.061745, -7.609828
6040000, 0.014154, 0.018411, -7.217092
6050000, -0.133976, -0.039817, -7.497368
6060000, 0.006484, 0.061442, -7.563874
6070000, -0.042823, 0.003771, -7.811004
6080000, 0.094011, -0.073056, -7.950830
6090000, 0.257991, 0.007985, -7.251279
6100000, 0.045042, 0.051626, -7.484811
6110000, 0.133782, 0.025452, -7.818077
6120000, 0.101520, 0.049621, -7.482628
6130000, 0.043277, -0.101928, -7.527467
6140000, 0.065313, 0.093146, -7.949005
6150000, 0.069702, -0.001407, -7.894611
6160000, -0.131358, -0.134407, -7.367916
6170000, 0.158757, -0.050748, -7.778419
6180000, 0.008867, -0.015965, -7.534992
6190000, 0.031982, 0.005186, -7.615795
6200000, -0.139816, 0.075088, -7.982972
6210000, -0.001598, -0.005573, -7.785288
6220000, -0.103453, 0.064029, -7.272498
6230000, -0.054944, 0.139640, -7.371752
6240000, -0.116223, 0.090045, -7.372290
6250000, -0.084257, -0.044815, -7.366235
6260000, -0.054011, 0.004606, -7.604251
6270000, 0.018930, 0.064883, -7.958734
6280000, -0.181086, 0.048832, -7.632849
6290000, -0.075058, -0.067349, -7.377733
6300000, -0.089362, -0.045068, -7.369318
6310000, -0.169176, 0.025078, -7.465468
6320000, 0.062096, -0.010542, -7.461730
6330000, -0.037539, -0.043951, -7.468498
6340000, -0.045828, -0.094341, -7.563740
6350000, -0.028785, 0.015259, -7.827537
6360000, 0.025751, 0.021919, -7.309466
6370000, -0.021409, -0.077843, -7.287730
6380000, 0.135295, 0.013645, -7.553106
6390000, -0.226434, 0.057517, -7.675654
6400000, 0.005346, 0.055585, -7.742041
6410000, -0.069510, 0.067533, -7.515019
6420000, 0.038393, 0.179715, -7.817858
6430000, 0.088170, 0.135561, -7.551508
6440000, 0.063434, 0.136006, -7.875395
6450000, -0.066008, 0.047976, -7.612458
6460000, 0.098684, 0.159059, -7.324190
6470000, 0.015956, 0.164229, -7.585719
6480000, -0.043148, -0.039586, -7.868344
6490000, 0.148931, 0.086275, -7.515767
6500000, -0.063626, 0.087139, -7.841333
6510000, 0.226672, -0.112484, -7.497133
6520000, 0.104716, -0.076760, -7.442414
6530000, 0.168574, 0.023023, -7.620213
6540000, 0.138295, 0.013122, -7.527908
6550000, 0.042364, 0.095696, -7.580900
6560000, 0.137562, 0.095014, -7.500124
6570000, 0.027078, -0.269114, -7.828835
6580000, -0.089386, -0.057297, -6.915011
6590000, 0.120143, -0.080159, -7.062820
6600000, -0.023425, 0.004274, -7.489260
6610000, -0.212798, -0.086071, -7.258234
6620000, -0.045045, -0.045328, -7.366134
6630000, -0.058800, -0.115362, -7.431071
6640000, -0.088855, 0.014185, -7.676533
6650000, -0.148884, -0.129802, -7.097852
6660000, -0.141141, 0.017238, -7.259574
6670000, 0.009508, -0.097526, -7.688056
6680000, 0.014793, -0.045581, -7.542851
6690000, 0.044072, -0.078280, -7.331278
6700000, -0.158136, -0.120213, -7.293771
6710000, -0.067139, -0.067913, -7.693058
6720000, 0.181810, -0.032225, -7.343723
6730000, 0.238981, -0.122414, -7.122220
6740000, 0.237806, 0.056690, -6.833506
6750000, 0.135961, -0.024518, -7.627241
6760000, 0.062658, -0.156695, -7.289131
6770000, -0.008056, -0.026017, -6.955382
6780000, -0.013116, -0.086129, -7.387859
6790000, -0.039308, -0.064057, -7.689758
6800000, 0.032922, -0.115683, -7.464755
6810000, 0.069286, -0.087172, -7.412254
6820000, 0.011020, 0.091430, -7.359285
6830000, -0.009186, 0.236245, -7.324908
6840000, 0.059635, 0.226502, -7.324151
6850000, 0.021329, -0.176578, -7.493653
6860000, 0.057292, -0.066127, -7.502696
6870000, 0.015179, 0.157571, -7.656981
6880000, -0.003567, 0.059176, -7.425399
6890000, -0.136524, 0.056428, -7.966349
6900000, -0.122036, 0.069263, -7.217558
6910000, 0.019971, 0.265719, -7.089947
6920000, -0.046117, 0.107114, -7.734987
6930000, -0.066909, 0.086140, -7.205648
6940000, 0.035180, -0.124385, -7.564132
6950000, -0.070682, -0.002630, -7.921715
6960000, -0.061387, -0.111830, -7.639040
6970000, -0.014729, -0.103358, -7.200116
6980000, -0.080561, 0.148458, -7.218277
6990000, -0.118130, -0.154315, -7.877416
7000000, 0.021727, -0.061420, -7.988478
7010000, -0.002595, 0.050844, -7.770130
7020000, 0.058792, 0.081568, -7.836740
7030000, -0.048251, -0.039490, -7.315971
7040000, -0.071256, 0.001820, -7.512128
7050000, -0.074006, 0.071626, -7.517023
7060000, -0.187645, -0.108055, -7.702105
7070000, -0.213653, 0.116219, -7.717601
7080000, -0.046352, -0.041048, -7.689444
7090000, 0.128948, 0.024226, -8.020427
7100000, -0.006210, -0.012145, -7.346916
7110000, -0.030481, 0.005341, -7.764181
7120000, 0.024804, -0.021242, -7.468916
7130000, 0.045837, 0.075901, -7.464580
7140000, 0.207293, 0.146387, -7.368471
7150000, 0.101068, 0.050953, -7.956281
7160000, -0.111086, -0.096458, -7.772438
7170000, -0.070073, 0.012189, -8.051524
7180000, 0.004414, -0.226933, -7.453327
7190000, 0.004174, -0.050334, -7.724248
7200000, 0.006923, -0.140115, -7.610484
7210000, -0.013855, 0.092731, -7.338858
7220000, 0.124907, -0.092189, -7.547698
7230000, 0.100818, -0.031029, -7.947681
7240000, 0.031894, -0.101278, -7.376275
7250000, -0.084003, 0.085216, -7.389967
7260000, 0.040060, 0.040618, -7.683057
7270000, -0.060319, 0.004067, -7.933592
7280000, -0.023021, 0.016725, -7.805905
7290000, -0.051690, 0.152824, -7.378728
7300000, 0.031527, 0.126004, -7.777034
7310000, 0.174927, 0.107801, -7.754903
7320000, -0.009402, 0.033825, -7.418188
7330000, 0.045489, -0.072728, -7.428069
7340000, 0.029823, -0.017870, -7.716290
7350000, 0.041102, 0.122631, -7.232816
7360000, -0.011887, -0.072400, -7.687983
7370000, -0.031120, 0.061624, -7.464655
7380000, -0.019238, -0.086720, -7.415962
7390000, -0.131902, 0.142336, -7.386431
7400000, -0.104044, 0.027698, -7.776192
7410000, 0.019458, 0.094858, -7.523455
7420000, -0.019779, 0.114219, -7.868140
7430000, 0.088479, -0.007258, -7.565090
7440000, -0.074332, -0.004189, -7.822505
7450000, 0.035470, -0.135792, -7.461034
7460000, -0.047841, -0.152537, -7.795240
7470000, -0.004232, -0.187782, -7.596912
7480000, -0.062074, -0.023558, -7.648593
7490000, 0.079728, -0.038399, -7.806113
7500000, 0.080335, -0.141464, -7.555858
7510000, 0.193066, -0.054645, -6.994385
7520000, 0.066945, -0.076175, -8.014384
7530000, -0.009209, 0.043717, -7.916640
7540000, 0.037520, 0.212016, -7.468316
7550000, -0.092940, 0.075937, -7.551481
7560000, 0.132003, -0.094985, -6.931418
7570000, 0.175851, 0.017460, -7.427153
7580000, 0.032961, -0.063618, -7.938864
7590000, 0.095202, -0.136749, -8.476193
7600000, 0.211651, 0.029079, -7.735671
7610000, 0.200334, -0.082839, -7.332980
7620000, 0.108512, -0.074312, -7.557273
7630000, 0.076834, -0.125035, -7.721571
7640000, 0.125826, -0.026506, -7.620272
7650000, -0.064827, 0.013435, -7.693130
7660000, 0.119528, -0.138260, -7.630675
7670000, 0.003037, -0.082267, -7.699859
7680000, 0.094433, -0.091904, -7.592781
7690000, 0.086578, -0.102020, -7.605698
7700000, -0.052939, -0.222639, -7.281272
7710000, -0.067038, -0.041352, -7.623848
7720000, -0.087391, -0.092679, -6.984219
7730000, 0.028619, 0.042650, -7.571274
7740000, -0.093923, -0.002637, -7.798438
7750000, -0.112719, 0.127473, -7.369010
7760000, -0.152282, -0.068358, -7.431189
7770000, -0.215630, 0.021747, -7.790172
7780000, -0.093107, 0.051027, -7.340323
7790000, -0.073938, -0.118880, -7.197183
7800000, 0.045861, -0.023945, -7.509630
7810000, -0.088601, -0.103032, -7.568498
7820000, 0.021441, -0.130165, -7.207971
7830000, -0.124810, -0.062566, -7.528996
7840000, 0.001300, -0.037649, -7.557372
7850000, -0.079112, -0.026063, -7.820844
7860000, 0.030533, -0.077086, -8.041614
7870000, 0.022409, -0.028467, -7.429551
7880000, -0.195549, 0.032353, -7.310466
7890000, -0.096810, -0.022228, -7.312474
7900000, -0.097573, 0.144031, -7.997997
7910000, -0.003356, 0.093533, -7.621432
7920000, -0.048453, 0.080663, -7.525838
7930000, 0.070433, 0.131839, -7.252382
7940000, -0.059212, 0.041531, -6.809771
7950000, -0.032074, -0.134084, -7.165659
7960000, 0.040930, -0.001914, -7.391355
7970000, 0.012045, 0.028695, -7.677850
7980000, -0.077094, -0.006572, -7.638655
7990000, -0.007167, 0.042399, -7.597545
8000000, -0.100689, 0.080546, -7.641563
8010000, -0.125192, 0.025825, -7.671537
8020000, -0.041170, -0.096993, -7.623311
8030000, -0.067178, 0.288886, -7.733196
8040000, -0.023377, 0.143502, -7.501176
8050000, -0.061433, 0.064894, -7.670985
8060000, 0.131012, -0.094562, -7.622357
8070000, -0.097302, -0.058333, -7.826840
8080000, 0.072291, -0.021565, -7.838136
8090000, -0.027458, 0.009229, -7.420677
8100000, -0.035828, -0.043810, -7.695651
8110000, -0.010123, -0.115389, -6.927064
8120000, 0.028898, -0.033541, -7.672837
8130000, 0.074180, 0.031089, -7.957061
8140000, -0.106667, 0.134420, -7.639538
8150000, -0.113098, 0.035450, -7.405280
8160000, 0.057339, -0.002397, -7.288770
8170000, 0.010764, -0.001021, -7.917948
8180000, -0.147196, 0.110908, -7.092626
8190000, 0.135819, 0.254860, -7.333135
8200000, -0.082441, 0.214874, -7.504885
8210000, 0.106888, 0.138519, -7.643999
8220000, -0.006247, -0.058332, -7.895269
8230000, 0.029736, 0.008282, -7.667824
8240000, 0.026689, 0.055618, -7.456747
8250000, -0.073358, -0.017220, -7.485895
8260000, 0.019418, -0.107904, -7.669180
8270000, -0.030699, -0.064327, -8.188681
8280000, -0.055037, -0.055620, -7.115995
8290000, -0.123588, 0.067467, -7.599505
8300000, -0.047024, -0.055933, -7.628313
8310000, -0.153766, -0.027659, -7.627748
8320000, 0.024772, 0.094150, -8.013647
8330000, 0.079089, -0.015314, -7.615874
8340000, 0.111680, -0.051926, -7.208280
8350000, 0.061627, 0.032257, -7.884835
8360000, -0.033692, -0.109217, -7.400093
8370000, 0.132199, 0.043208, -7.562274
8380000, 0.018021, -0.027299, -7.527712
8390000, 0.132455, 0.024140, -7.326415
8400000, -0.051794, 0.021830, -7.756542
8410000, -0.056473, 0.116834, -7.702633
8420000, -0.019858, 0.089269, -7.609565
8430000, -0.091981, 0.215141, -7.460895
8440000, -0.063695, 0.092498, -7.516254
8450000, -0.067625, -0.021362, -7.451830
8460000, -0.099341, -0.008637, -7.348957
8470000, -0.055728, -0.171192, -7.534527
8480000, -0.048562, -0.117182, -6.516758
8490000, 0.038747, -0.107732, -7.614016
8500000, -0.065331, -0.029868, -7.441704
8510000, 0.024179, -0.036734, -7.715151
8520000, 0.161574, 0.016425, -7.603248
8530000, -0.004855, 0.071831, -7.441520
8540000, 0.027489, 0.021896, -7.690013
8550000, 0.038136, -0.100046, -8.010599
8560000, 0.163022, 0.013198, -7.947129
8570000, -0.022693, 0.058448, -8.200767
8580000, 0.040284, -0.122442, -7.250896
8590000, 0.244402, 0.011998, -7.407709
8600000, -0.141184, -0.127159, -7.458731
8610000, 0.055563, -0.121499, -7.616625
8620000, 0.180639, -0.033487, -7.550440
8630000, -0.051020, -0.228818, -7.245602
8640000, 0.012971, -0.056505, -7.595602
8650000, 0.016828, -0.058216, -7.526638
8660000, 0.043683, 0.025132, -7.614721
8670000, 0.038280, -0.120871, -7.230994
8680000, 0.138258, -0.026724, -7.706721
8690000, -0.078181, 0.064082, -7.304053
8700000, 0.027320, 0.016894, -7.464474
8710000, -0.061221, -0.101933, -7.840071
8720000, 0.053287, 0.002937, -7.704668
8730000, 0.097171, -0.092585, -7.119525
8740000, -0.064778, -0.196788, -7.442080
8750000, 0.046592, -0.057474, -7.389326
8760000, 0.032986, 0.010877, -7.762088
8770000, 0.037726, 0.045445, -7.739813
8780000, -0.001275, 0.097732, -8.326553
8790000, -0.037009, -0.095835, -7.417956
8800000, 0.113308, -0.121586, -7.564703
8810000, 0.070438, -0.103224, -8.349643
8820000, 0.054953, -0.006701, -7.824351
8830000, 0.111896, 0.011270, -7.317030
8840000, 0.053180, 0.166888, -7.873410
8850000, -0.079232, 0.028222, -7.689012
8860000, 0.034759, 0.229825, -7.144162
8870000, 0.017129, -0.018435, -7.561936
8880000, 0.030197, 0.049789, -8.226773
8890000, -0.045252, -0.091141, -7.255970
8900000, -0.114270, -0.017096, -7.926540
8910000, -0.017491, -0.023134, -8.046631
8920000, 0.121209, -0.084701, -7.943535
8930000, 0.105589, -0.118343, -7.224542
8940000, 0.120024, 0.020303, -7.651826
8950000, 0.205630, -0.062774, -7.525096
8960000, -0.042320, -0.157733, -7.657360
8970000, 0.097011, 0.163057, -7.805237
8980000, -0.131362, -0.086749, -7.775538
8990000, -0.126002, -0.008716, -7.508606
9000000, 0.045988, -0.039707, -7.272888
9010000, -0.074376, -0.002254, -7.764861
9020000, 0.087060, 0.000927, -7.478732
9030000, 0.059744, 0.081497, -7.889004
9040000, 0.021645, -0.007969, -7.805551
9050000, 0.027957, 0.038074, -7.244176
9060000, 0.194002, 0.022219, -7.734754
9070000, 0.190638, 0.218629, -7.511386
9080000, 0.082857, 0.020160, -7.455153
9090000, 0.001032, 0.032309, -7.758912
9100000, 0.022901, 0.212081, -7.440261
9110000, 0.067334, 0.021170, -7.516179
9120000, 0.094044, -0.031343, -7.767250
9130000, 0.035801, 0.242946, -7.344321
9140000, 0.080261, -0.007007, -7.908118
9150000, -0.009528, 0.012259, -7.740404
9160000, -0.038595, 0.064910, -7.302652
9170000, 0.016253, -0.004667, -7.942174
9180000, 0.070706, 0.113082, -7.555371
9190000, 0.005722, 0.055534, -7.760553
9200000, 0.160261, -0.036072, -7.511298
9210000, -0.075144, 0.027879, -7.779125
9220000, 0.014551, -0.062471, -7.596755
9230000, -0.070224, 0.175101, -7.083846
9240000, -0.219199, 0.162367, -7.450944
9250000, -0.421002, 0.050954, -6.705838
9260000, -0.233842, 0.164049, -6.988212
9270000, -0.316534, 0.032817, -7.209188
9280000, -0.294026, 0.035123, -7.395220
9290000, -0.156110, 0.081969, -7.182110
9300000, 0.104578, 0.188915, -7.537779
9310000, -0.048128, 0.067233, -7.105439
9320000, 0.084502, 0.277553, -8.373866
9330000, 0.073146, 0.004650, -7.279330
9340000, 0.136715, -0.067156, -7.809905
9350000, 0.163453, -0.001820, -7.537310
9360000, 0.168630, -0.003850, -7.735651
9370000, 0.005581, -0.053368, -7.840099
9380000, -0.037567, 0.029672, -7.778017
9390000, -0.172532, -0.079412, -8.101302
9400000, 0.001422, -0.054768, -7.552047
9410000, 0.031179, 0.078895, -7.816611
9420000, -0.118075, 0.030552, -7.130164
9430000, -0.021671, -0.005534, -7.437419
9440000, -0.089524, 0.150850, -7.794482
9450000, -0.026183, -0.093266, -7.679842
9460000, -0.029080, 0.066801, -7.501122
9470000, 0.066681, 0.030528, -7.345239
9480000, 0.082050, 0.039787, -7.735616
9490000, 0.169314, -0.002853, -7.841602
9500000, 0.075231, 0.077798, -7.551079
9510000, -0.025971, -0.038583, -7.548713
9520000, 0.040089, 0.012459, -7.565056
9530000, 0.051703, 0.119005, -7.626597
9540000, 0.115508, 0.004905, -7.017454
9550000, -0.104386, 0.184460, -7.711162
9560000, 0.042999, 0.228714, -7.483580
9570000, -0.058525, 0.067064, -7.445895
9580000, -0.029426, 0.181281, -7.744609
9590000, -0.127304, -0.128665, -7.398457
9600000, 0.008098, 0.014638, -7.390957
9610000, -0.057600, -0.037128, -7.715092
9620000, -0.052093, 0.214085, -7.658688
9630000, -0.041134, 0.012237, -7.434270
9640000, 0.003758, 0.021758, -7.462137
9650000, -0.146303, -0.107648, -7.570271
9660000, 0.025852, -0.110694, -7.562933
9670000, 0.273519, -0.167895, -7.435966
9680000, 0.120501, -0.173276, -7.672401
9690000, -0.038679, 0.126976, -7.805118
9700000, -0.029034, -0.025125, -7.786479
9710000, -0.184236, -0.181331, -7.405216
9720000, -0.079034, 0.012886, -7.693749
9730000, -0.003213, 0.051044, -7.531347
9740000, 0.005322, -0.087264, -7.952845
9750000, 0.120975, 0.032076, -7.767815
9760000, 0.025059, -0.054840, -7.429475
9770000, 0.011805, 0.066921, -8.034519
9780000, 0.088034, -0.003811, -7.822661
9790000, -0.070527, -0.162490, -7.972946
9800000, 0.053901, 0.059531, -7.289074
9810000, 0.102747, -0.005664, -7.037967
9820000, 0.114286, -0.000697, -7.544444
9830000, 0.113801, 0.033997, -7.144190
9840000, -0.022242, 0.024573, -7.667997
9850000, 0.083151, -0.094385, -7.743299
9860000, 0.001389, -0.051439, -7.874779
9870000, -0.037303, -0.048589, -7.726599
9880000, 0.033825, -0.053098, -7.534976
9890000, -0.083713, 0.004753, -7.814945
9900000, 0.037810, -0.127078, -7.445624
9910000, -0.056393, 0.007364, -7.949446
9920000, -0.029106, -0.092400, -7.352432
9930000, -0.045507, -0.124733, -7.668619
9940000, -0.085155, -0.010043, -7.457925
9950000, -0.038214, 0.020240, -7.710606
9960000, -0.050601, 0.096609, -7.172170
9970000, 0.012938, 0.061281, -7.332727
9980000, -0.077865, -0.048721, -7.399566
9990000, 0.097730, -0.153648, -7.671006
10000000, 0.044008, 0.128428, -7.635905
10010000, -0.089267, -0.104771, -7.535267
10020000, 0.136311, 0.045454, -7.801332
10030000, -0.033290, 0.009358, -7.395745
10040000, -0.045903, 0.005340, -7.704332
10050000, 0.181885, 0.012587, -7.937950
10060000, 0.141136, -0.060706, -7.304521
10070000, 0.048056, 0.090953, -7.799589
10080000, -0.077783, 0.043575, -7.539628
10090000, -0.077477, 0.018617, -7.280713
10100000, -0.110172, 0.061767, -7.824713
10110000, -0.056569, -0.088843, -7.415699
10120000, -0.261884, 0.056547, -7.641704
10130000, 0.041073, 0.055714, -7.628096
10140000, 0.001661, -0.025292, -7.671214
10150000, 0.029621, 0.131346, -7.333635
10160000, -0.053347, 0.193042, -6.921054
10170000, -0.049401, 0.042532, -7.554558
10180000, -0.038309, -0.033949, -7.517340
10190000, 0.043731, 0.033939, -7.819808
10200000, -0.097664, 0.111781, -7.345839
10210000, 0.058220, 0.131778, -7.289667
10220000, -0.047013, 0.142317, -7.899648
10230000, -0.072196, 0.094356, -7.707251
10240000, 0.001625, -0.038145, -8.188309
10250000, -0.050296, 0.046056, -7.657520
10260000, 0.044930, -0.136484, -7.933492
10270000, -0.053776, -0.069419, -7.456326
10280000, 0.205940, -0.000811, -7.240276
10290000, -0.074616, -0.067588, -7.202852
10300000, -0.055495, 0.031677, -8.017594
10310000, 0.097667, -0.080405, -7.552274
10320000, -0.000545, -0.010098, -7.576868
10330000, 0.014296, 0.056059, -7.678226
10340000, 0.035574, -0.043949, -7.821684
10350000, 0.152448, 0.097552, -7.860675
10360000, 0.025216, 0.057802, -7.614587
10370000, -0.053925, -0.133276, -7.429546
10380000, -0.056806, -0.086952, -7.827316
10390000, 0.006786, -0.057381, -7.757619
10400000, -0.032161, -0.083621, -7.974435
10410000, -0.016830, -0.035000, -7.395309
10420000, -0.101660, -0.045938, -7.864804
10430000, 0.096542, 0.000192, -7.456964
10440000, -0.024627, 0.087831, -8.225874
10450000, -0.048912, -0.019120, -7.700335
10460000, 0.054152, -0.024010, -7.658101
10470000, 0.086753, 0.115436, -7.246625
10480000, 0.115855, 0.021303, -7.482912
10490000, 0.143426, -0.059531, -7.258756
10500000, 0.094330, 0.056184, -7.926872
10510000, 0.104038, 0.059874, -7.713784
10520000, 0.018955, 0.084226, -7.729838
10530000, -0.052902, 0.164116, -7.989189
10540000, 0.017296, 0.124581, -7.585734
10550000, 0.036642, 0.115091, -7.488207
10560000, 0.025472, -0.069724, -7.843708
10570000, -0.026466, -0.070513, -7.161424
10580000, -0.055583, -0.000071, -7.397696
10590000, 0.051469, 0.102356, -7.594606
10600000, 0.068367, 0.065540, -7.674500
10610000, 0.013660, -0.002880, -7.657357
10620000, -0.165479, 0.055920, -7.461518
10630000, 0.080807, 0.068014, -7.420445
10640000, 0.085249, 0.119772, -7.201956
10650000, -0.097072, 0.253197, -6.897792
10660000, 0.026812, 0.080981, -7.482644
10670000, 0.233041, -0.014282, -7.424565
10680000, 0.068433, 0.093467, -7.769736
10690000, 0.139809, -0.041282, -7.349790
10700000, -0.075631, 0.014677, -7.676091
10710000, -0.004624, 0.042627, -7.662074
10720000, 0.083406, -0.015054, -7.368628
10730000, -0.030523, -0.075882, -7.802812
10740000, 0.056000, -0.006011, -7.567306
10750000, 0.053925, 0.130751, -7.436774
10760000, -0.124348, 0.077390, -7.226099
10770000, -0.140720, 0.057794, -7.593551
10780000, 0.014911, 0.133866, -7.266172
10790000, 0.095958, 0.147551, -7.453471
10800000, 0.213976, 0.198951, -7.237530
10810000, 0.200044, 0.152284, -6.438449
10820000, 0.210958, 0.072889, -7.118659
10830000, 0.003690, -0.250836, -6.762105
10840000, 0.032025, -0.157778, -7.427674
10850000, -0.066795, -0.248253, -7.510630
10860000, 0.162597, -0.143916, -7.443307
10870000, -0.125087, -0.179981, -7.747710
10880000, -0.155393, -0.183892, -7.311895
10890000, -0.018421, -0.061695, -7.674716
10900000, 0.168795, -0.070296, -7.407665
10910000, 0.055391, -0.173211, -6.852266
10920000, 0.183372, -0.109233, -7.237895
10930000, 0.101617, 0.240272, -6.790804
10940000, 0.390144, 0.128736, -7.244595
10950000, 0.138844, -0.186794, -7.643124
10960000, 0.204974, -0.054721, -6.876243
10970000, 0.225265, 0.352211, -7.062926
10980000, 0.201013, 0.284841, -6.953931
10990000, 0.329820, 0.021465, -6.389959
11000000, 0.302491, -0.224940, -6.031178
11010000, 0.248885, -0.201494, -6.331573
11020000, 0.183144, -0.266006, -7.580835
11030000, 0.080480, -0.125555, -7.489839
11040000, -0.112644, -0.126025, -7.509804
11050000, -0.118388, 0.075771, -7.487569
11060000, 0.012867, 0.037921, -7.727248
11070000, -0.116933, 0.081551, -7.342485
11080000, 0.058484, 0.031240, -7.544550
11090000, -0.075379, -0.018172, -7.850818
11100000, -0.089492, 0.074067, -7.459887
11110000, -0.117798, 0.215472, -7.730647
11120000, -0.089570, 0.018916, -7.862480
11130000, -0.040143, -0.005893, -7.689568
11140000, 0.058711, -0.045472, -7.346570
11150000, -0.016875, -0.017602, -7.724843
11160000, 0.117256, 0.034840, -7.214057
11170000, 0.158395, 0.065531, -7.327910
11180000, 0.030389, 0.174208, -7.517256
11190000, 0.097544, -0.158116, -7.298647
11200000, -0.000528, 0.016060, -7.571499
11210000, 0.112756, -0.064794, -7.368654
11220000, 0.041305, 0.055102, -7.678413
11230000, -0.079437, 0.090168, -7.347708
11240000, 0.090882, -0.028583, -7.389634
11250000, -0.007916, 0.191674, -7.077617
11260000, -0.087513, 0.217784, -7.701161
11270000, 0.061239, 0.285950, -6.618370
11280000, 0.144619, 0.213951, -7.069020
11290000, 0.082723, 0.230792, -6.936959
11300000, 0.055733, 0.200222, -7.175543
11310000, -0.041834, 0.230737, -7.123011
11320000, -0.185754, 0.134298, -7.452159
11330000, 0.085209, -0.061003, -7.964527
11340000, 0.027669, 0.022298, -7.205738
11350000, 0.028635, -0.160905, -7.605873
11360000, 0.014944, -0.170445, -7.811700
11370000, 0.056878, -0.009640, -7.801188
11380000, -0.018494, -0.091256, -7.262734
11390000, 0.022501, 0.030368, -7.458597
11400000, -0.050457, 0.006755, -7.423195
11410000, 0.008781, -0.159355, -7.814468
11420000, -0.093464, 0.006433, -8.024140
11430000, -0.016238, -0.023328, -8.010464
11440000, 0.035893, -0.106796, -7.775680
11450000, -0.041006, -0.009547, -7.706482
11460000, 0.082595, 0.151734, -7.235999
11470000, 0.113789, 0.089161, -7.854756
11480000, 0.050828, 0.169686, -6.966996
11490000, -0.117294, 0.237478, -6.827963
11500000, 0.013170, 0.261216, -7.006277
11510000, 0.149232, 0.138648, -7.041649
11520000, 0.188516, 0.096413, -7.569564
11530000, 0.027620, -0.111190, -7.561145
11540000, 0.001772, 0.057595, -7.291129
11550000, 0.007985, -0.113155, -7.587799
11560000, 0.055013, 0.062540, -7.772681
11570000, -0.085801, 0.011919, -7.496028
11580000, 0.068816, 0.008365, -7.927182
11590000, -0.029097, 0.050742, -7.918961
11600000, 0.097716, -0.143967, -7.187942
11610000, 0.048065, -0.082925, -7.696007
11620000, 0.034920, -0.193577, -7.972071
11630000, -0.022852, -0.116250, -8.295229
11640000, -0.083340, 0.083434, -7.444183
11650000, 0.030453, -0.034943, -7.480307
11660000, 0.024189, -0.021130, -7.735231
11670000, -0.063125, 0.020264, -7.674049
11680000, -0.025158, 0.122207, -8.091072
11690000, 0.056718, -0.035316, -8.206997
11700000, -0.085208, -0.059594, -7.524615
11710000, 0.017028, 0.081160, -7.328345
11720000, -0.054537, -0.013607, -7.601565
11730000, 0.005405, -0.121793, -7.942193
11740000, -0.076278, 0.010764, -7.281187
11750000, -0.134237, -0.003170, -7.775815
11760000, 0.051670, -0.087433, -7.369107
11770000, 0.104939, -0.053123, -7.371621
11780000, 0.200596, 0.057366, -7.668189
11790000, -0.010030, -0.118184, -7.699029
11800000, -0.068960, 0.014629, -7.174031
11810000, -0.106086, -0.053836, -7.385611
11820000, -0.115082, 0.065566, -7.465443
11830000, -0.066133, -0.012350, -7.316245
11840000, -0.105306, 0.050373, -7.808146
11850000, -0.014724, 0.013247, -7.630918
11860000, -0.100385, -0.067501, -7.479660
11870000, 0.038694, 0.126736, -7.604470
11880000, -0.008608, 0.105682, -7.523187
11890000, 0.112588, -0.065538, -7.096034
11900000, -0.007220, 0.157422, -7.221575
11910000, -0.057423, 0.006389, -8.141587
11920000, -0.090877, -0.085156, -7.914988
11930000, 0.044633, 0.026328, -7.951841
11940000, 0.036772, -0.000817, -7.857150
11950000, 0.043533, 0.049514, -7.871532
11960000, 0.032241, -0.015369, -7.154335
11970000, 0.094292, -0.003099, -7.496136
11980000, 0.108552, 0.038130, -7.356202
11990000, -0.079899, 0.038290, -7.520534
12000000, -0.101960, -0.097850, -7.650383
12010000, -0.019251, -0.055940, -7.513386
12020000, -0.001944, -0.131322, -7.695918
12030000, 0.135510, -0.089702, -7.249306
12040000, 0.066570, -0.111838, -7.763322
12050000, -0.046791, -0.045017, -7.867833
12060000, -0.114017, -0.228159, -7.265881
12070000, -0.009572, -0.162825, -7.191739
12080000, -0.025555, 0.034125, -7.765417
12090000, 0.036007, 0.018207, -7.206783
12100000, -0.020001, 0.050095, -7.051383
12110000, 0.026030, 0.035268, -6.697919
12120000, -0.005146, 0.059876, -7.113978
12130000, 0.102461, -0.073925, -7.515607
12140000, -0.059067, 0.056362, -7.600384
12150000, -0.096355, 0.098862, -7.130717
12160000, -0.056805, 0.059788, -7.518245
12170000, 0.001708, 0.041203, -8.047448
12180000, 0.037111, -0.043311, -7.417655
12190000, 0.085867, 0.074772, -7.372748
12200000, 0.218352, -0.117149, -7.090046
12210000, 0.120740, 0.103108, -7.295916
12220000, 0.177972, -0.061716, -7.402224
12230000, 0.002093, 0.056579, -7.658124
12240000, -0.025041, 0.079797, -7.259307
12250000, -0.164948, 0.063241, -7.384113
12260000, -0.257997, 0.027063, -7.798539
12270000, -0.110409, -0.095138, -7.481509
12280000, -0.090467, 0.094432, -7.384368
12290000, -0.131347, -0.111465, -7.744026
12300000, 0.142908, -0.072814, -7.881280
12310000, -0.087038, 0.064564, -7.544309
12320000, 0.020493, 0.023388, -7.913850
12330000, 0.039558, 0.043169, -7.779503
12340000, 0.013736, -0.110213, -7.926928
12350000, -0.004974, -0.105142, -7.690121
12360000, -0.006774, 0.010320, -7.889246
12370000, 0.024629, -0.017025, -7.733141
12380000, 0.019410, 0.090387, -7.528490
12390000, 0.075522, 0.040109, -7.629596
12400000, -0.038094, -0.084136, -7.744384
12410000, -0.117834, 0.140583, -7.748451
12420000, 0.224778, 0.181614, -7.459695
12430000, 0.041123, 0.392228, -7.229276
12440000, 0.016456, 0.140163, -7.289437
12450000, -0.011622, 0.135147, -7.877964
12460000, -0.084201, 0.027341, -7.431553
12470000, -0.016792, -0.162887, -7.905704
12480000, -0.056968, -0.071695, -7.788748
12490000, -0.080963, 0.116732, -7.357844
12500000, -0.161058, 0.080443, -7.427274
12510000, -0.044985, -0.002613, -7.941818
12520000, -0.004238, 0.099059, -7.906441
12530000, 0.000878, -0.097283, -7.121402
12540000, 0.062035, 0.022004, -7.662125
12550000, 0.004225, -0.020340, -7.699436
12560000, 0.030687, -0.022069, -7.799554
12570000, 0.024435, -0.044781, -8.245206
12580000, -0.070869, 0.088601, -7.404869
12590000, -0.109151, -0.013249, -7.836363
12600000, 0.116335, 0.016626, -7.649248
12610000, -0.091850, 0.038160, -7.347241
12620000, 0.016598, 0.094069, -7.602202
12630000, 0.019092, 0.043427, -7.357205
12640000, -0.036354, -0.133949, -7.322190
12650000, 0.047699, 0.008667, -7.579538
12660000, 0.057205, 0.030995, -7.360399
12670000, 0.093017, -0.017191, -7.569729
12680000, -0.153200, 0.028431, -7.415861
12690000, -0.200188, 0.031598, -7.179120
12700000, -0.118874, 0.088229, -7.639286
12710000, -0.122044, 0.048538, -7.449026
12720000, -0.101122, 0.129723, -7.656166
12730000, -0.086602, 0.037434, -7.035701
12740000, 0.097315, 0.054083, -7.674976
12750000, -0.064976, -0.053692, -7.811661
12760000, -0.139568, -0.041312, -7.436349
12770000, -0.000679, 0.011125, -7.683607
12780000, -0.057739, -0.032344, -7.497231
12790000, 0.041956, -0.109543, -7.808142
12800000, 0.055077, -0.023700, -7.558517
12810000, 0.008571, 0.066975, -7.149426
12820000, 0.013480, -0.018391, -7.863703
12830000, 0.068567, -0.013775, -7.398611
12840000, 0.058437, -0.129516, -7.545787
12850000, 0.062986, -0.022457, -7.957628
12860000, 0.055175, 0.031436, -7.851252
12870000, 0.058054, 0.000021, -7.873274
12880000, -0.137226, 0.128258, -7.157239
12890000, 0.087177, -0.007650, -7.601007
12900000, 0.017256, -0.075480, -7.933346
12910000, 0.078969, -0.016006, -8.180416
12920000, 0.059507, 0.101614, -7.104840
12930000, -0.118722, -0.042742, -8.090314
12940000, -0.050095, -0.191372, -7.165099
12950000, 0.062895, -0.084773, -7.649955
12960000, -0.156089, -0.111962, -7.254229
12970000, 0.009640, 0.192543, -7.761924
12980000, -0.055281, 0.102078, -7.388042
12990000, -0.127237, 0.138292, -7.560935
13000000, 0.001561, 0.045654, -8.150737
13010000, 0.046844, 0.031255, -7.402817
13020000, 0.010235, -0.145076, -7.644247
13030000, 0.042315, -0.046038, -7.470347
13040000, -0.004073, -0.136165, -7.570461
13050000, 0.059344, 0.055532, -7.417419
13060000, 0.039729, 0.083004, -7.449746
13070000, -0.197710, -0.066475, -7.378042
13080000, 0.060722, -0.013611, -7.622448
13090000, -0.058401, 0.097795, -7.864616
13100000, 0.013313, 0.108480, -7.606533
13110000, 0.034043, -0.050484, -7.350424
13120000, 0.004370, -0.125866, -7.537294
13130000, -0.189424, 0.141165, -7.321421
13140000, 0.002465, 0.048127, -7.051437
13150000, 0.086279, 0.017812, -7.621341
13160000, -0.015082, 0.051517, -6.942764
13170000, -0.196305, 0.103856, -6.868841
13180000, -0.068701, 0.096026, -7.623810
13190000, -0.011119, 0.022960, -7.355195
13200000, -0.030739, -0.002522, -7.529247
13210000, -0.127787, 0.014807, -7.855632
13220000, -0.012119, 0.013585, -7.959880
13230000, -0.028377, 0.029899, -6.978042
13240000, -0.060207, 0.051170, -7.561768
13250000, -0.053356, -0.019079, -7.945469
13260000, 0.183903, 0.186405, -6.842847
13270000, 0.068872, 0.051602, -6.908433
13280000, -0.132468, 0.043072, -7.338112
13290000, 0.011624, 0.030562, -7.694293
13300000, -0.120378, 0.049049, -7.946717
13310000, 0.041940, 0.150460, -8.070767
13320000, 0.011045, -0.088598, -7.647757
13330000, 0.038794, 0.099106, -7.263430
13340000, 0.125614, 0.004522, -7.088025
13350000, 0.018730, 0.026339, -8.034882
13360000, -0.063318, -0.074627, -7.488287
13370000, -0.052735, -0.014584, -7.740623
13380000, -0.036137, 0.041560, -7.816575
13390000, -0.017520, -0.100320, -7.700224
13400000, 0.026851, 0.014191, -7.690766
13410000, -0.121180, -0.096807, -7.159371
13420000, -0.103918, 0.027021, -7.901277
13430000, -0.017846, -0.065073, -8.093543
13440000, -0.106987, -0.198817, -7.700869
13450000, -0.011062, -0.107267, -7.429802
13460000, 0.226342, -0.201625, -6.961719
13470000, -0.074458, -0.051446, -7.778575
13480000, -0.159922, -0.021332, -7.247134
13490000, -0.128378, -0.003771, -8.044315
13500000, -0.055848, -0.034863, -7.845276
13510000, 0.071726, 0.003909, -7.303862
13520000, 0.098433, -0.130721, -7.494952
13530000, 0.040968, -0.093427, -7.647647
13540000, 0.205469, -0.044374, -7.031517
13550000, 0.235783, -0.082576, -7.515912
13560000, -0.121497, -0.126737, -7.353119
13570000, 0.309896, -0.008728, -6.811171
13580000, 0.218133, 0.090567, -6.800062
13590000, 0.154589, 0.239970, -7.773041
13600000, 0.131205, 0.175930, -7.238281
13610000, 0.105349, 0.143017, -7.406386
13620000, 0.105092, 0.077503, -7.560088
13630000, 0.185561, 0.032990, -7.429003
13640000, -0.065595, 0.017192, -7.612375
13650000, 0.130656, -0.228585, -7.269326
13660000, 0.035270, -0.046398, -8.295577
13670000, 0.147102, -0.032745, -7.881180
13680000, 0.014458, -0.188597, -7.439444
13690000, 0.082712, 0.022001, -7.595062
13700000, -0.025641, -0.016740, -7.404508
13710000, 0.118668, 0.113189, -7.575656
13720000, -0.025968, 0.062816, -7.983803
13730000, -0.106549, -0.009917, -7.693502
13740000, -0.041476, 0.017587, -7.609663
13750000, -0.053038, -0.139915, -7.521273
13760000, -0.039738, 0.042743, -7.764882
13770000, -0.021382, -0.182775, -7.738308
13780000, 0.040208, 0.000408, -7.624439
13790000, 0.054150, -0.002501, -7.552067
13800000, -0.072043, 0.040239, -7.809980
13810000, -0.064668, -0.035449, -7.714580
13820000, -0.023993, -0.013962, -7.566014
13830000, 0.020398, 0.078856, -7.766637
13840000, -0.025952, 0.019894, -7.730029
13850000, -0.106364, 0.135636, -7.635656
13860000, -0.133948, -0.114631, -7.745496
13870000, -0.005355, 0.060359, -8.036508
13880000, 0.063321, 0.003864, -7.772239
13890000, -0.020954, -0.047769, -8.034967
13900000, 0.014168, 0.049847, -7.587667
13910000, 0.126804, -0.216289, -7.576904
13920000, -0.125873, 0.136066, -7.508162
13930000, 0.006324, 0.133208, -7.954742
13940000, -0.050565, 0.071564, -7.517129
13950000, -0.010350, 0.046494, -7.421398
13960000, -0.056507, 0.038617, -7.716888
13970000, -0.144938, -0.051351, -7.439998
13980000, -0.129083, -0.067817, -7.995366
13990000, -0.026894, -0.130468, -7.919770
14000000, 0.046511, 0.017067, -7.256100
14010000, 0.010474, -0.100082, -7.618232
14020000, 0.085314, -0.032810, -7.701226
14030000, 0.135418, 0.075558, -6.859978
14040000, 0.241441, 0.127204, -7.401345
14050000, 0.096313, 0.092989, -7.043988
14060000, 0.001892, 0.062227, -7.357148
14070000, -0.041289, -0.070415, -7.555134
14080000, -0.083985, 0.114378, -7.504689
14090000, 0.000249, -0.027972, -7.837358
14100000, 0.153451, -0.016482, -7.866090
14110000, 0.138784, 0.093970, -7.461051
14120000, -0.117810, -0.238281, -7.068269
14130000, -0.042743, -0.161638, -7.065828
14140000, -0.107381, -0.124420, -7.096523
14150000, -0.120221, -0.102625, -7.304680
14160000, -0.165673, -0.070926, -7.613329
14170000, -0.063586, 0.088432, -7.753083
14180000, -0.207247, 0.058341, -7.233702
14190000, 0.009539, -0.025339, -7.338343
14200000, -0.116195, 0.031686, -7.575141
14210000, 0.000550, -0.209694, -7.912548
14220000, -0.181217, 0.138346, -7.238069
14230000, -0.123635, 0.011319, -7.463535
14240000, -0.103991, 0.080735, -7.558314
14250000, -0.004865, 0.047408, -7.786217
14260000, -0.056881, -0.032191, -7.807547
14270000, -0.017646, -0.060510, -7.823147
14280000, 0.042182, 0.120260, -7.329296
14290000, 0.018418, 0.000803, -7.616098
14300000, -0.058371, 0.005009, -7.222084
14310000, -0.046132, 0.055947, -7.337841
14320000, -0.126652, -0.047148, -7.766417
14330000, -0.051133, -0.085363, -7.549568
14340000, -0.086041, 0.072259, -7.713389
14350000, -0.023406, 0.047689, -7.900812
14360000, -0.032485, -0.046906, -7.952669
14370000, 0.020051, -0.010613, -7.543129
14380000, 0.105713, 0.084003, -7.563332
14390000, 0.032049, 0.111414, -8.037198
14400000, 0.024565, -0.046804, -8.162821
14410000, -0.257276, 0.022745, -7.272281
14420000, -0.245403, 0.098821, -7.398890
14430000, 0.020821, 0.036621, -7.508840
14440000, -0.076110, -0.025811, -7.706721
14450000, -0.160010, -0.141959, -7.219946
14460000, -0.066980, 0.112159, -7.079104
14470000, -0.119465, 0.049145, -7.197121
14480000, -0.034884, 0.067344, -7.664544
14490000, -0.073824, 0.084031, -7.486223
14500000, 0.162466, 0.014018, -7.287894
14510000, -0.025001, 0.034393, -7.348381
14520000, -0.041564, 0.035267, -7.692808
14530000, -0.085508, 0.000365, -7.513556
14540000, -0.106053, 0.036902, -7.717131
14550000, -0.052086, -0.067528, -7.811579
14560000, -0.145443, 0.068877, -7.581959
14570000, 0.118937, 0.138268, -7.488924
14580000, -0.142403, 0.020402, -7.307177
14590000, -0.046871, 0.034948, -7.671245
14600000, -0.029536, 0.083969, -7.818757
14610000, 0.137214, -0.061191, -7.921401
14620000, -0.039879, -0.101524, -7.909197
14630000, -0.007766, 0.016645, -7.823343
14640000, -0.025933, -0.092413, -7.973536
14650000, 0.042478, 0.018870, -7.160630
14660000, -0.002378, -0.094930, -7.599314
14670000, 0.044240, -0.028327, -7.635246
14680000, 0.091583, 0.026721, -7.672736
14690000, 0.134727, 0.011430, -7.652414
14700000, 0.136579, -0.050798, -7.282243
14710000, 0.210680, -0.047956, -7.155918
14720000, 0.120269, 0.068093, -7.504657
14730000, 0.074914, 0.202889, -7.395340
14740000, 0.133424, 0.117469, -7.321993
14750000, -0.031841, 0.105003, -8.006616
14760000, -0.219293, 0.143072, -7.517558
14770000, -0.159070, 0.049388, -7.873444
14780000, -0.134868, 0.167609, -7.372976
14790000, 0.092363, 0.101210, -7.249462
14800000, 0.050711, -0.030235, -7.769293
14810000, -0.084027, -0.061388, -7.813132
14820000, 0.087793, -0.107390, -7.158685
14830000, 0.119861, -0.089550, -7.936189
14840000, 0.121368, -0.025772, -7.517027
14850000, -0.080919, -0.082385, -7.706454
14860000, 0.022462, -0.138193, -7.504180
14870000, -0.047469, -0.027061, -7.795950
14880000, -0.016678, 0.006629, -7.478116
14890000, -0.058773, -0.109318, -7.235310
14900000, -0.067964, -0.043421, -7.191606
14910000, -0.040223, -0.037861, -7.065427
14920000, -0.019508, -0.003103, -7.548181
14930000, -0.188913, -0.047066, -7.513657
14940000, -0.086077, 0.052918, -7.569184
14950000, -0.096444, 0.178368, -7.123357
14960000, -0.023611, -0.047442, -7.483571
14970000, -0.078364, 0.174672, -7.577617
14980000, -0.149811, -0.073737, -7.751800
14990000, -0.122384, -0.073109, -7.567117
15000000, -0.110816, 0.068357, -7.550789
15010000, -0.126868, 0.009536, -7.769007
15020000, -0.066153, -0.033277, -7.548803
15030000, 0.042785, 0.080153, -7.657522
15040000, 0.007777, -0.103338, -7.924246
15050000, 0.060085, 0.037194, -7.257161
15060000, -0.095100, -0.031939, -7.982336
15070000, -0.113614, -0.046121, -8.041546
15080000, 0.044526, -0.050446, -7.651098
15090000, 0.123700, 0.183141, -6.981770
15100000, -0.027485, -0.081854, -7.420845
15110000, -0.034113, -0.011620, -7.934551
15120000, -0.072450, 0.058780, -7.519239
15130000, 0.008759, 0.064176, -7.556993
15140000, -0.027377, -0.120213, -7.197849
15150000, 0.028421, 0.045502, -7.869441
15160000, -0.118580, -0.141702, -7.462350
15170000, 0.058804, -0.060738, -6.653223
15180000, -0.009161, -0.180763, -7.386831
15190000, 0.062663, 0.092336, -7.999840
15200000, -0.095361, -0.080142, -7.971774
15210000, -0.073904, -0.016744, -7.609882
15220000, -0.020802, 0.044214, -7.254462
15230000, -0.027318, 0.059357, -7.696737
15240000, -0.028337, 0.020166, -6.959842
15250000, -0.030575, 0.079099, -7.747968
15260000, 0.045700, 0.000323, -7.677612
15270000, 0.134649, -0.213460, -7.389125
15280000, 0.069419, -0.146056, -7.435852
15290000, 0.132782, -0.190915, -7.290304
15300000, 0.052983, 0.055726, -7.616019
15310000, -0.039288, -0.038245, -7.664109
15320000, -0.011619, -0.100343, -7.482544
15330000, -0.068248, -0.019463, -7.918462
15340000, -0.027367, 0.074068, -7.646973
15350000, 0.105532, -0.139394, -7.323820
15360000, 0.164824, -0.082616, -7.451702
15370000, 0.072076, 0.043870, -7.648887
15380000, -0.039597, 0.133725, -7.604337
15390000, -0.015838, 0.055545, -7.683696
15400000, -0.017862, -0.072658, -7.310880
15410000, 0.046261, -0.046077, -7.428593
15420000, -0.011958, -0.084868, -7.720646
15430000, 0.106640, -0.090904, -7.233380
15440000, 0.011940, -0.019372, -7.460378
15450000, -0.003110, 0.136734, -7.613438
15460000, 0.108086, -0.116879, -7.665025
15470000, 0.078085, -0.051488, -7.419504
15480000, 0.013209, 0.110573, -7.574618
15490000, -0.107849, 0.178303, -7.466045
15500000, 0.034788, 0.117569, -7.127220
15510000, -0.057312, -0.026347, -7.393845
15520000, 0.019008, -0.013371, -7.847293
15530000, 0.027456, 0.025786, -7.432451
15540000, 0.115078, 0.064865, -7.692056
15550000, 0.011766, 0.162206, -7.516581
15560000, -0.096631, 0.208621, -7.146913
15570000, 0.103278, 0.032676, -7.425003
15580000, 0.199724, 0.016998, -7.406031
15590000, 0.029512, 0.151597, -7.224169
15600000, 0.080853, 0.115846, -7.690693
15610000, 0.076623, -0.066560, -7.671059
15620000, -0.090513, -0.110328, -6.952382
15630000, -0.005344, 0.066731, -7.387667
15640000, -0.175216, -0.060110, -7.810019
15650000, -0.061167, -0.058553, -7.128474
15660000, 0.110768, 0.042984, -7.618672
15670000, 0.132654, -0.053539, -7.399903
15680000, 0.298961, -0.005444, -7.636165
15690000, 0.082029, 0.027785, -7.143998
15700000, 0.122926, -0.056057, -7.897539
15710000, 0.077606, -0.096408, -7.202776
15720000, -0.023188, 0.000513, -7.664358
15730000, 0.069385, -0.063761, -6.996111
15740000, 0.110936, -0.025509, -7.289308
15750000, 0.313236, -0.096169, -7.232986
15760000, 0.185878, -0.002123, -7.357327
15770000, -0.006820, 0.026408, -7.300247
15780000, 0.005481, 0.037785, -7.617353
15790000, 0.111152, -0.010688, -7.352338
15800000, 0.095986, -0.029299, -6.982045
15810000, 0.012346, 0.119945, -7.442216
15820000, 0.175992, 0.134094, -7.266658
15830000, 0.140403, 0.148263, -7.714935
15840000, 0.041290, 0.061898, -7.114128
15850000, 0.262694, 0.045346, -7.070883
15860000, 0.053967, 0.073151, -6.877390
15870000, 0.169701, 0.113035, -7.331769
15880000, 0.170230, 0.029870, -8.114344
15890000, 0.066963, 0.001677, -7.774758
15900000, -0.053433, 0.044577, -7.541552
15910000, -0.034402, 0.072265, -7.537886
15920000, 0.018846, 0.059835, -7.722458
15930000, -0.062530, 0.085642, -7.421225
15940000, -0.176557, 0.038837, -7.488383
15950000, -0.048939, 0.108748, -7.393751
15960000, 0.053663, -0.148213, -7.781329
15970000, -0.052964, -0.028020, -8.121371
15980000, 0.042597, 0.162068, -7.827538
15990000, 0.163480, -0.029769, -7.464293
16000000, 0.076742, 0.015116, -7.641829
16010000, 0.170103, 0.074287, -8.057216
16020000, 0.185955, 0.021798, -7.434860
16030000, -0.109387, 0.151062, -7.496680
16040000, 0.059110, -0.052848, -7.969850
16050000, 0.030314, 0.071922, -7.789306
16060000, 0.087169, 0.033536, -7.505735
16070000, 0.065107, 0.008745, -7.610399
16080000, 0.006959, -0.020921, -7.801525
16090000, -0.004566, -0.035086, -7.167115
16100000, 0.068088, 0.062022, -7.455673
16110000, -0.024516, 0.022249, -7.675121
16120000, 0.152102, 0.022565, -7.828571
16130000, -0.025812, 0.117483, -8.344969
16140000, 0.055703, 0.072925, -7.603923
16150000, 0.003688, -0.018829, -7.398433
16160000, -0.079683, 0.080379, -7.545876
16170000, 0.013303, -0.093351, -7.660993
16180000, -0.028943, 0.160521, -7.661958
16190000, -0.068345, 0.072851, -7.972368
16200000, -0.032616, 0.059989, -7.445636
16210000, -0.138966, 0.037194, -7.600319
16220000, -0.016035, -0.065060, -7.924260
16230000, 0.022253, 0.020173, -7.723449
16240000, 0.037341, -0.118192, -7.292052
16250000, -0.005412, 0.006488, -7.687804
16260000, 0.076204, -0.037125, -7.404063
16270000, 0.060193, 0.058317, -7.602048
16280000, 0.031715, 0.208997, -7.567889
16290000, -0.005243, 0.071267, -7.712255
16300000, 0.095131, -0.068168, -7.782161
16310000, 0.152264, -0.085006, -7.130874
16320000, 0.027624, 0.065969, -7.551186
16330000, -0.115788, -0.039325, -7.532811
16340000, 0.057028, -0.000476, -7.750665
16350000, 0.025133, 0.040471, -8.020264
16360000, -0.130876, -0.071259, -7.385378
16370000, 0.021915, -0.071355, -7.715161
16380000, 0.018527, 0.105703, -7.922254
16390000, 0.054855, -0.032775, -7.611985
16400000, 0.043210, -0.068854, -7.408574
16410000, 0.061290, 0.090760, -7.724499
16420000, -0.049555, 0.095227, -7.169745
16430000, 0.070769, -0.002338, -7.747267
16440000, 0.068630, 0.113047, -7.591288
16450000, 0.008372, -0.012306, -8.211074
16460000, 0.020471, 0.129573, -7.711385
16470000, -0.005103, -0.044914, -7.460116
16480000, 0.079257, -0.090384, -7.732440
16490000, -0.110323, -0.094265, -7.349678
16500000, -0.056072, 0.005042, -7.745366
16510000, 0.002854, 0.229384, -7.260745
16520000, 0.049137, -0.047863, -8.249497
16530000, -0.086019, -0.057168, -7.485714
16540000, -0.057352, 0.035755, -7.257482
16550000, 0.067195, 0.049950, -7.268530
16560000, -0.019350, -0.045552, -7.592425
16570000, 0.022942, -0.092210, -7.470411
16580000, -0.033978, -0.068637, -8.115117
16590000, 0.058092, 0.114504, -7.419242
16600000, -0.002615, 0.084540, -7.880874
16610000, 0.075919, -0.117005, -7.324842
16620000, 0.009339, 0.020630, -7.751739
16630000, 0.158173, 0.010559, -7.717221
16640000, -0.010170, -0.125467, -7.088641
16650000, -0.018666, 0.119389, -7.599806
16660000, -0.083581, 0.067516, -7.141585
16670000, -0.067469, -0.031293, -7.897876
16680000, 0.045167, -0.039778, -7.539526
16690000, -0.044545, -0.070545, -6.773465
16700000, -0.020230, 0.087111, -7.315518
16710000, 0.085639, 0.149633, -7.077294
16720000, 0.111596, 0.147227, -6.875414
16730000, 0.002053, 0.145107, -7.104524
16740000, 0.090024, -0.071400, -7.512284
16750000, 0.059347, -0.028938, -7.568810
16760000, 0.013168, -0.101831, -8.115001
16770000, 0.079032, 0.027827, -8.063849
16780000, 0.163997, 0.049803, -7.552491
16790000, 0.077092, 0.177874, -7.477212
16800000, -0.035882, 0.047410, -8.031521
16810000, -0.097457, 0.094273, -7.711413
16820000, 0.117431, -0.020833, -7.584771
16830000, 0.029302, 0.044957, -7.961311
16840000, 0.006126, -0.164399, -7.385212
16850000, -0.114700, -0.180020, -7.381293
16860000, 0.272318, 0.045202, -7.729597
16870000, 0.146310, 0.056760, -7.168780
16880000, 0.108851, -0.150900, -7.576808
16890000, 0.030257, -0.073769, -7.407814
16900000, 0.144770, -0.002436, -7.578774
16910000, -0.008707, -0.098336, -7.937628
16920000, -0.057472, -0.019727, -7.927160
16930000, -0.031890, 0.033833, -7.857503
16940000, 0.049450, -0.115911, -6.922232
16950000, 0.054799, 0.180182, -7.530286
16960000, -0.038468, 0.078824, -7.642902
16970000, -0.071704, -0.010242, -7.830923
16980000, 0.057550, 0.012377, -7.479221
16990000, 0.107863, 0.037390, -7.686375
17000000, -0.023660, -0.211923, -7.656254
17010000, -0.075966, 0.043993, -7.689663
17020000, -0.055740, 0.032392, -7.464590
17030000, -0.043559, 0.034059, -7.506962
17040000, 0.030955, -0.010636, -7.578945
17050000, -0.063411, -0.036002, -7.317119
17060000, 0.048076, 0.047321, -7.474052
17070000, 0.082961, 0.067083, -7.694754
17080000, 0.189747, -0.039766, -7.847876
17090000, 0.063806, 0.073065, -7.499892
17100000, 0.197215, 0.021567, -7.790044
17110000, 0.158296, -0.051396, -7.787664
17120000, -0.077072, 0.178837, -7.847622
17130000, -0.112514, 0.049159, -7.456332
17140000, 0.075663, -0.027035, -7.793509
17150000, 0.019763, -0.013935, -7.471258
17160000, -0.032746, 0.066146, -7.595380
17170000, -0.028113, 0.000372, -7.499627
17180000, 0.027228, 0.088846, -8.014989
17190000, 0.132157, 0.290692, -7.218443
17200000, -0.090276, -0.009044, -7.196502
17210000, -0.022925, -0.076589, -7.649841
17220000, 0.020916, 0.074189, -7.696802
17230000, -0.044835, 0.040847, -8.047629
17240000, -0.110960, -0.150150, -7.711526
17250000, 0.049285, 0.063070, -7.768724
17260000, 0.006638, -0.111122, -7.449504
17270000, -0.023409, -0.124424, -7.195882
17280000, 0.003194, -0.149271, -7.409463
17290000, -0.006155, -0.050438, -7.158498
17300000, -0.040194, 0.074070, -7.323618
17310000, -0.014319, -0.053936, -7.755078
17320000, -0.101656, -0.012474, -7.680147
17330000, 0.020153, -0.055833, -7.566098
17340000, 0.074880, 0.064494, -7.410035
17350000, 0.101453, -0.018223, -7.999498
17360000, 0.012513, 0.014071, -7.726815
17370000, 0.122517, -0.011759, -7.351196
17380000, 0.022516, 0.105627, -7.479255
17390000, 0.113643, -0.041382, -7.592763
17400000, 0.008362, -0.080567, -7.789506
17410000, -0.067846, 0.073929, -8.125051
17420000, -0.072163, -0.000289, -7.523524
17430000, -0.114261, -0.026258, -7.531116
17440000, -0.129505, -0.042955, -8.053801
17450000, 0.053083, 0.016805, -8.068343
17460000, -0.094166, 0.069868, -7.309876
17470000, 0.082320, 0.066755, -7.889961
17480000, 0.095988, 0.054849, -8.146363
17490000, -0.003465, 0.032789, -7.616026
17500000, -0.113991, -0.032226, -7.881580
17510000, -0.074285, -0.035879, -7.595414
17520000, 0.015857, 0.008421, -7.924505
17530000, 0.036374, -0.129011, -7.546122
17540000, -0.072288, -0.211564, -6.835601
17550000, -0.083778, -0.171712, -7.503595
17560000, -0.004443, -0.220247, -7.342149
17570000, 0.135372, 0.054615, -7.427164
17580000, -0.021341, 0.035252, -7.646849
17590000, 0.180270, 0.012069, -7.225019
17600000, 0.226346, 0.102041, -7.239689
17610000, 0.200255, -0.095815, -7.295200
17620000, 0.029636, -0.147693, -7.841968
17630000, -0.094970, -0.129766, -7.346209
17640000, -0.044489, 0.025694, -7.204214
17650000, 0.057221, -0.138781, -7.817253
17660000, 0.063831, 0.005025, -7.795207
17670000, -0.005153, 0.177854, -7.610269
17680000, -0.037765, 0.187532, -7.809587
17690000, -0.042340, -0.037517, -7.565782
17700000, 0.003974, -0.276350, -7.460776
17710000, 0.235149, 0.046946, -7.239411
17720000, 0.089697, 0.003141, -7.713872
17730000, 0.215069, -0.022788, -7.358932
17740000, 0.057417, 0.048075, -7.460669
17750000, 0.065432, 0.128385, -7.914751
17760000, -0.247545, 0.066015, -7.608171
17770000, -0.156214, 0.012477, -7.703786
17780000, -0.178358, 0.014730, -7.532095
17790000, -0.011015, 0.074151, -7.653760
17800000, 0.099526, -0.006653, -7.611366
17810000, -0.090931, -0.141760, -7.535373
17820000, 0.039220, 0.178915, -7.182239
17830000, 0.013876, 0.091101, -7.459127
17840000, 0.035470, -0.048808, -7.284916
17850000, -0.000816, -0.016004, -6.964036
17860000, 0.052793, -0.015134, -7.562017
17870000, -0.044984, -0.221452, -7.697798
17880000, -0.085430, -0.058051, -7.771747
17890000, -0.153930, 0.024326, -7.552778
17900000, -0.139804, 0.045944, -7.555009
17910000, 0.133998, -0.018739, -7.787218
17920000, 0.077753, 0.037121, -7.362499
17930000, 0.081573, 0.045921, -7.728843
17940000, 0.100915, 0.066767, -7.810938
17950000, 0.101956, 0.180392, -8.181329
17960000, 0.040093, 0.044638, -7.984362
17970000, 0.194990, 0.024535, -7.773171
17980000, 0.126125, 0.011697, -7.660790
17990000, -0.032811, -0.069302, -7.397590
18000000, -0.274733, -0.204480, -7.694283
18010000, -0.210362, -0.182490, -7.621039
18020000, -0.039730, 0.012132, -7.457077
18030000, -0.109885, 0.062646, -7.155743
18040000, -0.137588, 0.033333, -7.659510
18050000, 0.002238, -0.009243, -7.470954
18060000, 0.000075, 0.077086, -7.304365
18070000, 0.007114, 0.047304, -7.246847
18080000, 0.119669, 0.001987, -7.117743
18090000, 0.084854, -0.026224, -7.284723
18100000, 0.094678, -0.008503, -7.316989
18110000, 0.031245, 0.111514, -7.451481
18120000, 0.023446, -0.073818, -8.086786
18130000, 0.012194, 0.064631, -7.773304
18140000, -0.279436, 0.033987, -6.719335
18150000, 0.021866, -0.154228, -7.293487
18160000, -0.072104, -0.095434, -7.512465
18170000, -0.103377, -0.056504, -7.652125
18180000, 0.062247, -0.134285, -7.906169
18190000, 0.088099, 0.012266, -7.571598
18200000, -0.029604, 0.140904, -7.249917
18210000, 0.029041, 0.001457, -7.296592
18220000, 0.039158, 0.007738, -8.101792
18230000, -0.001200, 0.068952, -7.726249
18240000, 0.026971, -0.078664, -7.697885
18250000, -0.045441, 0.043921, -7.406160
18260000, -0.076091, 0.058344, -7.682518
18270000, 0.010330, -0.011019, -7.096342
18280000, 0.018991, 0.000667, -7.796519
18290000, 0.084938, 0.102080, -7.507927
18300000, -0.118133, 0.051032, -7.478955
18310000, 0.039652, -0.101909, -7.798232
18320000, 0.036596, 0.022751, -8.284644
18330000, -0.009336, -0.022398, -7.724024
18340000, 0.019307, 0.059160, -7.549589
18350000, -0.024000, -0.113324, -7.775795
18360000, -0.013314, -0.051588, -7.408536
18370000, -0.099262, 0.068358, -7.420454
18380000, 0.016765, 0.127252, -7.997094
18390000, 0.105796, 0.075469, -7.279735
18400000, 0.009261, -0.090334, -7.713535
18410000, 0.001664, 0.014725, -7.321550
18420000, 0.012993, -0.104414, -7.701717
18430000, -0.085131, -0.141098, -7.425006
18440000, 0.016631, -0.106369, -7.898773
18450000, -0.013705, -0.072213, -7.584128
18460000, 0.005835, -0.041411, -7.995304
18470000, -0.102764, -0.124088, -6.703020
18480000, 0.064117, -0.247875, -7.262655
18490000, -0.001769, -0.080210, -7.850634
18500000, 0.005629, -0.141776, -7.329353
18510000, 0.109383, -0.101256, -7.217161
18520000, -0.025266, -0.101244, -7.764099
18530000, -0.137541, -0.178187, -7.448340
18540000, -0.097040, -0.011463, -7.753093
18550000, 0.130791, -0.109603, -7.388425
18560000, -0.015189, -0.047672, -6.726815
18570000, 0.073141, 0.073061, -7.088995
18580000, 0.016602, 0.120763, -7.333580
18590000, -0.081112, 0.035281, -8.006479
18600000, -0.053250, 0.042171, -7.835947
18610000, -0.117988, 0.112706, -7.055691
18620000, 0.004859, -0.068130, -7.489511
18630000, 0.127543, 0.014664, -7.827822
18640000, -0.057972, 0.026047, -7.549861
18650000, 0.025155, -0.073956, -7.555133
18660000, -0.029286, 0.018151, -7.497401
18670000, -0.021432, -0.029188, -7.380370
18680000, -0.042161, -0.068124, -7.139868
18690000, 0.109289, 0.029469, -7.811798
18700000, 0.092957, -0.022090, -7.485518
18710000, -0.017397, -0.170616, -7.749064
18720000, -0.101652, -0.034974, -7.367553
18730000, -0.058785, 0.005325, -7.858069
18740000, -0.039840, -0.094679, -8.056010
18750000, -0.029192, -0.038676, -7.830139
18760000, 0.002329, -0.052231, -7.795419
18770000, 0.049782, -0.019699, -7.770099
18780000, -0.017177, 0.028880, -7.430035
18790000, -0.046512, 0.053910, -7.906023
18800000, 0.015385, 0.052280, -7.548150
18810000, 0.245419, -0.115061, -7.408062
18820000, 0.101511, 0.025116, -7.406421
18830000, -0.020345, 0.075134, -7.565222
18840000, -0.014269, 0.053949, -7.645470
18850000, 0.014377, 0.037846, -7.795822
18860000, -0.059298, -0.106617, -7.193783
18870000, -0.100745, 0.139541, -7.421670
18880000, -0.218524, 0.100713, -6.534729
18890000, -0.009792, 0.070481, -7.802763
18900000, -0.010111, 0.054797, -7.371708
18910000, -0.119282, 0.122992, -7.397402
18920000, -0.063367, -0.033723, -7.543650
18930000, -0.092362, 0.068706, -7.188455
18940000, 0.074682, -0.003312, -7.538344
18950000, 0.024415, 0.085190, -7.758376
18960000, 0.034139, -0.182563, -7.218134
18970000, 0.078072, 0.012077, -8.016878
18980000, -0.042101, 0.085450, -7.578467
18990000, 0.097145, -0.037524, -7.505883
19000000, 0.052824, -0.066293, -7.819489
19010000, 0.017007, 0.000382, -7.646525
19020000, 0.023900, -0.055248, -8.314956
19030000, -0.028459, 0.120044, -7.435926
19040000, 0.038370, -0.088134, -6.996646
19050000, 0.022368, -0.014056, -7.336090
19060000, 0.100587, 0.256353, -7.638576
19070000, -0.047662, 0.033356, -7.308091
19080000, 0.165533, -0.059401, -7.700211
19090000, 0.148438, 0.017258, -7.422589
19100000, 0.017251, -0.061333, -7.315815
19110000, 0.018377, 0.024731, -7.345320
19120000, 0.009834, 0.025581, -7.259706
19130000, 0.225730, -0.044293, -7.230428
19140000, 0.085914, -0.070429, -7.008386
19150000, 0.082432, -0.027226, -7.699078
19160000, 0.067451, 0.058383, -7.222627
19170000, 0.138865, -0.065137, -7.567164
19180000, 0.032976, 0.055602, -7.986493
19190000, 0.057843, 0.102001, -7.167264
19200000, 0.054293, 0.085431, -7.489258
19210000, -0.005927, -0.142907, -7.718922
19220000, -0.128688, 0.178835, -7.296726
19230000, -0.040613, -0.008233, -7.813689
19240000, 0.141398, 0.060601, -7.745038
19250000, -0.012601, 0.003078, -7.442150
19260000, 0.010550, -0.067874, -6.693914
19270000, -0.030647, -0.010630, -7.615337
19280000, -0.014073, -0.019070, -7.637362
19290000, -0.067111, -0.015087, -7.762926
19300000, 0.060364, -0.038008, -7.419047
19310000, 0.131963, 0.060701, -7.565352
19320000, 0.086962, 0.053477, -7.394636
19330000, 0.045149, 0.120313, -7.931750
19340000, -0.032347, 0.073764, -7.258454
19350000, -0.049644, 0.107111, -7.876377
19360000, 0.070238, 0.063562, -7.449520
19370000, 0.129600, 0.111285, -7.619581
19380000, 0.121331, -0.054972, -7.741036
19390000, -0.042046, 0.068734, -7.847136
19400000, 0.059655, -0.169432, -7.631072
19410000, 0.074422, -0.024111, -7.853075
19420000, -0.063729, -0.074226, -7.816038
19430000, 0.040669, 0.113109, -7.832529
19440000, 0.043873, -0.046169, -7.481718
19450000, 0.127673, -0.053777, -7.727811
19460000, 0.050266, -0.040525, -7.850553
19470000, 0.069740, -0.001937, -7.673381
19480000, 0.195277, 0.062392, -7.449947
19490000, -0.043083, -0.039967, -7.503176
19500000, 0.248741, 0.081072, -7.394299
19510000, 0.153947, -0.110011, -7.771015
19520000, 0.020565, -0.041656, -7.456402
19530000, 0.005860, -0.068445, -7.231609
19540000, 0.100989, 0.139803, -7.374494
19550000, 0.071002, 0.064222, -7.752306
19560000, -0.014610, -0.053067, -7.913072
19570000, -0.063510, 0.099166, -7.019795
19580000, -0.003512, 0.055640, -7.545557
19590000, -0.116137, -0.143977, -7.605151
19600000, -0.013615, 0.006258, -7.820634
19610000, -0.002185, -0.040731, -7.475836
19620000, -0.068310, 0.076447, -7.525183
19630000, -0.055052, -0.061194, -8.105398
19640000, -0.065308, 0.029691, -7.468965
19650000, -0.048488, 0.014117, -7.180967
19660000, -0.014572, 0.048102, -7.588585
19670000, -0.036352, -0.036706, -7.373608
19680000, 0.016908, 0.025407, -7.583120
19690000, -0.134479, -0.194575, -7.324898
19700000, 0.049357, -0.095705, -7.537937
19710000, 0.032472, 0.065665, -7.831447
19720000, -0.108854, -0.128604, -7.692733
19730000, 0.091475, -0.060473, -7.489145
19740000, 0.150895, 0.023069, -7.659322
19750000, 0.009386, -0.007590, -8.264685
19760000, -0.029261, 0.004278, -7.590574
19770000, -0.054242, -0.122590, -7.635048
19780000, 0.075082, 0.050099, -7.833088
19790000, -0.095502, 0.004801, -7.283705
19800000, 0.122049, 0.123667, -7.511102
19810000, 0.105697, 0.035327, -7.581243
19820000, 0.170260, 0.121215, -7.710284
19830000, 0.083978, 0.088629, -7.502231
19840000, 0.111132, 0.044651, -7.569094
19850000, 0.061731, -0.073642, -6.900456
19860000, -0.037543, -0.029927, -7.061829
19870000, 0.115562, 0.085242, -7.413683
19880000, 0.042770, -0.054527, -7.178994
19890000, -0.047163, 0.046421, -7.611742
19900000, -0.055086, 0.060743, -7.828739
19910000, 0.037303, 0.129649, -7.804440
19920000, 0.091443, 0.080676, -7.185088
19930000, 0.013256, 0.134872, -7.359118
19940000, 0.011136, 0.081348, -7.277579
19950000, -0.119276, -0.081494, -7.378564
19960000, -0.028548, 0.030182, -7.638548
19970000, -0.083068, 0.212046, -6.809528
19980000, 0.100983, 0.045242, -7.655951
19990000, 0.068737, -0.037064, -7.779241
20000000, 0.047523, 0.059141, -7.359582
20010000, 0.173418, -0.027609, -7.604931
20020000, -0.025602, -0.072581, -7.668940
20030000, -0.068951, -0.068323, -7.241796
20040000, 0.194121, 0.192582, -7.537379
20050000, 0.095398, -0.089840, -7.585488
20060000, -0.043248, -0.067057, -7.518021
20070000, -0.006366, 0.065817, -7.920097
20080000, -0.090850, 0.005206, -7.664099
20090000, -0.037344, 0.022197, -7.631935
20100000, 0.008914, 0.026416, -7.353993
20110000, 0.108784, 0.153815, -7.763406
20120000, 0.001291, 0.105022, -8.174087
20130000, -0.002882, 0.153478, -7.560228
20140000, 0.018322, 0.020380, -7.623267
20150000, -0.061114, -0.093583, -7.736017
20160000, 0.037823, 0.097356, -7.680198
20170000, -0.010832, 0.088603, -7.722321
20180000, 0.033474, 0.091162, -7.555279
20190000, -0.016834, 0.058902, -7.641917
20200000, 0.011418, 0.058724, -7.371444
20210000, -0.126550, -0.063080, -7.722673
20220000, -0.076604, 0.162373, -7.493965
20230000, 0.043313, -0.022329, -7.741324
20240000, 0.019431, 0.031825, -7.322407
20250000, -0.151069, -0.016721, -7.771246
20260000, -0.051244, -0.028045, -7.876967
20270000, -0.020515, -0.017731, -7.725599
20280000, 0.017900, -0.021472, -7.685470
20290000, -0.044262, 0.016746, -7.510115
20300000, 0.095656, -0.058769, -7.734321
20310000, -0.047916, 0.026763, -7.628156
20320000, -0.029511, 0.124261, -7.461692
20330000, 0.001986, 0.066619, -7.650288
20340000, 0.042962, 0.219527, -7.890552
20350000, -0.028928, 0.079087, -7.536904
20360000, 0.069149, -0.092491, -7.357474
20370000, -0.006750, -0.162532, -7.303561
20380000, 0.166818, -0.075441, -7.628463
20390000, -0.031170, 0.009103, -7.887175
20400000, -0.040986, 0.022980, -7.657868
20410000, 0.012487, 0.054412, -7.112049
20420000, -0.027357, 0.159163, -7.437719
20430000, -0.000985, 0.063830, -7.248492
20440000, 0.048136, 0.052996, -7.497601
20450000, -0.121013, 0.156519, -7.721297
20460000, -0.017143, -0.066555, -7.571017
20470000, -0.083805, -0.035981, -7.722592
20480000, 0.107144, 0.027588, -7.933198
20490000, 0.128741, 0.052568, -7.361976
20500000, -0.020416, -0.013520, -8.066940
20510000, -0.040208, -0.046014, -7.743616
20520000, -0.097258, -0.094388, -7.677593
20530000, 0.109004, -0.022975, -7.439664
20540000, 0.005590, 0.027508, -7.385021
20550000, 0.028335, 0.065285, -7.572718
20560000, -0.104514, -0.089735, -8.126555
20570000, -0.110711, -0.048053, -7.684581
20580000, 0.170844, -0.000148, -7.461462
20590000, -0.071121, -0.055366, -7.363902
20600000, 0.000738, -0.052784, -7.588132
20610000, 0.041719, 0.005478, -7.276717
20620000, 0.021518, 0.017440, -7.917770
20630000, 0.009060, -0.030252, -7.047985
20640000, 0.066767, -0.023753, -7.893955
20650000, 0.044395, -0.071222, -7.850467
20660000, -0.186800, -0.038010, -7.225695
20670000, -0.077442, 0.025889, -8.028166
20680000, -0.080312, 0.026498, -7.199246
20690000, -0.109323, -0.144141, -7.657600
20700000, -0.081388, -0.037165, -7.402044
20710000, 0.072880, -0.049620, -7.498022
20720000, -0.056146, -0.001709, -7.599756
20730000, -0.139428, -0.036223, -7.652521
20740000, -0.071066, -0.097078, -7.143221
20750000, 0.095408, -0.050618, -7.835024
20760000, 0.067653, -0.087509, -7.801661
20770000, 0.069790, 0.103322, -7.256145
20780000, 0.030706, -0.096695, -7.568426
20790000, -0.191713, -0.056108, -7.740168
20800000, -0.043687, 0.117812, -7.726264
20810000, -0.145227, 0.029028, -7.355725
20820000, -0.032524, -0.091296, -7.785665
20830000, -0.141920, 0.015183, -7.526324
20840000, -0.179009, 0.019014, -8.013405
20850000, -0.006029, 0.051397, -8.211056
20860000, -0.081684, -0.038699, -7.809333
20870000, -0.086838, -0.038482, -7.770695
20880000, -0.059108, -0.245454, -7.140039
20890000, -0.036117, -0.010254, -7.432935
20900000, -0.022959, -0.037003, -8.138760
20910000, 0.122608, -0.061098, -7.298231
20920000, 0.157012, 0.204104, -7.075548
20930000, 0.055103, 0.169124, -7.641745
20940000, 0.103080, -0.018238, -7.712613
20950000, 0.108134, -0.020183, -7.705266
20960000, 0.094688, -0.121125, -7.531079
20970000, 0.192178, -0.062606, -7.051752
20980000, 0.065017, -0.037771, -7.445820
20990000, 0.102947, 0.013779, -7.325085
21000000, 0.125694, -0.092208, -7.772751
21010000, 0.226820, -0.075421, -7.348067
21020000, 0.180585, -0.024231, -7.557232
21030000, 0.036585, 0.130058, -7.276498
21040000, 0.104711, 0.124593, -7.004576
21050000, 0.008576, 0.215887, -7.388618
21060000, 0.071289, 0.166744, -7.605183
21070000, 0.061343, 0.250901, -6.842047
21080000, -0.083339, 0.273234, -7.424052
21090000, -0.030681, 0.235268, -7.472562
21100000, 0.196987, 0.233783, -7.024586
21110000, 0.260332, 0.073455, -7.773483
21120000, 0.202987, -0.136627, -7.569871
21130000, 0.001616, -0.149507, -7.806040
21140000, 0.059680, -0.083864, -7.196693
21150000, 0.094742, 0.045872, -7.519179
21160000, -0.119800, -0.051852, -7.149280
21170000, -0.120005, 0.145108, -7.514787
21180000, -0.091750, 0.021527, -7.339635
21190000, -0.087399, 0.122574, -7.427333
21200000, -0.037193, 0.115028, -7.814030
21210000, -0.175799, 0.057746, -7.686082
21220000, -0.246539, 0.082623, -7.441234
21230000, 0.182241, 0.124172, -7.208921
21240000, 0.154958, -0.122139, -7.572040
21250000, 0.065319, -0.122800, -7.889393
21260000, -0.009414, 0.071052, -8.142836
21270000, -0.110707, 0.027280, -7.629637
21280000, -0.004119, 0.068514, -7.758083
21290000, -0.089399, -0.106713, -7.721686
21300000, 0.048010, -0.139848, -7.748369
21310000, -0.066705, 0.014276, -7.766478
21320000, 0.046993, 0.064981, -7.297575
21330000, -0.161148, 0.043708, -7.720844
21340000, -0.116722, 0.113375, -7.527664
21350000, -0.052634, -0.021973, -7.666082
21360000, -0.026123, -0.103503, -7.679645
21370000, 0.141506, -0.062198, -7.553132
21380000, -0.090109, 0.081518, -7.312425
21390000, 0.017691, 0.066183, -7.232534
21400000, -0.079028, 0.037092, -7.752112
21410000, 0.002457, 0.225274, -7.532714
21420000, -0.002952, 0.206781, -7.518363
21430000, 0.109784, -0.041199, -7.752010
21440000, 0.004082, -0.067617, -7.536482
21450000, 0.076719, 0.052556, -7.614632
21460000, 0.144087, 0.039265, -7.160057
21470000, 0.204221, 0.140425, -7.841026
21480000, -0.062045, 0.153837, -7.619053
21490000, 0.085684, 0.032949, -7.567189
21500000, 0.101599, -0.052369, -7.305383
21510000, -0.020245, -0.072835, -7.974295
21520000, -0.029576, 0.017247, -7.385352
21530000, 0.031439, -0.139531, -7.142984
21540000, -0.047724, -0.207586, -7.272224
21550000, -0.108011, 0.083032, -7.577606
21560000, -0.026165, -0.067975, -7.553062
21570000, -0.248038, -0.034200, -7.141116
21580000, 0.050909, -0.011814, -7.999501
21590000, 0.019583, -0.087650, -7.779064
21600000, 0.109347, -0.211742, -7.611545
21610000, 0.146860, -0.116057, -7.711101
21620000, 0.122210, 0.041051, -7.247635
21630000, 0.155327, 0.032879, -7.372928
21640000, 0.080409, -0.004638, -7.899320
21650000, 0.037503, -0.019469, -7.901408
21660000, -0.231812, -0.160289, -7.397834
21670000, 0.043510, 0.060609, -7.486533
21680000, -0.098683, 0.058092, -7.451024
21690000, -0.069276, 0.059615, -7.213456
21700000, -0.178244, 0.003965, -7.309879
21710000, -0.203405, 0.051341, -7.331946
21720000, -0.063129, 0.059412, -7.429867
21730000, -0.003576, 0.024583, -7.496814
21740000, -0.067427, -0.070071, -7.793532
21750000, -0.032355, -0.007024, -7.726830
21760000, 0.016538, 0.002324, -7.639420
21770000, 0.101161, -0.033090, -7.788833
21780000, 0.193722, 0.060422, -7.210654
21790000, 0.287347, 0.007206, -7.515076
21800000, 0.137407, -0.235490, -6.563241
21810000, 0.159710, -0.042792, -7.444895
21820000, -0.099687, 0.007084, -7.420939
21830000, 0.018010, 0.078483, -7.430254
21840000, 0.043670, 0.049318, -7.362949
21850000, 0.179724, 0.022823, -7.719909
21860000, -0.107657, 0.061989, -7.364299
21870000, 0.054519, 0.010053, -7.826006
21880000, -0.067214, 0.071904, -7.690328
21890000, 0.238096, -0.002247, -7.129904
21900000, 0.153853, -0.058252, -7.652609
21910000, 0.049284, -0.089892, -7.777135
21920000, 0.014811, 0.151669, -7.586947
21930000, 0.055534, -0.078918, -7.508099
21940000, -0.085561, 0.232367, -7.257188
21950000, -0.102810, 0.216431, -7.001835
21960000, -0.019786, 0.097500, -7.449934
21970000, -0.175129, 0.134289, -7.182512
21980000, -0.337567, -0.112244, -6.487419
21990000, -0.268809, 0.012618, -7.033430
22000000, -0.313687, 0.120967, -7.115342
22010000, -0.069575, -0.011985, -7.574777
22020000, -0.124987, -0.151418, -6.853265
22030000, -0.117764, 0.152608, -6.868171
22040000, 0.025292, 0.134262, -7.013682
22050000, 0.146018, 0.165101, -7.008912
22060000, -0.149637, 0.088018, -7.343018
22070000, -0.238401, 0.115841, -6.488747
22080000, -0.439280, 0.164978, -7.552332
22090000, -0.157135, 0.322349, -7.005667
22100000, -0.233193, -0.000917, -6.211864
22110000, -0.224113, -0.013387, -7.418643
22120000, -0.124504, 0.173284, -7.965586
22130000, -0.105360, 0.032002, -7.661821
22140000, -0.101737, 0.015247, -7.485997
22150000, -0.166404, 0.062378, -7.667704
22160000, -0.061399, 0.057926, -7.738766
22170000, -0.073786, -0.191130, -7.098997
22180000, -0.189106, -0.141743, -7.609294
22190000, -0.207960, 0.044136, -7.725464
22200000, -0.049078, -0.005691, -7.606274
22210000, 0.064244, -0.020379, -7.223929
22220000, 0.062365, -0.030283, -7.671813
22230000, 0.023440, 0.075397, -8.152820
22240000, 0.086182, 0.015281, -7.501831
22250000, 0.084164, 0.062105, -7.782144
22260000, 0.088911, 0.073468, -7.364786
22270000, 0.066115, 0.098577, -7.388550
22280000, 0.121039, -0.065021, -7.904970
22290000, -0.003483, -0.015661, -7.682829
22300000, 0.186563, -0.018592, -7.542744
22310000, 0.123655, -0.021534, -8.080959
22320000, 0.029100, 0.072867, -7.494485
22330000, 0.021621, -0.159252, -7.689012
22340000, 0.298111, -0.101283, -7.491886
22350000, 0.117626, 0.023404, -7.459697
22360000, 0.172174, 0.060770, -6.960570
22370000, 0.078543, 0.182222, -7.165649
22380000, -0.009964, 0.150302, -7.160120
22390000, 0.082583, 0.214555, -7.505215
22400000, -0.020857, 0.152740, -7.496952
22410000, 0.017050, 0.211893, -7.378880
22420000, 0.074639, 0.067739, -7.360560
22430000, 0.060730, -0.003289, -7.524900
22440000, -0.011172, -0.081068, -7.726065
22450000, -0.092790, -0.100794, -7.628035
22460000, -0.088806, 0.180088, -7.578585
22470000, -0.066706, 0.163497, -7.893534
22480000, -0.006802, 0.060115, -7.290413
22490000, 0.120825, -0.071705, -7.529838
22500000, 0.122843, 0.053274, -7.514601
22510000, 0.052871, 0.054412, -7.403433
22520000, 0.023773, 0.058484, -7.942527
22530000, -0.073753, 0.035315, -7.446892
22540000, 0.024402, -0.117307, -7.337831
22550000, 0.135542, 0.014121, -7.577425
22560000, -0.001954, 0.083426, -7.975435
22570000, 0.057121, 0.103436, -7.386987
22580000, 0.211597, -0.105848, -7.570648
22590000, 0.120582, -0.038368, -7.653288
22600000, 0.014820, 0.140098, -7.799579
22610000, -0.105400, -0.045064, -7.102918
22620000, -0.168987, 0.053597, -7.677113
22630000, -0.013616, 0.082097, -8.043906
22640000, 0.018563, 0.120559, -7.605201
22650000, -0.086376, -0.022364, -7.712559
22660000, -0.027195, -0.070254, -7.912145
22670000, -0.041976, -0.107563, -7.825263
22680000, 0.094335, -0.042214, -7.713830
22690000, -0.012742, 0.024128, -7.746854
22700000, 0.012385, -0.006249, -7.448666
22710000, -0.049798, -0.125753, -7.760880
22720000, -0.069795, -0.059083, -7.600139
22730000, -0.018305, -0.097498, -7.661309
22740000, -0.029150, -0.007482, -7.943430
22750000, 0.103795, 0.017887, -7.652287
22760000, 0.016129, 0.039503, -7.697464
22770000, -0.006208, -0.042422, -7.734086
22780000, -0.049690, -0.002292, -7.694715
22790000, -0.119265, 0.099545, -7.919223
22800000, -0.133796, 0.064867, -7.191959
22810000, 0.102819, -0.010218, -7.581612
22820000, 0.100279, 0.074861, -7.830241
22830000, -0.055137, -0.057094, -8.087646
22840000, -0.076175, 0.026765, -7.128408
22850000, 0.131915, -0.042394, -7.327705
22860000, 0.019217, 0.051150, -7.422151
22870000, 0.010554, 0.140623, -7.881500
22880000, 0.017198, 0.122947, -7.748133
22890000, 0.016703, 0.061140, -7.848476
22900000, 0.043479, 0.048257, -7.543475
22910000, -0.031751, -0.007722, -7.602592
22920000, -0.137170, -0.072706, -7.075291
22930000, -0.250284, -0.043328, -7.092210
22940000, -0.037537, -0.028998, -7.338260
22950000, 0.076240, -0.085976, -7.429732
22960000, 0.025144, -0.064622, -7.506072
22970000, -0.026147, -0.106035, -7.682435
22980000, 0.051923, -0.056825, -7.461542
22990000, 0.007518, -0.049367, -7.553208
23000000, -0.115157, -0.024449, -7.717877
23010000, -0.009906, -0.033929, -7.607214
23020000, -0.048177, -0.028805, -7.661288
23030000, 0.076589, 0.108195, -7.778827
23040000, -0.112275, -0.067063, -7.947897
23050000, -0.066112, 0.046972, -7.564521
23060000, 0.053583, 0.101073, -7.329208
23070000, 0.061886, -0.078093, -7.501521
23080000, 0.022522, 0.054075, -7.489376
23090000, 0.128973, -0.107999, -7.918981
23100000, -0.033139, -0.066095, -7.854408
23110000, 0.083627, 0.023529, -7.979427
23120000, -0.010756, 0.120090, -8.330742
23130000, -0.036760, 0.044012, -7.082166
23140000, -0.069373, -0.030852, -7.604318
23150000, -0.092055, 0.015441, -7.764112
23160000, -0.033610, 0.022578, -7.860355
23170000, -0.001227, 0.010957, -7.270686
23180000, 0.058746, 0.041459, -7.937839
23190000, 0.099385, -0.006494, -7.334330
23200000, 0.037250, 0.169536, -7.242655
23210000, 0.085335, -0.006376, -7.922523
23220000, 0.018426, 0.099915, -7.614243
23230000, -0.036446, -0.052636, -7.245163
23240000, 0.030432, -0.021557, -8.068091
23250000, 0.052646, -0.116371, -7.424115
23260000, 0.035522, -0.069859, -7.607247
23270000, 0.042689, -0.034220, -7.963748
23280000, 0.022348, 0.022940, -7.555288
23290000, -0.070532, -0.100526, -7.415212
23300000, -0.094838, -0.013137, -7.777771
23310000, 0.075704, 0.214750, -7.883361
23320000, -0.056470, -0.058075, -7.446581
23330000, 0.253497, 0.031226, -7.024868
23340000, 0.188703, -0.197872, -7.315422
23350000, -0.003006, 0.024790, -7.277876
23360000, -0.010336, -0.149424, -7.154421
23370000, -0.130756, 0.012450, -7.516499
23380000, 0.050495, -0.030347, -7.603126
23390000, 0.096305, -0.029603, -7.415261
23400000, 0.080571, 0.020435, -7.551686
23410000, 0.061087, 0.021978, -7.754676
23420000, -0.292842, 0.001646, -7.187564
23430000, -0.019849, -0.066888, -7.408111
23440000, -0.028247, -0.023953, -7.911207
23450000, 0.023826, 0.010555, -7.560123
23460000, 0.003682, -0.024329, -8.153391
23470000, -0.044170, -0.177273, -7.736384
23480000, -0.021568, 0.087764, -7.876586
23490000, 0.068605, 0.077187, -7.464474
23500000, 0.014100, 0.018408, -7.544669
23510000, 0.005861, -0.047678, -7.520132
23520000, -0.036537, 0.000688, -7.357903
23530000, -0.023003, -0.022387, -7.675927
23540000, -0.024652, 0.064970, -7.579091
23550000, -0.098290, 0.126181, -7.758266
23560000, 0.015761, 0.086002, -7.817667
23570000, 0.064729, 0.136711, -7.505851
23580000, -0.108772, 0.102616, -7.206952
23590000, 0.081580, 0.042338, -7.524849
23600000, -0.231842, -0.035437, -7.801736
23610000, 0.030056, -0.011475, -7.529610
23620000, -0.009662, -0.058444, -7.652086
23630000, 0.069184, -0.025375, -7.522213
23640000, 0.000225, -0.083142, -7.663917
23650000, 0.140541, -0.097179, -7.844483
23660000, 0.016375, -0.021620, -7.754826
23670000, 0.102594, 0.060432, -7.870113
23680000, 0.030776, 0.149079, -7.677483
23690000, -0.041550, 0.061270, -7.254828
23700000, -0.029102, 0.054259, -7.427185
23710000, -0.158776, 0.043160, -7.964612
23720000, 0.089024, 0.178231, -7.425462
23730000, 0.091051, 0.087834, -7.586048
23740000, 0.013579, -0.072659, -7.897822
23750000, -0.123155, 0.021611, -8.305902
23760000, 0.080517, -0.092785, -7.949497
23770000, 0.044816, -0.048623, -7.892253
23780000, 0.057110, -0.028881, -7.280000
23790000, 0.067816, 0.057614, -7.778221
23800000, -0.079435, 0.054194, -7.332170
23810000, 0.137862, -0.112440, -8.211583
23820000, -0.036102, 0.022648, -7.544087
23830000, -0.059914, -0.099426, -7.570219
23840000, -0.075235, 0.194221, -6.984166
23850000, 0.101482, -0.017851, -7.969633
23860000, 0.034395, 0.024386, -7.475263
23870000, 0.144079, 0.108980, -7.776945
23880000, 0.082953, -0.024675, -7.939874
23890000, -0.046583, 0.066373, -7.910750
23900000, -0.078023, -0.069095, -7.430122
23910000, 0.070651, -0.033974, -7.631097
23920000, -0.089105, -0.082272, -7.833646
23930000, -0.065507, -0.187072, -7.387235
23940000, -0.024915, -0.115397, -7.205084
23950000, -0.046767, -0.156599, -7.717415
23960000, -0.024526, 0.034309, -7.891213
23970000, 0.070593, -0.099690, -7.397728
23980000, 0.074385, -0.138381, -7.669813
23990000, -0.006395, -0.053869, -7.781297
24000000, 0.002471, -0.114857, -8.024004
24010000, -0.053715, -0.049038, -7.330055
24020000, 0.051469, 0.011617, -7.641398
24030000, -0.069894, -0.014939, -7.666801
24040000, -0.034877, 0.059877, -8.090956
24050000, 0.113897, -0.003903, -7.522708
24060000, 0.053822, -0.073281, -8.068463
24070000, 0.019064, 0.040189, -7.678466
24080000, -0.097761, 0.131703, -7.857322
24090000, -0.040688, 0.013483, -8.249303
24100000, 0.086949, 0.047830, -7.269292
24110000, -0.035060, 0.088809, -7.329142
24120000, 0.112824, 0.126497, -7.335586
24130000, -0.080194, 0.026957, -7.568185
24140000, -0.035360, 0.169430, -7.406680
24150000, 0.036321, 0.083043, -7.732865
24160000, -0.102364, 0.130760, -7.271807
24170000, -0.142540, -0.100281, -7.810816
24180000, -0.017630, -0.124241, -6.805559
24190000, -0.012186, -0.118295, -6.824330
24200000, -0.048067, -0.004808, -7.427807
24210000, -0.082485, -0.095826, -7.286921
24220000, -0.176153, -0.137756, -7.887923
24230000, -0.033446, -0.097708, -7.274065
24240000, -0.039726, 0.072441, -7.439801
24250000, 0.094632, 0.019697, -7.777529
24260000, -0.048352, 0.036171, -7.387533
24270000, -0.043106, 0.082721, -7.530904
24280000, -0.133000, 0.142890, -7.272135
24290000, -0.120423, -0.025051, -7.666064
24300000, 0.118113, 0.031536, -7.830996
24310000, 0.049022, -0.050310, -7.068415
24320000, -0.176736, -0.016901, -7.479483
24330000, -0.080758, -0.124601, -7.454365
24340000, 0.038112, -0.080026, -7.372615
24350000, -0.061387, -0.109711, -7.290936
24360000, -0.067027, 0.022539, -7.424917
24370000, -0.021322, -0.046801, -7.589994
24380000, -0.063783, -0.046881, -7.656725
24390000, 0.005562, -0.005321, -7.750985
24400000, 0.092749, -0.021066, -7.174326
24410000, -0.058084, 0.141808, -7.568910
24420000, 0.094566, 0.003939, -7.927177
24430000, 0.066541, -0.017582, -7.458024
24440000, -0.064182, 0.002440, -7.671663
24450000, -0.022870, -0.096540, -7.800185
24460000, -0.092835, -0.066807, -7.540482
24470000, 0.110398, -0.002768, -7.841842
24480000, 0.160685, 0.015703, -7.849150
24490000, 0.016198, 0.131643, -7.641151
24500000, -0.140226, -0.140180, -7.344398
24510000, 0.064857, -0.058419, -7.302625
24520000, -0.035531, -0.159902, -7.668257
24530000, -0.161160, 0.043514, -7.366365
24540000, -0.117604, 0.148262, -7.393215
24550000, 0.016283, 0.008080, -7.429632
24560000, 0.047356, 0.122174, -7.635344
24570000, 0.118762, 0.117213, -7.629910
24580000, 0.162059, -0.070533, -7.825568
24590000, -0.199399, -0.015652, -7.543686
24600000, 0.039252, 0.042223, -7.441636
24610000, -0.049630, 0.031084, -7.572374
24620000, 0.006024, 0.007401, -7.702303
24630000, -0.095983, 0.060155, -7.898658
24640000, -0.143155, 0.085577, -7.083751
24650000, 0.057265, 0.122673, -7.602392
24660000, 0.000168, -0.042191, -7.861202
24670000, -0.015838, -0.032488, -7.882743
24680000, 0.043713, 0.013852, -7.527360
24690000, 0.002118, 0.180602, -7.764262
24700000, -0.024248, 0.141677, -7.349376
24710000, 0.144699, -0.038709, -7.588434
24720000, -0.120675, 0.031634, -7.700604
24730000, -0.033059, 0.043141, -7.993581
24740000, 0.126344, 0.012388, -7.635868
24750000, 0.184244, 0.053740, -7.393375
24760000, -0.036112, 0.091745, -7.774200
24770000, 0.019988, -0.081128, -7.726535
24780000, -0.107640, 0.047296, -8.445958
24790000, -0.066708, 0.132111, -7.717964
24800000, 0.106713, -0.023631, -7.545457
24810000, 0.109726, 0.191719, -6.819425
24820000, -0.054480, 0.199425, -7.630607
24830000, -0.072883, -0.127280, -7.905662
24840000, -0.042705, -0.030588, -7.829773
24850000, -0.114511, -0.144149, -7.360932
24860000, 0.023290, -0.058768, -7.537598
24870000, -0.054963, 0.042272, -7.122217
24880000, 0.273518, 0.011000, -6.905632
24890000, 0.076632, -0.221863, -7.411615
24900000, 0.023880, -0.065665, -7.344093
24910000, 0.096951, -0.027337, -8.065337
24920000, 0.046269, -0.023360, -7.868175
24930000, 0.032517, 0.059104, -7.739708
24940000, 0.001395, -0.064428, -7.817879
24950000, -0.020723, 0.052403, -7.149739
24960000, 0.065026, 0.044088, -7.535714
24970000, 0.036860, -0.043470, -7.607188
24980000, 0.052868, 0.088601, -7.111882
24990000, 0.093665, -0.053945, -7.617042
25000000, -0.067969, -0.004804, -7.763835
25010000, 0.009153, -0.043298, -7.392970
25020000, -0.010333, 0.103898, -7.503436
25030000, 0.016826, -0.071509, -6.871270
25040000, 0.060195, -0.051908, -7.375319
25050000, -0.056366, 0.096573, -7.466940
25060000, -0.089026, 0.135852, -7.569320
25070000, -0.040752, 0.027583, -7.829393
25080000, -0.134469, 0.030223, -7.229218
25090000, -0.185761, 0.031168, -7.250296
25100000, -0.198082, -0.105038, -7.047888
25110000, 0.040124, -0.015630, -7.595905
25120000, 0.033448, -0.017505, -7.714017
25130000, 0.043970, -0.015813, -7.800717
25140000, -0.051017, 0.022210, -7.460237
25150000, 0.076606, 0.140469, -7.839742
25160000, 0.050083, 0.116623, -7.561586
25170000, 0.135065, 0.148995, -7.294537
25180000, -0.034364, 0.227104, -7.360646
25190000, 0.043030, -0.083161, -7.677457
25200000, 0.288857, 0.086982, -7.608173
25210000, 0.033059, -0.097818, -7.233318
25220000, 0.204608, -0.159056, -7.336984
25230000, 0.183461, -0.169714, -6.967799
25240000, 0.136194, 0.081793, -7.456769
25250000, 0.011920, -0.119356, -7.989819
25260000, -0.021910, 0.009016, -7.615935
25270000, -0.009982, 0.009784, -7.526200
25280000, -0.129906, 0.068016, -8.001863
25290000, -0.008259, -0.035529, -7.474612
25300000, 0.077489, 0.063606, -7.351806
25310000, -0.091165, -0.062418, -7.778633
25320000, 0.054360, 0.026346, -7.571365
25330000, -0.141058, -0.039434, -8.054488
25340000, -0.021711, 0.186203, -7.533565
25350000, -0.209314, -0.091647, -7.705037
25360000, -0.135956, -0.052997, -7.806517
25370000, 0.099876, 0.043882, -7.230396
25380000, 0.006859, -0.089328, -7.581641
25390000, -0.076563, 0.166033, -8.011008
25400000, -0.074975, -0.084714, -7.403343
25410000, 0.128389, 0.121474, -7.488528
25420000, 0.202621, 0.026972, -7.062446
25430000, -0.055087, -0.116215, -7.145839
25440000, 0.210795, -0.019643, -7.793606
25450000, 0.170895, 0.028847, -7.374870
25460000, 0.034727, 0.142164, -7.381138
25470000, 0.023290, -0.042862, -7.240052
25480000, 0.136120, 0.046408, -7.874411
25490000, -0.017306, -0.003668, -7.919307
25500000, 0.056868, 0.114589, -7.442418
25510000, 0.061158, 0.101147, -7.886267
25520000, -0.070761, -0.076833, -7.657787
25530000, -0.141813, 0.014205, -7.562162
25540000, -0.117097, 0.082443, -7.262312
25550000, -0.014144, 0.133036, -7.585003
25560000, 0.010493, -0.004456, -7.065921
25570000, 0.026002, -0.063146, -7.518429
25580000, 0.021930, -0.093521, -7.078272
25590000, 0.040377, -0.008686, -7.293368
25600000, 0.182928, -0.010165, -8.063954
25610000, 0.136753, 0.036523, -7.383236
25620000, -0.008224, -0.051809, -7.787680
25630000, 0.043331, -0.066085, -7.448659
25640000, 0.074654, 0.063167, -7.232276
25650000, 0.041631, -0.010878, -7.845097
25660000, 0.110731, -0.009605, -7.295283
25670000, -0.055161, -0.063186, -7.936328
25680000, 0.097264, -0.021076, -7.538470
25690000, -0.094906, 0.024589, -7.575282
25700000, -0.226024, -0.026779, -7.401524
25710000, -0.012565, 0.181345, -7.391346
25720000, -0.155736, 0.131770, -7.635243
25730000, -0.043291, -0.030122, -8.015226
25740000, -0.017410, -0.078505, -7.908046
25750000, 0.116168, -0.178132, -7.158044
25760000, -0.042675, -0.256850, -7.426902
25770000, -0.093373, -0.205535, -7.304538
25780000, 0.037585, -0.241573, -7.484131
25790000, 0.083570, -0.115425, -7.337216
25800000, 0.090247, -0.146080, -7.748527
25810000, 0.076144, -0.144731, -7.363178
25820000, -0.055690, -0.057043, -7.595368
25830000, -0.017179, -0.064607, -7.780605
25840000, 0.019346, 0.071093, -7.267709
25850000, 0.119688, 0.032279, -7.329803
25860000, 0.047279, -0.004152, -7.086011
25870000, 0.009421, 0.023653, -7.393913
25880000, 0.188864, -0.023100, -7.307000
25890000, -0.031370, -0.131750, -7.115387
25900000, 0.052540, -0.129907, -7.656490
25910000, -0.087926, 0.060230, -7.140771
25920000, -0.018850, -0.021214, -7.394290
25930000, -0.069196, -0.080104, -7.384393
25940000, -0.146587, 0.068913, -7.695837
25950000, -0.112185, -0.138731, -7.148854
25960000, 0.009181, -0.015630, -7.608148
25970000, -0.101329, -0.050151, -7.643775
25980000, 0.061027, -0.130251, -7.978306
25990000, -0.134532, -0.029107, -7.395336
26000000, -0.061138, -0.000577, -7.700250
26010000, -0.015388, -0.018337, -7.876490
26020000, 0.021197, 0.179762, -8.016474
26030000, -0.096624, -0.046040, -7.555655
26040000, -0.083225, 0.028667, -7.726430
26050000, -0.150965, -0.176763, -7.058378
26060000, -0.095757, -0.041716, -7.525998
26070000, -0.093552, -0.061886, -7.404582
26080000, -0.109255, 0.004748, -7.677664
26090000, -0.157706, -0.059411, -7.580075
26100000, -0.181356, -0.068734, -7.892325
26110000, 0.092221, -0.115081, -7.346503
26120000, 0.069164, 0.021938, -7.392342
26130000, -0.009335, -0.081219, -7.703212
26140000, 0.103011, -0.053397, -7.383404
26150000, -0.040482, -0.041407, -7.616833
26160000, -0.074089, 0.080492, -7.536601
26170000, -0.029681, 0.039776, -7.607359
26180000, 0.182031, -0.121080, -7.445368
26190000, 0.121381, -0.212961, -7.270441
26200000, 0.000524, -0.085336, -7.639253
26210000, 0.133169, 0.040711, -7.855405
26220000, 0.024488, 0.047785, -7.523502
26230000, 0.124558, 0.175203, -7.486048
26240000, 0.029508, 0.055864, -7.536669
26250000, -0.040595, 0.214759, -7.555220
26260000, -0.119057, 0.020885, -7.711335
26270000, -0.136956, 0.039929, -7.679427
26280000, -0.035035, 0.062737, -7.416654
26290000, -0.133873, 0.013925, -7.557813
26300000, -0.068709, 0.138084, -7.501853
26310000, -0.027183, -0.159007, -7.854050
26320000, 0.010263, -0.000270, -8.010449
26330000, 0.062372, 0.058684, -7.617618
26340000, 0.193581, 0.093373, -7.277212
26350000, 0.183634, 0.034412, -7.581345
26360000, 0.043484, -0.051017, -7.801032
26370000, 0.045568, 0.167910, -7.025609
26380000, 0.144895, 0.237479, -7.264721
26390000, -0.033881, 0.054549, -7.286615
26400000, 0.108120, 0.313415, -7.180752
26410000, -0.003043, 0.064737, -7.366143
26420000, 0.072590, 0.028233, -7.449353
26430000, -0.013936, 0.068097, -7.972983
26440000, 0.081211, -0.016317, -7.513548
26450000, -0.000080, 0.092462, -7.588843
26460000, -0.081663, -0.049090, -7.188047
26470000, -0.243789, -0.045357, -7.474742
26480000, 0.057507, 0.002685, -7.490686
26490000, 0.147097, -0.052401, -7.990040
26500000, 0.061175, -0.090413, -7.714930
26510000, 0.031539, 0.049524, -7.345836
26520000, 0.020478, 0.028623, -7.513929
26530000, -0.068305, -0.001787, -7.924157
26540000, -0.018833, -0.008431, -7.637665
26550000, -0.114515, 0.062301, -7.893876
26560000, -0.078222, 0.202118, -7.672672
26570000, 0.033568, -0.005596, -7.878432
26580000, -0.013930, -0.105550, -7.148438
26590000, -0.141591, -0.123446, -7.396904
26600000, -0.227415, -0.116513, -7.927587
26610000, 0.051713, -0.120001, -7.505648
26620000, -0.074775, 0.006959, -7.319785
26630000, -0.029444, -0.027963, -8.113737
26640000, -0.047887, -0.120905, -7.806315
26650000, -0.025214, 0.002677, -7.627179
26660000, 0.001764, 0.026688, -7.721152
26670000, 0.035596, 0.015425, -7.170751
26680000, 0.026608, 0.047530, -7.599246
26690000, -0.033208, -0.037331, -7.407133
26700000, 0.104066, 0.061915, -7.181975
26710000, -0.009132, 0.081980, -7.654125
26720000, -0.127050, 0.005238, -7.845136
26730000, -0.044646, 0.089192, -7.910240
26740000, -0.200642, -0.025676, -7.018638
26750000, -0.014417, -0.111312, -7.490632
26760000, -0.120778, -0.136295, -7.740302
26770000, 0.001296, -0.089269, -7.864016
26780000, 0.033543, -0.021253, -7.631556
26790000, 0.016864, 0.030880, -7.451684
26800000, 0.062060, 0.025194, -7.708578
26810000, -0.016110, -0.024993, -7.589759
26820000, 0.006492, -0.154272, -7.273335
26830000, 0.015716, -0.098249, -7.307486
26840000, 0.016457, -0.009805, -8.042633
26850000, -0.063113, -0.121217, -7.450758
26860000, -0.125249, -0.061496, -7.407604
26870000, 0.003243, -0.061899, -6.987550
26880000, -0.036537, 0.066115, -7.486432
26890000, 0.054439, 0.109798, -7.474684
26900000, -0.060347, -0.125253, -7.605601
26910000, 0.071099, -0.177089, -7.390606
26920000, 0.013559, -0.065754, -7.510819
26930000, -0.009404, -0.034677, -7.848245
26940000, 0.008849, 0.004635, -7.508826
26950000, -0.042293, 0.055025, -7.887543
26960000, 0.218389, -0.061871, -7.506783
26970000, 0.065838, -0.235455, -7.432030
26980000, 0.047635, -0.057635, -7.847530
26990000, 0.027968, 0.028388, -7.595619
27000000, 0.117516, 0.097209, -7.429079
27010000, 0.025199, -0.093722, -7.785154
27020000, -0.040995, 0.064121, -7.641654
27030000, 0.053868, 0.071948, -7.661279
27040000, 0.004516, 0.068099, -7.590006
27050000, 0.014959, 0.102200, -7.384577
27060000, 0.155976, 0.043096, -7.698564
27070000, 0.068370, 0.044847, -7.861656
27080000, 0.136476, 0.131146, -7.835764
27090000, -0.147973, 0.121341, -7.227023
27100000, 0.121814, 0.042713, -8.006990
27110000, -0.080934, -0.024610, -7.964890
27120000, -0.059213, 0.071683, -6.872828
27130000, -0.082017, 0.083845, -7.617985
27140000, -0.167686, 0.104171, -7.627827
27150000, -0.102557, -0.124839, -7.317679
27160000, -0.155488, -0.026794, -7.267840
27170000, -0.044280, -0.189339, -6.702261
27180000, 0.162628, 0.044473, -6.935918
27190000, -0.008217, 0.077395, -7.088930
27200000, 0.015952, 0.165497, -7.207736
27210000, 0.010788, -0.098196, -7.816994
27220000, -0.130483, 0.159148, -7.258948
27230000, 0.176336, 0.092503, -7.210353
27240000, 0.069553, -0.025567, -6.940432
27250000, 0.132983, -0.136731, -7.336020
27260000, -0.000945, 0.022110, -7.963151
27270000, -0.038985, 0.024686, -7.950714
27280000, 0.143510, 0.062512, -7.446150
27290000, 0.139941, -0.005368, -7.554905
27300000, -0.022017, -0.055007, -7.531931
27310000, -0.067020, -0.067950, -7.121242
27320000, -0.085877, 0.236089, -7.538513
27330000, -0.006808, 0.160085, -7.823703
27340000, -0.231554, 0.052862, -7.856759
27350000, -0.313532, 0.008898, -7.213166
27360000, -0.053186, 0.140511, -7.497980
27370000, -0.027556, 0.053703, -7.366314
27380000, 0.065271, 0.033425, -7.513105
27390000, 0.037578, 0.075037, -7.437121
27400000, -0.057424, -0.046832, -7.083094
27410000, 0.070614, 0.120652, -7.822820
27420000, -0.013563, 0.081861, -6.883860
27430000, 0.018158, 0.088841, -7.039048
27440000, 0.019014, -0.052988, -7.319257
27450000, 0.097974, 0.097338, -6.728256
27460000, -0.044489, 0.137959, -7.543724
27470000, -0.079819, -0.045512, -7.485986
27480000, -0.077628, -0.129854, -7.486043
27490000, 0.127175, -0.011669, -7.577118
27500000, 0.017736, -0.063629, -7.891343
27510000, 0.018318, -0.141794, -7.579160
27520000, 0.155932, -0.011169, -7.606289
27530000, 0.077090, -0.033617, -7.654281
27540000, -0.183613, -0.029059, -7.675815
27550000, -0.142337, -0.013252, -7.857111
27560000, 0.101416, -0.049641, -7.073126
27570000, 0.035506, 0.020009, -7.893982
27580000, -0.194353, -0.003738, -7.509356
27590000, 0.070909, -0.096137, -7.704671
27600000, 0.159348, 0.059154, -7.197102
27610000, 0.077445, 0.038388, -7.786310
27620000, 0.000148, 0.074629, -7.231229
27630000, -0.078783, -0.087654, -7.614308
27640000, -0.093761, -0.050892, -7.461375
27650000, -0.013444, -0.097150, -8.111645
27660000, 0.110272, 0.110116, -7.513242
27670000, -0.000415, 0.077169, -7.899289
27680000, 0.030244, -0.053395, -7.488258
27690000, -0.018707, -0.038597, -7.611015
27700000, -0.096656, -0.038364, -8.135865
27710000, 0.104303, 0.083871, -7.056125
27720000, -0.153820, 0.002679, -7.355120
27730000, -0.001149, -0.062898, -7.758874
27740000, 0.068461, 0.151680, -7.441830
27750000, 0.012141, 0.072407, -7.490729
27760000, -0.146365, 0.042716, -7.709648
27770000, -0.036516, -0.016028, -7.976391
27780000, -0.066624, 0.160695, -7.605598
27790000, 0.081209, 0.039239, -7.336417
27800000, 0.085104, 0.030916, -7.175180
27810000, 0.081524, -0.041547, -7.167644
27820000, 0.042644, -0.133260, -7.579646
27830000, 0.003813, -0.253689, -7.681361
27840000, 0.208398, -0.060491, -7.465578
27850000, -0.144861, -0.106807, -7.216906
27860000, -0.022473, -0.018783, -7.356524
27870000, -0.003058, 0.092857, -7.910586
27880000, 0.000609, -0.106852, -7.260580
27890000, -0.176879, -0.004817, -7.210777
27900000, -0.255857, -0.062734, -7.511039
27910000, -0.099430, 0.038424, -7.954159
27920000, -0.049293, -0.025156, -7.477109
27930000, 0.040915, -0.040293, -7.850087
27940000, -0.017908, 0.134979, -7.449473
27950000, 0.102641, 0.003880, -8.154046
27960000, -0.109508, -0.005752, -7.765132
27970000, -0.192246, -0.005278, -7.629253
27980000, -0.025536, -0.034721, -7.042199
27990000, 0.090183, 0.034089, -7.513796
28000000, 0.005555, -0.065398, -7.549992
28010000, 0.009355, -0.028085, -7.687717
28020000, 0.141573, 0.118569, -7.584084
28030000, 0.126457, -0.071890, -7.446064
28040000, 0.071796, -0.147360, -7.602614
28050000, -0.028484, 0.037096, -7.880948
28060000, 0.003809, 0.098704, -7.765748
28070000, 0.014218, 0.078371, -7.632956
28080000, 0.043607, 0.083682, -7.409504
28090000, -0.027112, -0.006493, -7.164923
28100000, 0.010429, -0.080949, -7.421938
28110000, 0.059207, -0.133949, -7.521557
28120000, 0.001858, 0.031560, -7.673297
28130000, 0.117531, -0.098358, -7.784316
28140000, 0.092962, 0.098039, -7.673600
28150000, 0.156475, 0.153039, -7.013587
28160000, 0.051283, 0.140679, -7.457393
28170000, 0.089069, 0.012525, -7.334540
28180000, 0.067786, 0.108075, -7.421702
28190000, 0.119321, -0.028027, -8.015289
28200000, 0.054325, 0.057596, -7.667542
28210000, -0.279508, -0.036375, -7.316376
28220000, 0.033267, 0.001806, -7.199210
28230000, -0.218735, 0.059249, -7.554742
28240000, -0.119573, -0.076289, -7.416993
28250000, -0.075229, -0.019239, -7.530144
28260000, -0.044192, 0.008401, -7.417867
28270000, -0.058645, 0.043056, -7.310671
28280000, -0.050719, 0.003156, -7.800603
28290000, -0.116645, 0.013705, -7.590824
28300000, -0.031411, -0.018741, -7.638196
28310000, -0.077178, 0.147034, -8.218414
28320000, -0.017462, -0.003108, -7.717695
28330000, -0.034804, 0.142859, -7.481506
28340000, -0.028343, -0.031444, -7.420983
28350000, -0.098854, 0.069132, -7.725838
28360000, -0.126905, -0.032852, -7.785506
28370000, -0.012692, 0.141901, -7.336178
28380000, 0.087515, 0.109458, -7.036934
28390000, -0.044286, 0.190012, -7.522721
28400000, -0.107195, 0.178176, -7.482102
28410000, -0.021874, 0.004652, -7.718374
28420000, -0.057543, -0.072565, -7.702163
28430000, 0.117927, -0.014974, -7.670431
28440000, 0.181212, 0.008832, -7.790187
28450000, 0.174651, 0.092709, -7.486926
28460000, 0.006053, 0.022289, -7.455738
28470000, -0.225975, -0.065501, -7.052569
28480000, -0.095282, 0.041683, -7.535488
28490000, -0.209882, 0.072135, -7.627493
28500000, 0.060572, 0.122995, -7.653592
28510000, -0.123082, -0.050595, -7.359631
28520000, 0.024446, 0.065168, -7.835851
28530000, -0.081950, 0.008749, -7.007007
28540000, 0.035753, -0.023843, -7.467080
28550000, 0.009888, -0.139880, -7.517890
28560000, -0.059515, 0.093483, -7.569592
28570000, 0.091045, 0.077913, -7.128962
28580000, 0.037063, 0.111185, -7.247720
28590000, 0.041502, 0.073421, -7.933813
28600000, 0.067367, -0.000099, -7.072097
28610000, 0.011656, -0.241112, -7.603226
28620000, -0.001813, -0.065420, -7.506817
28630000, 0.172607, 0.035548, -7.676269
28640000, 0.100568, 0.101201, -7.362019
28650000, 0.106114, -0.100567, -7.036844
28660000, 0.030224, -0.103468, -7.676442
28670000, -0.024414, 0.008421, -7.282575
28680000, 0.030859, -0.007133, -7.870834
28690000, -0.015220, 0.135598, -7.374830
28700000, -0.040533, 0.226082, -6.981653
28710000, 0.250286, 0.115314, -6.896480
28720000, 0.034386, 0.062615, -7.578675
28730000, -0.157954, 0.033057, -6.996213
28740000, -0.150103, 0.100961, -7.491191
28750000, -0.146705, -0.042052, -7.600590
28760000, -0.091673, -0.174915, -7.857081
28770000, 0.027509, 0.028518, -7.409845
28780000, 0.123848, 0.059805, -7.990547
28790000, 0.007395, -0.101292, -7.083176
28800000, 0.047705, 0.063025, -7.470239
28810000, 0.039088, 0.001501, -7.650917
28820000, 0.060350, 0.000469, -7.534438
28830000, -0.068424, -0.050913, -7.538047
28840000, 0.013930, -0.002894, -7.651556
28850000, -0.010606, -0.078054, -7.338068
28860000, -0.026505, -0.048286, -7.446957
28870000, 0.063106, 0.025559, -7.468633
28880000, 0.132184, 0.029037, -7.300150
28890000, -0.037031, -0.058309, -7.872259
28900000, 0.087879, -0.052100, -7.686257
28910000, 0.165884, 0.030331, -7.478770
28920000, 0.028264, -0.112555, -7.949323
28930000, 0.062292, 0.107187, -7.351448
28940000, 0.023536, 0.065385, -7.070416
28950000, 0.026196, -0.031187, -7.942616
28960000, -0.015576, 0.048554, -7.606123
28970000, -0.064912, 0.126502, -7.762233
28980000, 0.139402, 0.072698, -7.542248
28990000, -0.016132, 0.011562, -7.658516
29000000, 0.050452, 0.116898, -7.589644
29010000, -0.032930, 0.042804, -7.526378
29020000, -0.055849, -0.088352, -8.057886
29030000, -0.024400, -0.000853, -8.190137
29040000, -0.048470, -0.121925, -7.597318
29050000, 0.051618, -0.048623, -7.302871
29060000, 0.011687, 0.043441, -7.282835
29070000, -0.038822, -0.021195, -7.484091
29080000, -0.004565, -0.061125, -7.262107
29090000, 0.146886, 0.075836, -7.487876
29100000, 0.135570, -0.003547, -7.234038
29110000, 0.055669, -0.131111, -7.646095
29120000, -0.011924, 0.064611, -7.906298
29130000, 0.065639, 0.148964, -7.028539
29140000, 0.057432, 0.136206, -7.462436
29150000, 0.011021, 0.081898, -7.738792
29160000, 0.023537, -0.038625, -7.825707
29170000, -0.046558, -0.030605, -7.515503
29180000, 0.028060, -0.091004, -7.524595
29190000, -0.077920, 0.001904, -7.543005
29200000, -0.180449, 0.130313, -7.429018
29210000, -0.136681, 0.016609, -7.389373
29220000, 0.054681, -0.048103, -7.634907
29230000, 0.018581, 0.108431, -7.715630
29240000, 0.067103, -0.015311, -7.564015
29250000, 0.104291, -0.067214, -7.512599
29260000, -0.056679, 0.056457, -7.899541
29270000, -0.077470, 0.080774, -7.305512
29280000, -0.048881, 0.060345, -7.696822
29290000, 0.003941, 0.010279, -7.699723
29300000, 0.049721, 0.008854, -7.821825
29310000, -0.043733, -0.027309, -7.765158
29320000, 0.130125, -0.073219, -7.437156
29330000, -0.117040, -0.171023, -7.278846
29340000, 0.002682, -0.193830, -7.295742
29350000, 0.022913, -0.128943, -7.946251
29360000, -0.058957, -0.062717, -7.555082
29370000, 0.052250, -0.203083, -7.208316
29380000, -0.138934, -0.157175, -7.549084
29390000, 0.002865, -0.171118, -7.711805
29400000, -0.050493, -0.172349, -7.523029
29410000, -0.051362, -0.153192, -6.505013
29420000, 0.126530, -0.234357, -7.075975
29430000, 0.074065, -0.232905, -7.689625
29440000, -0.204511, -0.218545, -7.274306
29450000, -0.258210, -0.120261, -6.950695
29460000, -0.160226, -0.288685, -7.177109
29470000, -0.147264, -0.036918, -7.108117
29480000, -0.231313, 0.052608, -7.584477
29490000, -0.145272, -0.047811, -7.486204
29500000, -0.099477, 0.083310, -7.622307
29510000, -0.089850, -0.069260, -7.413595
29520000, -0.063279, -0.027454, -7.425144
29530000, -0.018827, -0.090134, -7.827422
29540000, -0.139263, -0.111537, -7.337912
29550000, -0.136697, 0.037204, -7.687175
29560000, -0.013253, 0.089389, -7.420493
29570000, -0.141739, 0.141073, -7.265861
29580000, -0.177978, 0.257419, -6.880729
29590000, 0.071646, 0.250132, -7.425747
29600000, 0.057527, 0.126944, -7.098729
29610000, -0.068712, 0.088894, -7.260973
29620000, -0.073287, -0.014836, -7.543491
29630000, -0.042021, 0.114191, -7.636267
29640000, -0.014178, 0.171157, -7.189752
29650000, 0.197176, 0.038610, -7.205451
29660000, 0.148054, 0.023131, -7.368702
29670000, 0.082076, 0.172690, -7.126874
29680000, -0.035490, -0.073978, -7.403854
29690000, 0.008658, 0.047335, -7.334848
29700000, -0.032550, -0.017024, -6.790432
29710000, -0.033374, -0.212188, -7.780797
29720000, 0.065349, -0.080910, -7.999228
29730000, -0.048726, 0.117301, -7.166459
29740000, 0.080082, 0.050394, -7.929491
29750000, 0.191266, 0.171567, -6.725138
29760000, 0.172864, -0.002435, -7.667513
29770000, 0.203377, 0.176215, -6.602661
29780000, -0.037803, 0.390373, -6.654946
29790000, 0.081823, -0.012332, -7.533158
29800000, 0.059901, 0.030116, -7.694215
29810000, -0.025759, 0.080976, -7.800448
29820000, -0.123611, 0.057370, -7.471916
29830000, -0.021685, 0.168990, -7.007246
29840000, -0.194958, 0.065266, -7.672380
29850000, -0.164433, 0.021948, -7.395698
29860000, -0.129119, -0.053189, -7.645769
29870000, -0.120462, 0.202621, -7.269188
29880000, -0.024412, 0.155550, -7.643524
29890000, -0.045502, -0.027099, -7.482986
29900000, -0.156069, 0.025832, -7.516459
29910000, -0.002674, -0.074830, -8.006687
29920000, -0.098431, -0.034019, -8.152744
29930000, 0.013942, 0.063777, -7.952511
29940000, -0.066298, -0.009343, -7.892432
29950000, 0.029323, -0.061544, -7.955414
29960000, 0.041316, -0.029676, -7.325410
29970000, -0.025247, -0.036950, -7.421318
29980000, -0.083001, 0.105011, -7.416852
29990000, -0.094089, -0.015806, -7.858861
30000000, -0.020975, -0.067954, -7.191240
30010000, -0.019098, -0.016825, -8.054236
30020000, -0.219294, -0.010245, -7.357311
30030000, 0.010698, -0.020457, -7.872679
30040000, -0.167530, -0.058397, -7.436775
30050000, -0.076397, -0.085587, -7.664307
30060000, -0.036467, 0.070074, -7.741079
30070000, -0.068632, -0.087481, -7.285597
30080000, 0.023825, 0.116348, -7.362964
30090000, 0.050486, -0.086172, -7.981247
30100000, -0.103015, -0.031660, -7.502824
30110000, -0.012223, -0.074270, -7.930335
30120000, 0.012152, -0.179283, -7.633593
30130000, 0.134534, -0.088499, -7.973103
30140000, -0.159951, -0.072905, -7.517014
30150000, -0.065982, -0.005335, -7.650384
30160000, -0.073623, -0.086122, -7.411553
30170000, -0.151918, -0.134519, -7.788166
30180000, 0.014517, -0.031628, -8.020605
30190000, 0.068990, -0.117537, -7.736913
30200000, 0.004171, -0.136292, -7.771916
30210000, 0.128994, -0.127315, -7.589752
30220000, 0.128525, -0.044569, -6.855509
30230000, 0.087895, -0.078738, -7.661190
30240000, -0.010466, 0.120550, -8.067532
30250000, -0.020447, 0.081248, -7.460092
30260000, 0.070673, 0.090290, -7.927366
30270000, 0.031441, 0.073458, -7.100190
30280000, -0.012328, 0.213034, -7.246402
30290000, 0.060383, 0.187563, -7.211101
30300000, -0.180393, 0.144649, -7.008858
30310000, 0.112149, 0.160287, -6.741071
30320000, -0.063270, 0.165964, -7.273780
30330000, -0.133961, 0.220039, -6.898991
30340000, -0.120455, 0.195445, -7.306629
30350000, -0.200841, 0.029828, -6.839558
30360000, -0.058719, -0.097924, -7.594323
30370000, -0.080865, 0.033970, -7.221828
30380000, 0.001055, -0.059545, -7.444268
30390000, -0.148005, -0.017608, -7.526828
30400000, 0.050269, -0.054363, -8.092318
30410000, -0.035697, 0.005339, -7.601492
30420000, 0.047063, -0.148200, -7.723284
30430000, -0.037110, -0.018096, -7.568074
30440000, -0.222656, -0.017385, -7.656050
30450000, -0.064870, -0.011092, -7.498486
30460000, 0.115221, -0.142119, -7.939382
30470000, -0.056373, -0.329872, -7.680938
30480000, 0.176636, -0.072230, -7.576212
30490000, 0.222563, 0.056239, -7.183618
30500000, 0.055512, -0.034473, -7.408656
30510000, -0.012505, 0.004028, -7.536657
30520000, 0.073874, -0.007118, -7.429680
30530000, 0.028132, -0.035224, -7.755219
30540000, 0.031028, 0.185879, -7.751085
30550000, -0.103745, -0.087493, -7.907439
30560000, 0.005576, -0.016141, -7.435599
30570000, 0.017939, -0.105661, -7.828203
30580000, 0.101235, 0.082657, -7.483251
30590000, 0.033187, -0.049469, -7.443211
30600000, 0.194184, -0.188887, -7.083766
30610000, 0.062751, -0.132289, -6.792796
30620000, -0.094004, 0.070782, -7.994293
30630000, -0.000714, 0.076467, -7.498326
30640000, -0.009445, -0.199658, -7.762790
30650000, 0.020143, -0.161933, -7.581826
30660000, -0.004084, -0.049039, -7.802471
30670000, 0.087067, 0.031916, -7.660918
30680000, 0.090364, -0.031895, -7.706341
30690000, 0.004863, -0.137674, -7.993758
30700000, 0.001566, -0.102091, -7.529247
30710000, 0.063066, 0.011959, -7.568255
30720000, 0.132265, 0.062460, -7.510118
30730000, 0.006544, -0.128749, -7.397609
30740000, -0.022112, -0.011734, -7.101746
30750000, 0.120640, 0.061290, -7.111020
30760000, -0.065975, -0.041691, -7.548366
30770000, -0.072653, -0.198479, -7.507387
30780000, 0.109043, -0.023784, -7.229295
30790000, -0.078421, -0.134015, -7.805543
30800000, 0.053197, -0.013174, -7.973923
30810000, 0.106444, -0.072461, -7.682587
30820000, -0.009820, -0.068736, -7.686650
30830000, -0.083484, 0.128888, -7.792417
30840000, -0.107292, -0.015244, -7.501702
30850000, 0.078868, -0.007038, -7.029493
30860000, -0.038836, 0.085200, -7.493863
30870000, -0.087971, -0.052642, -7.904915
30880000, -0.043410, 0.009275, -8.142842
30890000, -0.159648, 0.007239, -7.798890
30900000, -0.088652, -0.040015, -7.375436
30910000, -0.084169, -0.048486, -7.656985
30920000, 0.053127, 0.045376, -7.126979
30930000, 0.128951, -0.043585, -7.155888
30940000, -0.044102, 0.164529, -7.857774
30950000, 0.001298, -0.036652, -7.929306
30960000, 0.036032, -0.119936, -7.409524
30970000, -0.103326, -0.112262, -7.063286
30980000, 0.027009, -0.101485, -7.621702
30990000, -0.012912, -0.116946, -7.530726
31000000, 0.007966, 0.071834, -7.584833
31010000, 0.030483, -0.108648, -7.493547
31020000, -0.133677, 0.039739, -7.750180
31030000, 0.005945, -0.002670, -7.667117
31040000, -0.007049, 0.024305, -7.666282
31050000, -0.227322, -0.057916, -7.936014
31060000, -0.052984, -0.094598, -7.258379
31070000, 0.138691, -0.016151, -7.532104
31080000, 0.040904, -0.023303, -7.223398
31090000, 0.054705, 0.209283, -7.598733
31100000, -0.005728, 0.020901, -7.833763
31110000, 0.049680, 0.107822, -7.986306
31120000, 0.058602, 0.044659, -7.582927
31130000, -0.121521, -0.082471, -7.720154
31140000, -0.008832, -0.104266, -8.109329
31150000, -0.025777, -0.014890, -7.239708
31160000, -0.070200, -0.004323, -7.829117
31170000, -0.043630, 0.056216, -7.613182
31180000, 0.057077, 0.143129, -7.079814
31190000, -0.265065, 0.110178, -7.334095
31200000, -0.031658, -0.169188, -7.616190
31210000, -0.127494, 0.013973, -7.274831
31220000, -0.114802, 0.010913, -7.554840
31230000, -0.103343, 0.008572, -7.595351
31240000, 0.085392, -0.163663, -7.279448
31250000, -0.141152, -0.108185, -7.476378
31260000, -0.091080, -0.115578, -8.043065
31270000, -0.033161, -0.054103, -7.427266
31280000, -0.007725, -0.117509, -6.955997
31290000, -0.053993, -0.110196, -7.891710
31300000, 0.057188, -0.003886, -7.114968
31310000, -0.068812, -0.028349, -7.781011
31320000, 0.002199, 0.011381, -7.503790
31330000, -0.005842, -0.112775, -7.563854
31340000, 0.010919, -0.002279, -7.515812
31350000, 0.007930, 0.069204, -7.893977
31360000, -0.048259, 0.190439, -7.506791
31370000, -0.113442, 0.132351, -7.573470
31380000, -0.017366, -0.020561, -7.344502
31390000, 0.088356, 0.152105, -7.113818
31400000, 0.037919, 0.094031, -7.586574
31410000, 0.152979, 0.147401, -7.278991
31420000, 0.011692, 0.184292, -7.576829
31430000, -0.185696, 0.251195, -7.260928
31440000, -0.107930, -0.026038, -7.025591
31450000, -0.217159, 0.063764, -7.391827
31460000, -0.073543, 0.067657, -7.295748
31470000, 0.109149, 0.062422, -7.660231
31480000, -0.072536, 0.056011, -7.383356
31490000, -0.061983, 0.016882, -7.694148
31500000, -0.096892, 0.003981, -7.678711
31510000, -0.042967, 0.031133, -7.960682
31520000, -0.047806, 0.102015, -7.813435
31530000, -0.145871, -0.133824, -7.099142
31540000, 0.007905, -0.141950, -7.560443
31550000, 0.035805, -0.089563, -7.731322
31560000, -0.000619, -0.144696, -7.462682
31570000, 0.086666, 0.044316, -7.810680
31580000, -0.010143, -0.041479, -7.990520
31590000, 0.039213, 0.135648, -7.645482
31600000, 0.044590, 0.078198, -7.427624
31610000, 0.054383, -0.085737, -7.901145
31620000, 0.021841, -0.046313, -7.724064
31630000, -0.014771, 0.104395, -7.750461
31640000, -0.009995, 0.030689, -7.560117
31650000, 0.133615, -0.094233, -7.494239
31660000, 0.115132, -0.196558, -7.151879
31670000, -0.050073, -0.177989, -7.139224
31680000, -0.073696, 0.040038, -7.961180
31690000, -0.150159, -0.093830, -7.468508
31700000, 0.056947, 0.243388, -7.796284
31710000, -0.266778, -0.044116, -7.071968
31720000, -0.000009, 0.065267, -7.555020
31730000, 0.026652, 0.159140, -7.396013
31740000, -0.004357, -0.014042, -7.656579
31750000, -0.091107, 0.126390, -7.863540
31760000, -0.118824, 0.073805, -8.132830
31770000, -0.060207, -0.027075, -7.662681
31780000, -0.057799, -0.077959, -7.382358
31790000, -0.094627, -0.097422, -7.802418
31800000, 0.000976, 0.046313, -7.994132
31810000, 0.001168, 0.011331, -7.461741
31820000, 0.084871, 0.048148, -7.691773
31830000, 0.065334, 0.020147, -7.371610
31840000, 0.084159, 0.028868, -7.583621
31850000, 0.145206, 0.081013, -7.523942
31860000, 0.107682, 0.124778, -7.729830
31870000, 0.177703, 0.089804, -7.714618
31880000, 0.017816, -0.029032, -7.818710
31890000, 0.060215, -0.092913, -7.354840
31900000, -0.033303, 0.061522, -8.166812
31910000, 0.028836, 0.112250, -7.425721
31920000, 0.068056, -0.072867, -7.080969
31930000, -0.055246, -0.078355, -7.681871
31940000, 0.025891, -0.060816, -8.015134
31950000, 0.075408, 0.006450, -7.685867
31960000, 0.137852, 0.007402, -7.773045
31970000, -0.125890, -0.061258, -7.212823
31980000, 0.167624, -0.044055, -7.258991
31990000, -0.003189, -0.171830, -7.888452
32000000, 0.027245, -0.071519, -7.743700
32010000, -0.060567, -0.022325, -7.406925
32020000, -0.005108, 0.012320, -7.408605
32030000, -0.127334, 0.034971, -7.374501
32040000, 0.019276, -0.121452, -7.767491
32050000, 0.014312, -0.017079, -7.436479
32060000, 0.137753, -0.048880, -7.243971
32070000, 0.161119, -0.231324, -7.595839
32080000, 0.053083, -0.147277, -7.683762
32090000, 0.166616, -0.201780, -7.061381
32100000, -0.188004, -0.221958, -7.609193
32110000, 0.041527, -0.025753, -7.021737
32120000, -0.105503, 0.035411, -7.594921
32130000, -0.190035, -0.061361, -6.954247
32140000, 0.008756, 0.013984, -7.230482
32150000, 0.133976, 0.019612, -7.687000
32160000, -0.016851, 0.031289, -7.576684
32170000, -0.071608, 0.211065, -7.544228
32180000, 0.070378, -0.000700, -7.374945
32190000, 0.059454, -0.011132, -7.423167
32200000, 0.231019, 0.043692, -7.742523
32210000, 0.158623, -0.091902, -7.216139
32220000, 0.020726, -0.024188, -7.595034
32230000, 0.172631, -0.157307, -7.476381
32240000, 0.045171, 0.025434, -8.070666
32250000, -0.221959, 0.010301, -7.974762
32260000, 0.014514, -0.027134, -7.236722
32270000, -0.026429, 0.002117, -7.677462
32280000, 0.001309, -0.088770, -7.817840
32290000, 0.085961, -0.070603, -7.902940
32300000, -0.083541, 0.050813, -7.831141
32310000, 0.038694, -0.004629, -7.642957
32320000, 0.106411, -0.096428, -7.880123
32330000, 0.028721, 0.043442, -7.457247
32340000, 0.023560, 0.002609, -7.329203
32350000, 0.115114, 0.028374, -7.269345
32360000, 0.068067, 0.050233, -7.784363
32370000, -0.022011, -0.034235, -7.719181
32380000, -0.083333, -0.124115, -7.425918
32390000, 0.015472, -0.043507, -7.954133
32400000, 0.062239, -0.100028, -7.782550
32410000, -0.087632, -0.017492, -7.563283
32420000, -0.181455, 0.049389, -7.572341
32430000, -0.164247, 0.028316, -7.497312
32440000, -0.052177, -0.101606, -7.336156
32450000, -0.051455, 0.103292, -7.641487
32460000, 0.077783, -0.061537, -7.739962
32470000, -0.011244, 0.004053, -7.382823
32480000, 0.028578, -0.012071, -7.538680
32490000, 0.043327, -0.109148, -7.401401
32500000, -0.023450, 0.106273, -7.998162
32510000, -0.014452, 0.055864, -7.642268
32520000, -0.066719, 0.106487, -7.694507
32530000, -0.015335, 0.205469, -7.782651
32540000, 0.029565, 0.012635, -8.058957
32550000, -0.006568, 0.227917, -7.811978
32560000, 0.086376, -0.060104, -7.277298
32570000, 0.169969, -0.147801, -7.553450
32580000, 0.026602, -0.073123, -8.143677
32590000, 0.129002, 0.085748, -7.610764
32600000, 0.096492, -0.022687, -7.518522
32610000, 0.110173, 0.014430, -7.436339
32620000, -0.162478, -0.076156, -7.603237
32630000, -0.026055, -0.067209, -7.868289
32640000, 0.004274, -0.021518, -7.809728
32650000, 0.009963, -0.063406, -7.604652
32660000, -0.037463, -0.111215, -7.658849
32670000, -0.191837, 0.023474, -7.536803
32680000, -0.042596, 0.041937, -7.688335
32690000, 0.094900, 0.028988, -8.171753
32700000, -0.019647, 0.122197, -7.902273
32710000, 0.041810, -0.046313, -7.657686
32720000, -0.023640, 0.054384, -7.735667
32730000, 0.018781, -0.053910, -8.114155
32740000, 0.098070, 0.006959, -7.568532
32750000, -0.029060, 0.016466, -7.239802
32760000, -0.088831, 0.035550, -7.172524
32770000, -0.010383, -0.030329, -7.544213
32780000, -0.027727, -0.037078, -7.421165
32790000, 0.120019, -0.080895, -7.696407
32800000, 0.238888, 0.063861, -7.898835
32810000, 0.055217, -0.076892, -7.401166
32820000, 0.141067, 0.026253, -6.951822
32830000, 0.086686, 0.001903, -7.862422
32840000, 0.076953, 0.035797, -7.833661
32850000, 0.097624, 0.113850, -7.685093
32860000, 0.025418, 0.133525, -7.511699
32870000, -0.040221, 0.056638, -7.636395
32880000, -0.016469, 0.005809, -7.746919
32890000, -0.054660, -0.037723, -7.959715
32900000, 0.026614, -0.026049, -7.421159
32910000, -0.006345, 0.011425, -7.937273
32920000, -0.022783, 0.076302, -7.940539
32930000, 0.051233, 0.243578, -7.315035
32940000, 0.065214, -0.146211, -7.716212
32950000, -0.070449, 0.123477, -7.490609
32960000, -0.070159, -0.025961, -7.662583
32970000, -0.103299, -0.154804, -7.089962
32980000, -0.066838, 0.096126, -7.275170
32990000, 0.071541, 0.044416, -7.377479
33000000, 0.015146, 0.084186, -7.477726
33010000, 0.020691, 0.003450, -7.228802
33020000, 0.116434, -0.016230, -7.841785
33030000, -0.089096, -0.056145, -7.674951
33040000, -0.066832, -0.079191, -7.304303
33050000, -0.240299, -0.034045, -7.017424
33060000, -0.102043, -0.051546, -7.241739
33070000, -0.086859, 0.197177, -7.199819
33080000, -0.030169, -0.268857, -7.164386
33090000, -0.081987, -0.050403, -7.995155
33100000, 0.010591, 0.010680, -7.726118
33110000, -0.076138, 0.108749, -7.516663
33120000, 0.041117, 0.021564, -7.436382
33130000, 0.039462, -0.050545, -7.479106
33140000, -0.006866, 0.002833, -7.575375
33150000, -0.031667, 0.002752, -7.855040
33160000, -0.150665, -0.090508, -7.519388
33170000, -0.158982, 0.051933, -7.525065
33180000, -0.111099, -0.075173, -7.498123
33190000, -0.169156, -0.075023, -7.926980
33200000, -0.017455, -0.108977, -7.804934
33210000, 0.105025, 0.043110, -8.108032
33220000, 0.097418, -0.033353, -7.534946
33230000, -0.042784, 0.002120, -7.256951
33240000, 0.031122, 0.019047, -7.537976
33250000, -0.123955, -0.131281, -7.483318
33260000, -0.005922, -0.085695, -7.636233
33270000, 0.019122, -0.030134, -7.445219
33280000, 0.112471, -0.050118, -7.733651
33290000, 0.133599, -0.045787, -7.738678
33300000, 0.169483, -0.036994, -7.575802
33310000, 0.112530, -0.019132, -7.856654
33320000, 0.108715, -0.174105, -7.782645
33330000, -0.043731, 0.062300, -7.533209
33340000, 0.012882, -0.036597, -7.430028
33350000, 0.020965, -0.084019, -7.372705
33360000, 0.013854, -0.024767, -7.694058
33370000, -0.024808, -0.058276, -7.664440
33380000, 0.021665, -0.054400, -8.094182
33390000, -0.025695, -0.039102, -7.591043
33400000, 0.067879, -0.100197, -7.719801
33410000, 0.039749, 0.123940, -8.054954
33420000, 0.060846, 0.157436, -7.586921
33430000, 0.192452, -0.002566, -7.428882
33440000, -0.136195, 0.028106, -7.562736
33450000, 0.083036, 0.045053, -8.063486
33460000, 0.011636, 0.053327, -7.310830
33470000, -0.056617, -0.132151, -7.323945
33480000, -0.118360, -0.187280, -7.358289
33490000, -0.103148, -0.014386, -7.873084
33500000, -0.176949, 0.018940, -7.199888
33510000, -0.138766, -0.008375, -7.448584
33520000, -0.010929, -0.070416, -7.685576
33530000, 0.007049, -0.142657, -7.600527
33540000, -0.046414, -0.169170, -7.689259
33550000, -0.044818, -0.110184, -7.078265
33560000, -0.036369, -0.137720, -7.197348
33570000, -0.045430, 0.015450, -7.552075
33580000, -0.046181, -0.062048, -7.963308
33590000, -0.029822, 0.108187, -7.816371
33600000, 0.048652, 0.052087, -7.262788
33610000, -0.002946, -0.027012, -7.812502
33620000, -0.148314, 0.045348, -7.856381
33630000, 0.060195, 0.213872, -8.189221
33640000, -0.020007, 0.091527, -7.353944
33650000, -0.072500, 0.144664, -7.607585
33660000, -0.037442, 0.170312, -7.453276
33670000, -0.009218, 0.010760, -7.563132
33680000, -0.076960, -0.030405, -7.967275
33690000, 0.043479, -0.090385, -7.832407
33700000, 0.068089, 0.044472, -7.641767
33710000, 0.071724, 0.170534, -7.369031
33720000, -0.114060, -0.066009, -7.543162
33730000, -0.094941, 0.110137, -7.397433
33740000, -0.007788, -0.109742, -7.831804
33750000, 0.062548, 0.036618, -7.452255
33760000, -0.101678, -0.080622, -7.909192
33770000, -0.103096, 0.058383, -7.119195
33780000, -0.006414, 0.001923, -7.256654
33790000, -0.046960, 0.005426, -7.651472
33800000, 0.102648, -0.144348, -7.531207
33810000, -0.003842, 0.009061, -7.263192
33820000, 0.028663, 0.014439, -7.594234
33830000, 0.031010, -0.004946, -7.319113
33840000, 0.103019, 0.051572, -7.709127
33850000, 0.054399, 0.234131, -7.095261
33860000, -0.032586, 0.077005, -7.884869
33870000, 0.150763, 0.118665, -7.945844
33880000, 0.162288, -0.065452, -7.504713
33890000, 0.090748, 0.069473, -7.802126
33900000, 0.078530, -0.077208, -7.816608
33910000, -0.021149, 0.098703, -7.586091
33920000, -0.110942, -0.239840, -7.556530
33930000, -0.198282, -0.099862, -7.352595
33940000, 0.000052, 0.009149, -8.041658
33950000, -0.065095, 0.034921, -7.116850
33960000, 0.001072, 0.064220, -7.965159
33970000, 0.019175, -0.070874, -6.912591
33980000, -0.007674, 0.024973, -7.439182
33990000, -0.228049, 0.102354, -7.644928
34000000, -0.139421, -0.033888, -7.600483
34010000, 0.000909, -0.077194, -7.515977
34020000, -0.004034, -0.079368, -7.640359
34030000, -0.078353, -0.083131, -7.874992
34040000, -0.126457, -0.008673, -7.832901
34050000, -0.109651, 0.224386, -7.421818
34060000, -0.061524, 0.081696, -7.408927
34070000, -0.138511, 0.234229, -7.332546
34080000, -0.096650, 0.137389, -7.234615
34090000, 0.017353, 0.092553, -7.478711
34100000, -0.077178, 0.106405, -7.765757
34110000, 0.184010, -0.008354, -7.823769
34120000, -0.012083, 0.035092, -7.737011
34130000, 0.038358, 0.134484, -7.905126
34140000, 0.178992, 0.294659, -7.123776
34150000, 0.117283, -0.010093, -7.517615
34160000, 0.103769, 0.107961, -7.197015
34170000, -0.123765, -0.129019, -7.219657
34180000, -0.080231, -0.129517, -7.493442
34190000, 0.069078, -0.024381, -7.956076
34200000, -0.066451, 0.090689, -7.784432
34210000, -0.135742, -0.012859, -7.566809
34220000, 0.089776, -0.083287, -7.461022
34230000, -0.038869, 0.039899, -7.313730
34240000, 0.139816, -0.042282, -7.667628
34250000, -0.189259, -0.077690, -7.470889
34260000, 0.021182, 0.074991, -7.495878
34270000, 0.080383, 0.097886, -7.379558
34280000, -0.015087, 0.116626, -7.770461
34290000, -0.196125, 0.070865, -7.921480
34300000, 0.086682, 0.009351, -7.567885
34310000, -0.085276, -0.126672, -7.647497
34320000, -0.030875, 0.094576, -7.245578
34330000, 0.100074, 0.032025, -7.214460
34340000, 0.130614, 0.044173, -7.623586
34350000, 0.249740, 0.083609, -7.137102
34360000, 0.209861, 0.128638, -7.650145
34370000, 0.155562, 0.254862, -7.292716
34380000, -0.012755, 0.202464, -7.226611
34390000, -0.139418, 0.206508, -7.171171
34400000, 0.032496, -0.009833, -6.975649
34410000, -0.029090, 0.112010, -7.237656
34420000, -0.068806, 0.067626, -7.598301
34430000, 0.060100, 0.159286, -7.490584
34440000, 0.042422, 0.173749, -7.394952
34450000, 0.206889, 0.020840, -7.216870
34460000, 0.341836, 0.040609, -7.154712
34470000, 0.217998, -0.073268, -7.165548
34480000, 0.224644, 0.057997, -7.059968
34490000, 0.110367, -0.191301, -6.760633
34500000, 0.031127, -0.159492, -7.705419
34510000, -0.032855, -0.154575, -7.315564
34520000, 0.149601, -0.074368, -7.428488
34530000, 0.113606, -0.047262, -7.484599
34540000, -0.147873, -0.059452, -7.370011
34550000, -0.002410, -0.174058, -7.490564
34560000, 0.027776, 0.012614, -7.796242
34570000, -0.095083, 0.085404, -8.055456
34580000, -0.101660, -0.004922, -7.743328
34590000, 0.139370, 0.043533, -7.708161
34600000, 0.078339, -0.121206, -7.708465
34610000, -0.055393, 0.002889, -7.754952
34620000, -0.095650, -0.200253, -7.558591
34630000, 0.021993, 0.116571, -7.102527
34640000, -0.054095, 0.030665, -7.496858
34650000, 0.068823, 0.003855, -7.640534
34660000, -0.092932, 0.076246, -7.386501
34670000, -0.132501, 0.124176, -7.660290
34680000, 0.069419, -0.007884, -7.254637
34690000, 0.077220, -0.191756, -7.661749
34700000, -0.012031, -0.112207, -7.484101
34710000, -0.046588, -0.173355, -7.482919
34720000, -0.142974, -0.219870, -7.802144
34730000, 0.120541, -0.074440, -7.378465
34740000, 0.047573, 0.105939, -7.727626
34750000, 0.053626, 0.005802, -7.454421
34760000, -0.097021, 0.084975, -7.341555
34770000, -0.060447, -0.071223, -8.117464
34780000, 0.035935, -0.062644, -7.374249
34790000, 0.003012, 0.035291, -7.740152
34800000, 0.052782, 0.109250, -7.379580
34810000, -0.006519, 0.001090, -8.003220
34820000, -0.124996, -0.010366, -7.561335
34830000, -0.089366, 0.112388, -7.348762
34840000, 0.069803, 0.124208, -7.598226
34850000, 0.048722, -0.085414, -7.771418
34860000, -0.055710, -0.004592, -7.571240
34870000, -0.137814, -0.027240, -6.991211
34880000, -0.127756, 0.086118, -7.751998
34890000, 0.091832, 0.294104, -7.094021
34900000, -0.000383, -0.055717, -7.537819
34910000, 0.159628, -0.058266, -7.647112
34920000, 0.109245, -0.078050, -7.381303
34930000, 0.089163, -0.102749, -7.690157
34940000, 0.071568, -0.044909, -7.786617
34950000, 0.105405, -0.059527, -7.639973
34960000, 0.007860, -0.106551, -7.530029
34970000, 0.048753, -0.018096, -7.686048
34980000, 0.066754, -0.075393, -7.781885
34990000, -0.062416, -0.001691, -7.585142
35000000, -0.006663, 0.089965, -7.514254
35010000, 0.013992, 0.107631, -8.157913
35020000, -0.024188, -0.093633, -7.437686
35030000, -0.011125, -0.062304, -7.802721
35040000, 0.083898, -0.009891, -8.220844
35050000, -0.032331, -0.011668, -7.727872
35060000, -0.117458, 0.015254, -8.062404
35070000, 0.036137, -0.130890, -7.212243
35080000, 0.031025, 0.163670, -7.644059
35090000, -0.223732, -0.153008, -7.562577
35100000, -0.304501, -0.080455, -6.948956
35110000, -0.193941, -0.206513, -7.423848
35120000, -0.176249, -0.194578, -6.736581
35130000, -0.196750, -0.187121, -7.252195
35140000, -0.110550, -0.233066, -7.563615
35150000, 0.073146, -0.231799, -7.096037
35160000, -0.114093, -0.051425, -7.170833
35170000, 0.047644, -0.011284, -7.394720
35180000, -0.090559, 0.076427, -6.867589
35190000, -0.030459, 0.187790, -8.035207
35200000, 0.063608, 0.045733, -7.987640
35210000, 0.033774, -0.015204, -7.508421
35220000, 0.083993, -0.021530, -7.470836
35230000, -0.088069, 0.000742, -7.672088
35240000, 0.011674, -0.124222, -7.548038
35250000, -0.041135, -0.063430, -8.169132
35260000, -0.120043, 0.037444, -7.667878
35270000, 0.048021, 0.001434, -7.563362
35280000, 0.058122, 0.093837, -7.349611
35290000, 0.084051, 0.008819, -7.700021
35300000, 0.061892, -0.020457, -7.626637
35310000, -0.031983, -0.231201, -8.076879
35320000, 0.011830, -0.024456, -7.537945
35330000, 0.069932, 0.072307, -7.984811
35340000, 0.072577, -0.061565, -7.645831
35350000, 0.070154, 0.130569, -7.601397
35360000, -0.057870, -0.024918, -7.145841
35370000, 0.030067, -0.019205, -7.949365
35380000, -0.013310, -0.037510, -7.923898
35390000, 0.019421, -0.055920, -7.680997
35400000, 0.044889, -0.084134, -7.667752
35410000, -0.086923, -0.036167, -7.282852
35420000, 0.059018, -0.140419, -7.140661
35430000, 0.119519, -0.129095, -7.213467
35440000, -0.130312, -0.046570, -7.929919
35450000, -0.201651, 0.129573, -7.529055
35460000, -0.068205, -0.080425, -8.015768
35470000, -0.161338, 0.076313, -7.642804
35480000, -0.049807, 0.166625, -7.653436
35490000, -0.002965, 0.076252, -7.517621
35500000, 0.147280, -0.082432, -7.321464
35510000, 0.013203, -0.040105, -7.966326
35520000, -0.078634, 0.000431, -7.465490
35530000, 0.030333, -0.031988, -7.392858
35540000, 0.021234, -0.004398, -7.655402
35550000, -0.044079, -0.059018, -7.889844
35560000, -0.153700, -0.019840, -7.636057
35570000, -0.064898, -0.137380, -7.592990
35580000, 0.006479, -0.170280, -7.269962
35590000, 0.014120, -0.026480, -7.388648
35600000, 0.105522, -0.056127, -7.367912
35610000, 0.038054, -0.043153, -7.660885
35620000, -0.103633, 0.039103, -7.739468
35630000, -0.071032, 0.249655, -7.808620
35640000, 0.113162, 0.077859, -7.507958
35650000, 0.040719, 0.036138, -7.384044
35660000, 0.036586, -0.006704, -7.949964
35670000, -0.066549, -0.029309, -7.227982
35680000, 0.054022, 0.030478, -7.578679
35690000, -0.121665, -0.149208, -7.490390
35700000, 0.067225, -0.201286, -7.847872
35710000, -0.070806, 0.076876, -7.533990
35720000, -0.098922, 0.094846, -7.466742
35730000, 0.022775, 0.111273, -7.963474
35740000, 0.041685, -0.051159, -7.608837
35750000, 0.173984, 0.012124, -7.601376
35760000, -0.002806, 0.038571, -7.128683
35770000, 0.006183, 0.076579, -6.897656
35780000, 0.014684, -0.015936, -7.666783
35790000, -0.051934, 0.016953, -7.496873
35800000, -0.111255, -0.024148, -7.452302
35810000, 0.215379, 0.170534, -7.581927
35820000, -0.067494, -0.015639, -7.114428
35830000, 0.053587, 0.110578, -7.661305
35840000, -0.119255, 0.131003, -7.566295
35850000, 0.049116, 0.060816, -7.468704
35860000, -0.061704, 0.075876, -8.123987
35870000, 0.121757, 0.015302, -6.769961
35880000, -0.029741, -0.185246, -7.120735
35890000, -0.139225, -0.035426, -8.002689
35900000, 0.029091, 0.020781, -7.806923
35910000, 0.159661, -0.064308, -7.630464
35920000, 0.028185, 0.014604, -7.926292
35930000, 0.193359, 0.043869, -6.831675
35940000, 0.119774, 0.151092, -7.043449
35950000, 0.147282, 0.127586, -7.766724
35960000, 0.052089, -0.094888, -7.483586
35970000, 0.078226, -0.059559, -7.696204
35980000, -0.072536, -0.052615, -7.568462
35990000, 0.013420, 0.119695, -7.394718
36000000, -0.033210, 0.180929, -7.076363
36010000, 0.046636, 0.323532, -7.281876
36020000, -0.012136, 0.075081, -7.633568
36030000, 0.010026, 0.157798, -7.143608
36040000, -0.102641, -0.027000, -7.306238
36050000, -0.080523, -0.044922, -7.593086
36060000, 0.135132, -0.080218, -7.054061
36070000, -0.044257, 0.026467, -7.749269
36080000, 0.048950, 0.039218, -7.730177
36090000, 0.019597, -0.066413, -7.217626
36100000, 0.093845, 0.124630, -7.411044
36110000, -0.073516, 0.002476, -7.800299
36120000, 0.078436, -0.008660, -7.280142
36130000, 0.065392, 0.007014, -7.552653
36140000, 0.084290, -0.161736, -7.577920
36150000, 0.002434, 0.131876, -7.433021
36160000, 0.080966, -0.069336, -8.130524
36170000, -0.044764, 0.129208, -7.288877
36180000, -0.094691, -0.149703, -7.614916
36190000, 0.066107, 0.086539, -7.612989
36200000, 0.077742, 0.082537, -7.502209
36210000, 0.015551, 0.084000, -7.773533
36220000, -0.027183, -0.014117, -7.932992
36230000, -0.015140, -0.035517, -7.084020
36240000, -0.013077, -0.037212, -7.066708
36250000, 0.013024, 0.018837, -6.717476
36260000, 0.109967, -0.027806, -7.591777
36270000, -0.042671, 0.010761, -7.212120
36280000, -0.064523, -0.040913, -7.185871
36290000, -0.051194, -0.020237, -7.629151
36300000, 0.032531, 0.003128, -7.541208
36310000, 0.052335, -0.019805, -7.286929
36320000, 0.102524, 0.011233, -6.773771
36330000, 0.125108, -0.372539, -7.150631
36340000, -0.036746, -0.189741, -7.412887
36350000, -0.025477, -0.085141, -7.385104
36360000, 0.075129, -0.023077, -7.140966
36370000, 0.036260, -0.167882, -7.783607
36380000, 0.033092, -0.207941, -7.554001
36390000, -0.074320, -0.259807, -7.588630
36400000, -0.095305, 0.066543, -7.986741
36410000, -0.007153, 0.084256, -7.739432
36420000, 0.139044, 0.084913, -8.010756
36430000, 0.065816, 0.008701, -7.165284
36440000, 0.065249, 0.045204, -7.636073
36450000, -0.043260, 0.178029, -7.509799
36460000, -0.067294, -0.045272, -7.378497
36470000, 0.001469, 0.043910, -7.638689
36480000, 0.129629, 0.069181, -7.699325
36490000, -0.006297, -0.156043, -7.798302
36500000, 0.013230, -0.002666, -7.725446
36510000, -0.034384, -0.085916, -7.639430
36520000, 0.001088, 0.084768, -7.292164
36530000, -0.181423, -0.099854, -7.449707
36540000, -0.084253, -0.151323, -7.403014
36550000, -0.015587, 0.134079, -7.588145
36560000, -0.063658, -0.085262, -7.503595
36570000, 0.033938, -0.104814, -7.562072
36580000, 0.008443, -0.019912, -7.302928
36590000, 0.004724, -0.109224, -7.546900
36600000, -0.175145, -0.061539, -7.116642
36610000, -0.312837, 0.161787, -6.922581
36620000, 0.222297, -0.116309, -7.059963
36630000, 0.096827, -0.054356, -7.334069
36640000, 0.030615, -0.270306, -6.550371
36650000, 0.219442, 0.106629, -7.182043
36660000, 0.155800, 0.062644, -7.099930
36670000, 0.200902, -0.014648, -7.423058
36680000, 0.175856, -0.141550, -7.504022
36690000, -0.049817, -0.156801, -7.341471
36700000, 0.090749, 0.050386, -7.726302
36710000, 0.090902, 0.159110, -6.851379
36720000, 0.013254, 0.092966, -7.618644
36730000, 0.117081, 0.206016, -7.441231
36740000, 0.062611, 0.215081, -7.255027
36750000, 0.017073, 0.156892, -6.773730
36760000, 0.027945, 0.341698, -7.050986
36770000, 0.091830, 0.013989, -7.887496
36780000, 0.078780, -0.105024, -7.958166
36790000, 0.029091, -0.046174, -7.579488
36800000, -0.078624, -0.077210, -7.680238
36810000, 0.064784, -0.005720, -7.416773
36820000, 0.049176, -0.105064, -7.588522
36830000, -0.071785, 0.059435, -8.010794
36840000, 0.004874, -0.091545, -7.481548
36850000, 0.017086, 0.055993, -7.250585
36860000, 0.030907, -0.031294, -7.401377
36870000, -0.070940, 0.033269, -7.625792
36880000, 0.080789, 0.077000, -8.400206
36890000, -0.057690, 0.175776, -7.588533
36900000, -0.048804, -0.025568, -7.057618
36910000, -0.020790, -0.048056, -7.202299
36920000, 0.042956, -0.024966, -7.854396
36930000, 0.038211, 0.029536, -8.166966
36940000, -0.034512, -0.040561, -7.471669
36950000, -0.047721, 0.103488, -7.518949
36960000, -0.003837, 0.041986, -7.683481
36970000, -0.040783, -0.057573, -7.813874
36980000, 0.012819, -0.161674, -7.352195
36990000, -0.017531, -0.084277, -7.482342
37000000, -0.097131, 0.162931, -8.138741
37010000, -0.078138, 0.024286, -7.693790
37020000, 0.011121, 0.005222, -7.458516
37030000, 0.133439, 0.031511, -7.429539
37040000, 0.042356, 0.055010, -7.748828
37050000, 0.073408, 0.179851, -7.162870
37060000, 0.097513, 0.045885, -7.780706
37070000, 0.058114, 0.054731, -7.473078
37080000, 0.088610, 0.064606, -7.447138
37090000, 0.058545, 0.045265, -6.927193
37100000, 0.013059, 0.037628, -7.896005
37110000, -0.022030, -0.009590, -7.631576
37120000, 0.043636, 0.022385, -7.621504
37130000, -0.155165, -0.040076, -7.390854
37140000, -0.029962, 0.039775, -7.669143
37150000, -0.049311, 0.028367, -7.443512
37160000, -0.053804, 0.042189, -7.842114
37170000, 0.048974, 0.060584, -7.450183
37180000, 0.122524, -0.002335, -7.762608
37190000, 0.130802, 0.105695, -7.895895
37200000, 0.094692, 0.203169, -7.407821
37210000, -0.025314, 0.026277, -7.621965
37220000, -0.083694, 0.037912, -7.226651
37230000, -0.019941, -0.052653, -7.346176
37240000, -0.053040, -0.152604, -7.652625
37250000, 0.000116, 0.167236, -7.586366
37260000, -0.025522, 0.005680, -7.342689
37270000, -0.025324, 0.006232, -7.579343
37280000, 0.214933, -0.034554, -7.323184
37290000, 0.053911, 0.079720, -8.068634
37300000, 0.021448, -0.135060, -7.389403
37310000, 0.089328, -0.050794, -7.269022
37320000, 0.068261, 0.013321, -7.304844
37330000, -0.046998, 0.029239, -7.273884
37340000, -0.052805, -0.071584, -7.917530
37350000, -0.016236, -0.050277, -7.669974
37360000, -0.089627, 0.034443, -7.037619
37370000, -0.176633, -0.029750, -7.959557
37380000, -0.072207, 0.001878, -7.727687
37390000, -0.000488, -0.097315, -7.999998
37400000, -0.061827, -0.074401, -7.400439
37410000, -0.126029, 0.079887, -7.446884
37420000, -0.074833, -0.023700, -7.679668
37430000, 0.091882, 0.017925, -7.630198
37440000, 0.038165, 0.057973, -7.796981
37450000, -0.021484, 0.013655, -7.820008
37460000, -0.077710, 0.100064, -7.532054
37470000, -0.101779, 0.138949, -7.527348
37480000, 0.172783, -0.114188, -7.925059
37490000, -0.002522, -0.027859, -7.358024
37500000, 0.066647, 0.016904, -7.751647
37510000, -0.034602, 0.082901, -8.026264
37520000, 0.040947, 0.004388, -7.881523
37530000, 0.071596, 0.023040, -7.417799
37540000, -0.036777, 0.030610, -7.824310
37550000, 0.002124, 0.076438, -7.919389
37560000, -0.106991, -0.008076, -7.538031
37570000, -0.009091, -0.112675, -7.577552
37580000, -0.048220, 0.019142, -7.880250
37590000, -0.070707, -0.205795, -7.818114
37600000, 0.031361, -0.099444, -7.838593
37610000, 0.045799, -0.065149, -7.581001
37620000, -0.075361, 0.067618, -7.680162
37630000, -0.044260, 0.154783, -7.644461
37640000, -0.096344, 0.078448, -7.741631
37650000, -0.065185, -0.037628, -6.952146
37660000, -0.019231, 0.066218, -7.335707
37670000, 0.017954, -0.034715, -7.668259
37680000, -0.009517, -0.021690, -7.729413
37690000, 0.004301, -0.050673, -7.647208
37700000, 0.173543, 0.074323, -7.862407
37710000, 0.045121, 0.118606, -7.494502
37720000, 0.150271, 0.121605, -7.601360
37730000, 0.042276, 0.057548, -7.752953
37740000, 0.007521, -0.055608, -8.038411
37750000, 0.029340, 0.008228, -7.514989
37760000, 0.021642, -0.071693, -8.251429
37770000, -0.162598, 0.215251, -7.461092
37780000, -0.050295, 0.234181, -7.334017
37790000, -0.074448, 0.025444, -7.555596
37800000, -0.105002, 0.041305, -7.703399
37810000, -0.064081, 0.043023, -7.639099
37820000, -0.138216, 0.242567, -7.191686
37830000, -0.046599, 0.087825, -7.415006
37840000, 0.069566, 0.166035, -7.305085
37850000, 0.107627, -0.031449, -8.130373
37860000, -0.036634, -0.026023, -7.688506
37870000, 0.024474, -0.142521, -7.963975
37880000, -0.072763, 0.022900, -8.074660
37890000, -0.183978, 0.120718, -7.585394
37900000, -0.281584, -0.027298, -7.668338
37910000, 0.036877, -0.288838, -7.234300
37920000, 0.163584, -0.047568, -7.641323
37930000, -0.037133, -0.011799, -7.531401
37940000, 0.078667, -0.044492, -8.016251
37950000, 0.078399, -0.014615, -7.313614
37960000, 0.017444, -0.112943, -7.747554
37970000, 0.050672, -0.130151, -7.770744
37980000, -0.007248, -0.013027, -7.432304
37990000, 0.033853, -0.036157, -6.882721
38000000, 0.069561, -0.029967, -7.702250
38010000, -0.074306, -0.020552, -7.155686
38020000, 0.012638, -0.128917, -7.715011
38030000, 0.030597, 0.005208, -7.798780
38040000, -0.075701, -0.056600, -7.683014
38050000, -0.017713, 0.057116, -7.968663
38060000, -0.046642, 0.003948, -7.839312
38070000, -0.133301, 0.211144, -7.690370
38080000, 0.080029, 0.148393, -7.373671
38090000, -0.001479, -0.146975, -7.897058
38100000, 0.016945, -0.032942, -7.594325
38110000, -0.015447, 0.025493, -7.907941
38120000, 0.021357, 0.003512, -7.849003
38130000, 0.028120, -0.083518, -7.725876
38140000, 0.163062, 0.092203, -7.794731
38150000, 0.172573, 0.187031, -7.154538
38160000, 0.230668, -0.071326, -7.044685
38170000, 0.015164, -0.051411, -6.945481
38180000, 0.178918, -0.185396, -6.653646
38190000, 0.200196, 0.002515, -7.064589
38200000, 0.043805, -0.116151, -7.069851
38210000, -0.038810, -0.219422, -7.369127
38220000, 0.214977, -0.103631, -7.480671
38230000, 0.111963, -0.107607, -7.187792
38240000, -0.027179, -0.036392, -7.238359
38250000, 0.025644, 0.003237, -7.068980
38260000, 0.003679, -0.091517, -7.459616
38270000, -0.036813, -0.052978, -7.611385
38280000, 0.069205, -0.181439, -7.381001
38290000, 0.038542, -0.058806, -7.516268
38300000, 0.014157, -0.050678, -7.332262
38310000, 0.091276, -0.018599, -7.696554
38320000, -0.009950, -0.095754, -7.934608
38330000, -0.001292, -0.011055, -7.745874
38340000, 0.210144, 0.106337, -7.464994
38350000, 0.079789, -0.197762, -7.108322
38360000, 0.133476, 0.049783, -7.580069
38370000, 0.081353, -0.034376, -7.355105
38380000, 0.254989, 0.073895, -7.670020
38390000, 0.020153, -0.006947, -7.317107
38400000, -0.003153, -0.081365, -7.117503
38410000, -0.080120, -0.062543, -7.732445
38420000, 0.083080, 0.006409, -7.790641
38430000, 0.149894, 0.048410, -7.288086
38440000, 0.010794, -0.071797, -7.677740
38450000, -0.095632, -0.014000, -7.433546
38460000, -0.011155, -0.071293, -7.502524
38470000, -0.023013, 0.034805, -7.722010
38480000, 0.014767, -0.059086, -7.925237
38490000, -0.090070, 0.121078, -7.608673
38500000, 0.089064, 0.017896, -7.320959
38510000, -0.024738, 0.038757, -7.610574
38520000, 0.014939, 0.000231, -7.567730
38530000, -0.097475, 0.080856, -7.642789
38540000, 0.059302, 0.080527, -7.872585
38550000, 0.174890, 0.003832, -7.248769
38560000, -0.159358, 0.058503, -7.285273
38570000, 0.052670, 0.081940, -7.981266
38580000, -0.057087, 0.001438, -7.495206
38590000, 0.014873, 0.079353, -7.661232
38600000, -0.034418, 0.046673, -7.213905
38610000, -0.021716, -0.018001, -7.454242
38620000, 0.075541, -0.051888, -7.499704
38630000, -0.009364, 0.051959, -7.894098
38640000, -0.117417, -0.032154, -7.529361
38650000, -0.246869, 0.000084, -7.864938
38660000, -0.187911, 0.159348, -7.014533
38670000, -0.011321, -0.026778, -8.007793
38680000, 0.079029, 0.070607, -7.930390
38690000, -0.027968, 0.026985, -7.246831
38700000, 0.051077, 0.039047, -7.521502
38710000, -0.075287, 0.169449, -8.123129
38720000, -0.018733, 0.163779, -7.346304
38730000, -0.083270, -0.025130, -7.598106
38740000, 0.045545, -0.007932, -7.778172
38750000, 0.134110, -0.038997, -7.757374
38760000, -0.055153, -0.001920, -7.194140
38770000, 0.018556, -0.069232, -7.645044
38780000, -0.042901, 0.051233, -7.225637
38790000, 0.030572, 0.143783, -7.668956
38800000, -0.012231, -0.047112, -8.065255
38810000, -0.130132, -0.101083, -7.624384
38820000, -0.007473, -0.052054, -8.102869
38830000, 0.011214, -0.217114, -7.604633
38840000, 0.087368, -0.091155, -7.573535
38850000, 0.021093, 0.058867, -7.508333
38860000, -0.014482, -0.006348, -7.773392
38870000, 0.056431, -0.088182, -7.671000
38880000, -0.097646, -0.004845, -7.213691
38890000, 0.011824, 0.171447, -7.613972
38900000, -0.101793, -0.113556, -7.813389
38910000, -0.022266, -0.075151, -7.963662
38920000, -0.088303, -0.002196, -7.951238
38930000, -0.091791, -0.007506, -7.949124
38940000, -0.160662, -0.191199, -7.410180
38950000, -0.114386, 0.018019, -7.713206
38960000, -0.083534, -0.001400, -6.950281
38970000, -0.030137, 0.051660, -7.121639
38980000, 0.069959, -0.056090, -7.575235
38990000, 0.053514, -0.295008, -7.370277
39000000, 0.057852, -0.286106, -7.075512
39010000, 0.101012, -0.229117, -7.783354
39020000, -0.219085, -0.155996, -7.185113
39030000, 0.128052, -0.185764, -7.302994
39040000, -0.103262, -0.126769, -7.124354
39050000, -0.102413, -0.241265, -7.490437
39060000, -0.132197, -0.118085, -7.168067
39070000, -0.105158, -0.132199, -7.398145
39080000, 0.119638, -0.224109, -6.366979
39090000, -0.006254, -0.274155, -7.363973
39100000, -0.093958, -0.090795, -7.407241
39110000, -0.132593, -0.028717, -7.687424
39120000, 0.048110, -0.140513, -7.488847
39130000, -0.091958, -0.091807, -7.781814
39140000, 0.069904, -0.088889, -7.724125
39150000, 0.068726, -0.065396, -7.525896
39160000, -0.013685, 0.039088, -7.663564
39170000, -0.040018, -0.087707, -7.499969
39180000, 0.116961, 0.010690, -7.897368
39190000, 0.051065, 0.075081, -8.142955
39200000, -0.108520, -0.000834, -7.703824
39210000, -0.100863, 0.057786, -7.595868
39220000, -0.062326, 0.096088, -7.379143
39230000, -0.007407, 0.139459, -7.683388
39240000, 0.072125, 0.123217, -7.430389
39250000, 0.120080, 0.099488, -7.662697
39260000, -0.186867, 0.109261, -7.523784
39270000, 0.107553, 0.049341, -7.258498
39280000, -0.049635, 0.029516, -7.625211
39290000, -0.096712, -0.040996, -7.497271
39300000, -0.014753, 0.021963, -7.469016
39310000, -0.087949, -0.002058, -7.283755
39320000, -0.034835, 0.042553, -7.959294
39330000, -0.181568, -0.129223, -7.170980
39340000, -0.211048, 0.064333, -7.419651
39350000, -0.129029, 0.078659, -6.974805
39360000, 0.001641, -0.049496, -7.546404
39370000, 0.121383, 0.041584, -7.212814
39380000, 0.060712, -0.112160, -7.277436
39390000, 0.094607, -0.073970, -7.688918
39400000, 0.102413, 0.000145, -7.277278
39410000, -0.041891, -0.145482, -7.688497
39420000, 0.073190, 0.006904, -7.198414
39430000, 0.122232, 0.066686, -7.643259
39440000, 0.037705, -0.163334, -7.952553
39450000, 0.095284, -0.103575, -7.577931
39460000, 0.162282, 0.035117, -7.377693
39470000, 0.016508, 0.115914, -7.386630
39480000, -0.055211, 0.201776, -7.220813
39490000, -0.125216, -0.017314, -8.139753
39500000, 0.011158, 0.117659, -8.027521
39510000, -0.004448, 0.025595, -7.436319
39520000, -0.069672, -0.103309, -7.919753
39530000, -0.032400, -0.008470, -7.633592
39540000, -0.067758, -0.096435, -7.656098
39550000, -0.129470, 0.061252, -7.522094
39560000, -0.142838, -0.070330, -6.829582
39570000, -0.196324, -0.053066, -7.061560
39580000, -0.128083, -0.059867, -7.620969
39590000, -0.030979, 0.074695, -7.434061
39600000, -0.056015, 0.037547, -7.165848
39610000, -0.058342, -0.058575, -7.787242
39620000, -0.073798, -0.027152, -7.170328
39630000, 0.009412, -0.059380, -7.756781
39640000, 0.058694, -0.093057, -7.631764
39650000, -0.021422, -0.036304, -7.707042
39660000, 0.043968, -0.094092, -7.276764
39670000, -0.059019, -0.051231, -7.439239
39680000, 0.020122, -0.156618, -7.507177
39690000, 0.051846, -0.169558, -7.609486
39700000, 0.000916, -0.055745, -6.943758
39710000, -0.085236, -0.069683, -7.378730
39720000, -0.043314, 0.024303, -7.523033
39730000, -0.034383, 0.119214, -7.710834
39740000, -0.003528, -0.049739, -7.609510
39750000, -0.198393, 0.079180, -7.245640
39760000, -0.182650, -0.096218, -7.654148
39770000, -0.085404, 0.186443, -7.674755
39780000, -0.024471, 0.123393, -7.395121
39790000, -0.177232, 0.125027, -7.288118
39800000, -0.107926, 0.089516, -7.558810
39810000, -0.228429, 0.038687, -7.607940
39820000, -0.200120, 0.118323, -7.041392
39830000, -0.078744, 0.094100, -7.023775
39840000, -0.091428, 0.110799, -7.423640
39850000, -0.263847, -0.082191, -7.526484
39860000, -0.143009, -0.003705, -7.578691
39870000, -0.167711, 0.092812, -7.592285
39880000, -0.240607, 0.136725, -7.503497
39890000, -0.092835, 0.271871, -6.976659
39900000, 0.090579, 0.366777, -6.921736
39910000, -0.085058, 0.140746, -6.750058
39920000, -0.138288, -0.095113, -7.515812
39930000, 0.063620, 0.061951, -7.435979
39940000, -0.094843, 0.044270, -7.860818
39950000, -0.160754, 0.126809, -7.158408
39960000, -0.253549, -0.071803, -7.396941
39970000, -0.092911, -0.030627, -7.141819
39980000, -0.043874, 0.000190, -7.238109
39990000, -0.117708, -0.024979, -7.644942
40000000, -0.054629, 0.018994, -7.500511
