Time Step, x CoM, y CoM, z CoM
13752000, 0.676307, -0.001655, 0.000000
13756000, 0.689751, -0.188397, 0.000000
13760000, 0.746158, -0.259527, 0.000002
13764000, 0.699667, -0.389002, 0.000001
13768000, 0.717440, -0.111805, 0.000000
13772000, 0.957496, -0.075860, -0.000000
13776000, 0.766197, -0.201547, 0.000001
13780000, 0.788303, -0.162932, 0.000001
13784000, 0.781548, -0.232869, -0.000002
13788000, 0.596059, -0.289362, 0.000000
13792000, 0.613855, -0.229696, 0.000001
13796000, 0.737983, -0.173610, -0.000000
13800000, 0.786726, -0.268812, 0.000001
13804000, 0.594346, -0.286330, 0.000002
13808000, 0.666841, -0.195574, -0.000000
13812000, 0.778679, -0.306381, 0.000001
13816000, 0.447908, -0.063736, 0.000001
13820000, 0.528478, -0.026090, -0.000001
13824000, 0.561632, 0.038689, 0.000001
13828000, 0.550799, -0.076164, 0.000000
13832000, 0.521763, 0.084331, 0.000002
13836000, 0.519465, 0.015641, 0.000002
13840000, 0.637153, 0.093881, 0.000001
13844000, 0.491021, 0.236085, 0.000000
13848000, 0.529328, 0.298661, -0.000002
13852000, 0.618680, 0.208964, 0.000001
13856000, 0.647111, 0.167332, -0.000001
13860000, 0.812870, -0.106393, 0.000001
13864000, 0.737077, -0.042710, -0.000004
13868000, 0.682672, -0.309984, -0.000001
13872000, 0.569350, -0.346934, 0.000001
13876000, 0.828513, -0.233056, -0.000000
13880000, 0.610081, -0.372151, 0.000001
13884000, 0.394888, -0.662610, -0.000001
13888000, 0.471628, -0.575204, -0.000002
13892000, 0.572269, -0.515970, 0.000001
13896000, 0.559631, -0.690179, 0.000000
13900000, 0.589842, -0.577643, 0.000000
13904000, 0.571200, -0.513266, -0.000001
13908000, 0.802998, -0.545376, 0.000002
13912000, 0.709730, -0.419690, 0.000001
13916000, 0.807079, -0.416439, -0.000002
13920000, 0.653172, -0.567004, -0.000001
13924000, 0.611111, -0.344575, -0.000000
13928000, 0.715184, -0.475046, -0.000000
13932000, 0.677410, -0.343186, -0.000000
13936000, 0.581563, -0.416210, 0.000000
13940000, 0.603635, -0.377970, -0.000001
13944000, 0.698406, -0.463547, 0.000001
13948000, 0.587830, -0.310445, 0.000000
13952000, 0.825727, -0.277162, 0.000002
13956000, 0.631720, -0.471741, 0.000000
13960000, 0.488944, -0.498131, 0.000000
13964000, 0.534911, -0.408653, 0.000000
13968000, 0.601875, -0.386066, 0.000000
13972000, 0.533054, -0.521328, 0.000000
13976000, 0.429148, -0.578800, 0.000002
13980000, 0.233533, -0.584890, -0.000000
13984000, 0.285039, -0.612125, -0.000002
13988000, 0.246907, -0.550960, -0.000000
13992000, 0.185336, -0.593162, 0.000000
13996000, 0.324660, -0.656056, -0.000002
14000000, 0.135623, -0.691042, -0.000001
14004000, 0.114599, -0.630566, 0.000002
14008000, 0.306911, -0.642506, 0.000002
14012000, 0.347094, -0.668588, -0.000000
14016000, 0.398537, -0.578782, 0.000000
14020000, 0.173436, -0.757860, -0.000001
14024000, 0.187927, -0.666592, -0.000000
14028000, 0.084035, -0.690850, 0.000001
14032000, 0.379719, -0.701708, -0.000000
14036000, 0.285234, -0.779152, -0.000001
14040000, 0.502718, -0.781472, 0.000002
14044000, 0.343023, -0.815638, -0.000001
14048000, 0.164905, -0.828427, 0.000001
14052000, 0.271208, -0.745612, -0.000001
14056000, 0.428376, -0.752450, 0.000000
14060000, 0.449636, -0.756777, 0.000001
14064000, 0.568153, -0.499625, -0.000001
14068000, 0.549759, -0.379107, -0.000002
14072000, 0.572555, -0.333835, 0.000001
14076000, 0.582776, -0.161555, 0.000000
14080000, 0.484750, -0.262139, -0.000000
14084000, 0.506146, -0.382745, 0.000001
14088000, 0.330941, -0.655971, 0.000001
14092000, 0.346323, -0.410104, 0.000002
14096000, 0.345820, -0.368376, 0.000001
14100000, 0.252429, -0.233961, 0.000002
14104000, 0.174782, -0.333846, -0.000000
14108000, 0.354828, -0.358445, -0.000001
14112000, 0.424339, -0.246750, -0.000001
14116000, 0.283784, -0.318269, 0.000002
14120000, 0.301354, -0.409567, -0.000001
14124000, 0.324192, -0.323469, 0.000000
14128000, 0.325451, -0.369696, -0.000001
14132000, 0.197114, -0.407709, -0.000001
14136000, 0.222677, -0.263905, -0.000000
14140000, 0.212162, -0.302313, -0.000001
14144000, 0.285582, -0.444072, -0.000001
14148000, 0.153892, -0.361024, 0.000002
14152000, -0.044674, -0.460658, -0.000002
14156000, -0.126781, -0.407588, 0.000001
14160000, -0.164304, -0.294992, 0.000000
14164000, -0.126999, -0.476767, -0.000002
14168000, -0.093790, -0.402530, -0.000001
14172000, -0.045803, -0.447746, 0.000002
14176000, -0.091549, -0.368118, 0.000001
14180000, -0.162921, -0.353009, 0.000000
14184000, -0.065048, -0.324185, 0.000001
14188000, 0.069940, -0.327328, 0.000001
14192000, -0.168199, -0.286124, -0.000003
14196000, -0.118219, -0.487251, 0.000000
14200000, 0.115516, -0.367675, -0.000000
14204000, 0.133925, -0.440240, -0.000001
14208000, 0.229824, -0.456987, 0.000000
14212000, 0.360704, -0.402726, -0.000002
14216000, 0.242064, -0.630198, 0.000001
14220000, 0.155315, -0.576240, 0.000001
14224000, 0.260541, -0.703260, 0.000001
14228000, 0.103108, -0.775134, -0.000000
14232000, 0.104590, -0.804361, 0.000002
14236000, 0.087857, -0.690639, 0.000001
14240000, 0.018751, -0.553095, -0.000001
14244000, -0.133443, -0.664548, -0.000001
14248000, -0.199668, -0.629093, 0.000001
14252000, -0.146322, -0.621894, 0.000001
14256000, -0.324555, -0.533256, -0.000001
14260000, -0.296734, -0.649754, -0.000002
14264000, -0.205214, -0.586537, -0.000000
14268000, 0.008788, -0.701016, -0.000001
14272000, 0.189210, -0.552829, 0.000001
14276000, 0.013999, -0.593685, 0.000000
14280000, 0.080659, -0.589070, -0.000001
14284000, 0.312054, -0.381284, 0.000000
14288000, 0.185662, -0.284886, -0.000000
14292000, 0.148412, -0.357735, -0.000002
14296000, 0.246663, -0.307500, -0.000001
14300000, 0.270907, -0.181461, 0.000000
14304000, 0.142410, -0.273509, -0.000002
14308000, 0.012146, -0.317428, 0.000001
14312000, -0.016515, -0.365905, -0.000000
14316000, -0.065143, -0.353380, -0.000000
14320000, -0.027193, -0.561313, 0.000002
14324000, 0.027559, -0.367514, -0.000001
14328000, -0.127133, -0.347280, 0.000002
14332000, -0.053164, -0.326569, 0.000002
14336000, -0.187998, -0.021820, -0.000001
14340000, -0.168988, -0.275979, -0.000000
14344000, -0.184020, -0.310049, 0.000000
14348000, -0.292915, -0.044986, -0.000000
14352000, -0.342246, -0.189903, -0.000001
14356000, -0.320547, -0.231543, 0.000001
14360000, -0.154709, -0.161508, -0.000002
14364000, -0.104420, -0.167503, 0.000003
14368000, -0.357620, -0.236161, 0.000001
14372000, -0.121704, -0.219534, 0.000002
14376000, 0.117859, -0.258840, -0.000001
14380000, 0.110314, -0.283286, -0.000001
14384000, 0.023879, -0.071378, 0.000002
14388000, -0.181780, -0.173758, 0.000002
14392000, -0.180246, -0.385714, 0.000002
14396000, -0.359088, -0.205850, 0.000000
14400000, -0.218267, -0.166369, 0.000002
14404000, -0.100852, -0.301651, -0.000002
14408000, -0.339387, -0.293494, 0.000001
14412000, -0.145617, -0.194872, 0.000001
14416000, -0.261569, -0.342193, 0.000000
14420000, -0.108852, -0.320735, -0.000002
14424000, -0.112177, -0.297086, 0.000001
14428000, -0.307480, -0.322836, 0.000002
14432000, -0.051180, -0.278709, -0.000002
14436000, -0.154464, -0.007724, -0.000000
14440000, -0.135996, -0.039832, -0.000001
14444000, 0.084155, -0.111439, -0.000002
14448000, -0.064066, 0.054611, 0.000000
14452000, 0.104610, 0.046974, -0.000001
14456000, -0.168930, -0.083399, 0.000001
14460000, -0.021390, -0.120697, -0.000001
14464000, -0.075933, 0.079273, -0.000001
14468000, -0.141411, -0.104953, 0.000001
14472000, -0.113499, -0.144385, 0.000002
14476000, -0.185036, -0.311795, 0.000000
14480000, -0.200993, -0.323562, -0.000000
14484000, -0.127311, -0.262427, 0.000001
14488000, -0.177418, -0.122421, 0.000001
14492000, -0.191262, -0.099353, -0.000000
14496000, -0.197769, -0.349924, 0.000001
14500000, -0.136382, -0.254986, -0.000000
14504000, -0.154534, -0.332779, 0.000000
14508000, -0.365260, -0.150798, 0.000002
14512000, -0.311440, -0.223057, -0.000001
14516000, -0.499836, -0.209088, 0.000000
14520000, -0.465058, 0.005817, 0.000000
14524000, -0.484117, -0.069350, 0.000000
14528000, -0.290560, 0.020867, -0.000000
14532000, -0.203465, 0.030052, 0.000001
14536000, -0.424258, 0.121548, -0.000001
14540000, -0.244381, 0.238694, -0.000002
14544000, -0.277626, 0.124590, 0.000001
14548000, -0.211019, -0.064538, 0.000001
14552000, -0.282946, -0.077172, -0.000000
14556000, -0.303395, -0.095447, 0.000000
14560000, -0.372366, -0.052501, 0.000001
14564000, -0.437119, -0.257935, 0.000001
14568000, -0.397249, -0.176366, 0.000001
14572000, -0.355526, -0.298733, 0.000001
14576000, -0.282811, -0.392493, -0.000001
14580000, -0.344729, -0.237900, -0.000000
14584000, -0.315110, -0.238078, 0.000002
14588000, -0.166147, -0.015197, 0.000001
14592000, -0.025686, -0.187208, -0.000000
14596000, -0.013954, -0.259249, 0.000000
14600000, 0.069439, -0.452525, 0.000001
14604000, -0.050027, -0.277955, 0.000000
14608000, 0.059785, -0.139544, -0.000001
14612000, 0.000904, -0.042246, 0.000001
14616000, -0.037173, -0.113302, -0.000001
14620000, -0.007394, -0.191612, 0.000001
14624000, -0.042040, 0.073531, 0.000002
14628000, -0.076493, -0.325260, 0.000001
14632000, 0.118861, -0.133090, -0.000000
14636000, -0.107693, -0.461663, 0.000001
14640000, 0.018509, -0.308689, 0.000000
14644000, 0.086185, -0.378434, 0.000000
14648000, 0.114380, -0.480144, -0.000001
14652000, 0.216031, -0.620228, 0.000001
14656000, -0.046734, -0.546216, -0.000002
14660000, -0.216315, -0.673270, 0.000001
14664000, -0.052407, -0.611397, -0.000000
14668000, -0.299883, -0.698951, 0.000003
14672000, -0.130197, -0.747801, 0.000003
14676000, 0.046476, -0.760930, 0.000000
14680000, 0.060467, -0.894155, -0.000000
14684000, 0.273268, -0.944013, 0.000000
14688000, 0.028609, -0.661811, 0.000001
14692000, -0.069088, -0.788793, 0.000001
14696000, 0.008811, -0.719005, 0.000001
14700000, 0.343887, -0.614883, 0.000001
14704000, 0.132222, -0.751398, 0.000001
14708000, 0.112599, -0.788968, 0.000001
14712000, 0.137741, -0.687951, 0.000000
14716000, 0.147815, -0.696115, -0.000001
14720000, 0.042860, -0.894448, 0.000003
14724000, 0.086200, -1.006980, -0.000002
14728000, 0.167611, -0.800998, -0.000001
14732000, 0.211261, -0.657647, 0.000001
14736000, 0.355749, -0.701822, -0.000001
14740000, 0.350109, -0.709761, 0.000001
14744000, 0.484467, -0.545614, 0.000000
14748000, 0.709447, -0.366924, 0.000002
14752000, 0.624537, -0.320666, -0.000000
14756000, 0.529468, -0.197042, -0.000000
14760000, 0.466821, -0.347189, 0.000000
14764000, 0.527159, -0.406266, -0.000000
14768000, 0.532389, -0.400984, -0.000002
14772000, 0.310852, -0.496970, 0.000000
14776000, 0.269853, -0.537379, 0.000002
14780000, 0.144183, -0.403203, -0.000000
14784000, 0.036065, -0.536619, -0.000000
14788000, 0.074839, -0.511732, -0.000000
14792000, -0.031484, -0.423764, 0.000000
14796000, -0.074439, -0.540931, -0.000000
14800000, 0.055600, -0.315481, -0.000001
14804000, 0.176815, -0.378946, -0.000001
14808000, 0.176465, -0.472041, -0.000000
14812000, 0.059614, -0.379110, -0.000001
14816000, 0.176946, -0.419559, -0.000001
14820000, 0.367124, -0.283445, 0.000001
14824000, 0.246028, -0.448691, 0.000001
14828000, 0.071380, -0.444003, -0.000000
14832000, 0.047946, -0.579258, -0.000001
14836000, 0.063309, -0.636221, -0.000000
14840000, -0.079843, -0.482252, -0.000000
14844000, 0.046336, -0.564548, -0.000000
14848000, -0.037264, -0.598639, -0.000002
14852000, -0.218392, -0.582431, -0.000001
14856000, -0.246654, -0.571423, 0.000002
14860000, -0.192857, -0.659557, -0.000001
14864000, -0.051676, -0.580503, 0.000000
14868000, 0.063847, -0.699882, -0.000001
14872000, 0.106991, -0.758363, 0.000001
14876000, 0.159449, -0.782575, 0.000001
14880000, 0.110856, -0.607743, -0.000001
14884000, -0.018515, -0.768979, -0.000000
14888000, -0.138401, -0.630943, -0.000001
14892000, -0.228558, -0.601246, 0.000001
14896000, -0.289128, -0.563026, -0.000000
14900000, -0.193501, -0.581644, 0.000002
14904000, -0.208179, -0.562269, -0.000001
14908000, -0.277632, -0.546334, -0.000000
14912000, 0.029316, -0.626512, -0.000001
14916000, -0.176580, -0.463472, -0.000002
14920000, -0.233534, -0.509900, -0.000001
14924000, -0.042945, -0.625953, 0.000001
14928000, 0.116577, -0.464219, 0.000000
14932000, 0.184232, -0.598188, -0.000000
14936000, 0.150327, -0.661084, 0.000001
14940000, 0.085539, -0.755914, 0.000001
14944000, 0.182933, -0.636608, -0.000001
14948000, 0.100378, -0.671693, 0.000001
14952000, 0.175093, -0.770645, -0.000000
14956000, 0.052913, -0.556653, -0.000001
14960000, 0.174328, -0.530683, 0.000001
14964000, 0.378768, -0.624396, 0.000001
14968000, 0.740859, -0.627792, -0.000001
14972000, 0.516362, -0.506697, 0.000001
14976000, 0.611444, -0.293003, 0.000001
14980000, 0.614471, -0.492993, 0.000000
14984000, 0.679738, -0.143083, -0.000001
14988000, 0.842063, -0.086866, 0.000000
14992000, 0.682172, -0.128609, -0.000002
14996000, 0.662972, -0.151690, -0.000001
15000000, 0.725601, -0.108553, 0.000000
15004000, 0.703711, -0.170874, 0.000001
15008000, 0.819828, -0.248756, 0.000001
15012000, 0.726645, -0.435182, -0.000001
15016000, 0.474785, -0.724851, 0.000000
15020000, 0.712981, -0.378548, -0.000000
15024000, 0.806585, -0.158863, 0.000001
15028000, 0.723158, -0.252569, 0.000001
15032000, 0.650838, -0.407070, 0.000001
15036000, 0.663452, 0.002089, 0.000001
15040000, 0.687884, 0.072102, -0.000001
15044000, 0.725288, 0.095670, 0.000002
15048000, 0.607875, 0.129089, 0.000000
15052000, 0.652935, 0.097129, 0.000000
15056000, 0.658620, 0.285015, -0.000001
15060000, 0.664482, 0.185648, -0.000002
15064000, 0.483279, 0.345758, -0.000003
15068000, 0.521164, 0.210445, -0.000001
15072000, 0.545629, 0.156990, -0.000001
15076000, 0.566217, 0.059282, -0.000002
15080000, 0.564665, -0.005956, -0.000001
15084000, 0.621764, 0.091483, -0.000001
15088000, 0.742814, 0.019117, -0.000002
15092000, 0.631607, 0.066784, 0.000003
15096000, 0.675112, 0.088675, 0.000000
15100000, 0.527371, 0.105153, -0.000001
15104000, 0.654680, 0.159777, 0.000002
15108000, 0.573921, 0.056730, -0.000001
15112000, 0.528979, 0.283484, 0.000000
15116000, 0.651100, 0.230409, -0.000000
15120000, 0.517726, 0.304298, -0.000001
15124000, 0.435769, 0.199145, 0.000001
15128000, 0.540365, 0.246015, 0.000001
15132000, 0.557384, 0.438006, 0.000000
15136000, 0.437510, 0.326464, 0.000001
15140000, 0.499859, 0.508622, 0.000001
15144000, 0.234414, 0.696316, -0.000000
15148000, 0.031832, 0.777088, 0.000001
15152000, 0.148471, 0.827966, -0.000000
15156000, 0.078450, 0.837876, 0.000001
15160000, 0.000127, 0.888105, 0.000002
15164000, -0.285155, 0.690851, -0.000002
15168000, -0.270167, 0.716491, -0.000002
15172000, -0.202504, 0.676271, -0.000001
15176000, 0.184172, 0.621127, -0.000001
15180000, 0.114145, 0.534620, 0.000002
15184000, 0.121990, 0.622423, 0.000001
15188000, 0.164968, 0.769689, 0.000000
15192000, 0.336453, 0.771706, 0.000000
15196000, 0.453527, 0.596501, -0.000001
15200000, 0.397739, 0.685613, 0.000001
15204000, 0.342239, 0.616686, 0.000000
15208000, 0.219317, 0.820673, -0.000000
15212000, 0.144341, 0.832754, 0.000001
15216000, 0.041348, 0.890317, 0.000002
15220000, -0.333070, 0.805967, 0.000000
15224000, -0.234888, 0.676474, -0.000000
15228000, -0.360863, 0.622413, -0.000001
15232000, -0.392925, 0.528840, 0.000000
15236000, -0.383108, 0.480661, 0.000001
15240000, -0.398458, 0.387203, 0.000001
15244000, -0.584883, 0.286148, -0.000001
15248000, -0.530064, 0.357960, 0.000001
15252000, -0.676352, 0.457479, -0.000001
15256000, -0.415865, 0.230325, -0.000002
15260000, -0.553255, 0.253511, -0.000000
15264000, -0.610045, 0.263183, -0.000001
15268000, -0.270668, 0.217917, -0.000000
15272000, -0.302451, -0.015962, -0.000000
15276000, -0.331766, 0.040263, -0.000000
15280000, -0.214321, 0.148779, -0.000001
15284000, -0.277179, 0.246635, 0.000001
15288000, -0.517731, 0.250389, -0.000001
15292000, -0.487590, 0.362874, -0.000001
15296000, -0.571335, 0.346055, -0.000002
15300000, -0.529738, 0.424255, 0.000000
15304000, -0.680588, 0.519073, -0.000001
15308000, -0.666957, 0.527289, 0.000001
15312000, -0.423403, 0.696179, -0.000002
15316000, -0.538263, 0.771920, -0.000001
15320000, -0.421491, 0.719696, -0.000001
15324000, -0.562308, 0.552978, 0.000000
15328000, -0.419615, 0.413914, -0.000001
15332000, -0.376975, 0.599017, 0.000001
15336000, -0.358101, 0.496111, 0.000001
15340000, -0.437988, 0.739012, -0.000001
15344000, -0.142908, 0.737779, -0.000002
15348000, -0.292604, 0.717279, 0.000001
15352000, -0.276225, 0.878873, 0.000002
15356000, -0.395413, 0.762324, 0.000000
15360000, -0.502234, 0.729023, -0.000002
15364000, -0.566455, 0.615167, -0.000001
15368000, -0.465814, 0.517628, -0.000003
15372000, -0.622836, 0.261840, -0.000001
15376000, -0.486535, 0.409441, 0.000002
15380000, -0.590231, 0.529213, -0.000001
15384000, -0.256346, 0.323613, -0.000000
15388000, -0.171262, 0.372560, -0.000000
15392000, -0.419250, 0.253907, 0.000001
15396000, -0.361763, 0.474957, 0.000001
15400000, -0.302273, 0.419079, -0.000001
15404000, -0.342540, 0.413370, -0.000000
15408000, -0.401632, 0.395041, -0.000000
15412000, -0.128075, 0.550508, -0.000000
15416000, -0.224132, 0.366387, -0.000002
15420000, -0.104118, 0.602445, 0.000001
15424000, -0.251067, 0.447979, 0.000002
15428000, -0.171497, 0.452745, 0.000001
15432000, -0.164446, 0.615205, 0.000001
15436000, -0.253661, 0.458847, 0.000001
15440000, -0.093779, 0.676524, 0.000000
15444000, -0.411979, 0.597142, 0.000001
15448000, -0.263958, 0.536456, -0.000003
15452000, -0.342753, 0.442749, 0.000002
15456000, -0.533678, 0.445363, -0.000000
15460000, -0.375156, 0.371089, -0.000001
15464000, -0.256036, 0.543331, 0.000001
15468000, -0.335008, 0.488576, 0.000001
15472000, -0.260805, 0.591835, -0.000001
15476000, -0.159234, 0.599756, -0.000001
15480000, -0.167397, 0.438027, 0.000000
15484000, -0.236867, 0.245396, 0.000001
15488000, -0.120839, 0.273501, -0.000000
15492000, 0.012820, 0.358583, -0.000000
15496000, 0.074859, 0.247286, 0.000001
15500000, 0.108176, 0.394327, -0.000000
15504000, -0.002135, 0.498917, -0.000000
15508000, -0.061954, 0.508726, 0.000001
15512000, 0.069006, 0.473121, 0.000001
15516000, 0.095923, 0.526246, -0.000000
15520000, -0.008185, 0.644023, -0.000001
15524000, 0.178470, 0.552634, -0.000002
15528000, 0.467173, 0.563000, -0.000002
15532000, 0.133248, 0.459826, -0.000001
15536000, 0.203446, 0.566153, 0.000000
15540000, 0.136706, 0.248469, 0.000000
15544000, 0.296770, 0.420220, -0.000000
15548000, 0.229705, 0.574270, 0.000000
15552000, 0.251898, 0.575664, -0.000000
15556000, 0.110972, 0.791120, 0.000001
15560000, -0.269609, 0.563130, -0.000001
15564000, -0.208231, 0.746866, -0.000001
15568000, -0.193981, 0.748326, 0.000001
15572000, -0.155507, 0.698016, 0.000000
15576000, 0.100348, 0.642288, -0.000001
15580000, -0.044351, 0.686670, -0.000001
15584000, 0.027230, 0.648202, 0.000000
15588000, 0.274856, 0.513990, 0.000001
15592000, 0.015528, 0.678694, 0.000002
15596000, -0.141364, 0.700113, -0.000002
15600000, -0.333010, 0.711735, -0.000000
15604000, -0.498249, 0.388000, 0.000001
15608000, -0.682979, 0.303676, 0.000001
15612000, -0.638991, 0.447723, 0.000000
15616000, -0.344581, 0.308762, 0.000001
15620000, -0.368338, 0.432017, -0.000000
15624000, -0.185533, 0.353225, -0.000001
15628000, -0.293270, 0.309601, 0.000001
15632000, -0.129590, 0.492659, -0.000000
15636000, -0.089318, 0.623802, 0.000002
15640000, -0.230218, 0.631635, -0.000001
15644000, -0.145614, 0.490273, 0.000003
15648000, -0.153562, 0.525274, -0.000001
15652000, -0.096026, 0.465038, -0.000000
15656000, -0.151872, 0.559851, 0.000000
15660000, -0.173851, 0.454776, -0.000000
15664000, -0.013507, 0.680253, 0.000002
15668000, -0.161390, 0.487808, -0.000000
15672000, -0.360736, 0.271452, 0.000000
15676000, -0.337021, 0.151281, 0.000001
15680000, -0.371005, 0.334508, 0.000001
15684000, -0.312377, 0.332969, 0.000000
15688000, -0.103888, 0.434601, 0.000001
15692000, -0.205983, 0.518499, 0.000001
15696000, -0.393714, 0.392371, -0.000001
15700000, -0.443787, 0.377912, 0.000001
15704000, -0.320542, 0.347261, 0.000001
15708000, -0.218849, 0.199839, 0.000001
15712000, -0.265009, 0.334313, -0.000002
15716000, -0.414397, 0.301734, -0.000002
15720000, -0.328870, 0.519883, 0.000002
15724000, -0.656988, 0.193440, 0.000000
15728000, -0.567301, 0.415890, -0.000001
15732000, -0.568935, 0.118031, -0.000002
15736000, -0.443685, 0.116582, -0.000000
15740000, -0.425939, 0.461550, -0.000001
15744000, -0.296579, 0.447855, 0.000001
15748000, -0.363018, 0.395426, 0.000002
15752000, -0.452856, 0.432862, 0.000001
15756000, -0.280663, 0.341793, -0.000000
15760000, -0.322095, 0.522724, 0.000002
15764000, -0.413329, 0.408521, 0.000002
15768000, -0.313639, 0.431861, -0.000000
15772000, -0.209817, 0.404563, 0.000001
15776000, -0.249808, 0.390279, -0.000001
15780000, -0.512556, 0.082566, 0.000002
15784000, -0.456448, 0.072110, -0.000001
15788000, -0.450684, -0.001201, -0.000002
15792000, -0.495263, -0.062534, 0.000000
15796000, -0.356298, 0.024601, 0.000001
15800000, -0.454103, 0.071723, -0.000001
15804000, -0.399157, -0.049326, 0.000001
15808000, -0.415550, 0.022702, -0.000000
15812000, -0.267650, 0.246128, 0.000000
15816000, -0.378184, -0.069981, -0.000001
15820000, -0.322774, -0.153216, 0.000000
15824000, -0.242369, -0.315154, -0.000000
15828000, -0.146536, -0.514644, 0.000001
15832000, -0.325174, -0.420042, 0.000001
15836000, -0.392294, -0.176466, 0.000001
15840000, -0.495389, -0.232787, 0.000001
15844000, -0.636845, -0.365416, 0.000001
15848000, -0.679960, -0.215423, 0.000001
15852000, -0.692318, -0.350178, 0.000002
15856000, -0.713803, -0.156339, 0.000002
15860000, -0.794485, -0.135596, 0.000001
15864000, -0.745354, -0.197530, -0.000001
15868000, -0.568336, -0.278037, -0.000002
15872000, -0.565948, -0.124483, -0.000002
15876000, -0.683017, -0.214249, 0.000001
15880000, -0.402300, -0.482724, 0.000002
15884000, -0.227133, -0.700489, 0.000000
15888000, -0.280093, -0.610838, 0.000000
15892000, -0.245854, -0.657696, 0.000002
15896000, -0.133339, -0.751457, 0.000002
15900000, -0.084061, -0.675647, -0.000001
15904000, 0.067233, -0.730967, -0.000000
15908000, -0.019575, -0.611238, -0.000001
15912000, 0.260069, -0.680499, -0.000001
15916000, 0.161358, -0.648112, 0.000003
15920000, 0.001336, -0.657444, -0.000002
15924000, -0.054402, -0.561196, -0.000001
15928000, -0.211591, -0.663924, -0.000001
15932000, -0.044252, -0.739045, -0.000002
15936000, -0.127308, -0.561585, 0.000001
15940000, -0.071211, -0.572595, -0.000002
15944000, -0.216595, -0.410368, 0.000002
15948000, -0.448575, -0.420397, 0.000001
15952000, -0.537887, -0.358234, 0.000001
15956000, -0.493291, -0.229146, -0.000002
15960000, -0.522328, -0.047059, -0.000000
15964000, -0.451168, 0.028216, -0.000000
15968000, -0.550870, -0.035067, 0.000000
15972000, -0.585653, -0.232224, 0.000001
15976000, -0.541913, -0.311514, 0.000000
15980000, -0.453512, -0.545241, -0.000002
15984000, -0.518181, -0.327370, 0.000000
15988000, -0.591934, -0.482900, 0.000000
15992000, -0.675587, -0.338486, 0.000002
15996000, -0.531956, -0.164753, -0.000002
16000000, -0.635650, -0.342015, -0.000001
16004000, -0.696338, -0.404662, -0.000000
16008000, -0.642829, -0.069830, 0.000003
16012000, -0.648110, -0.286703, 0.000002
16016000, -0.542448, -0.224045, -0.000001
16020000, -0.570287, -0.278843, -0.000001
16024000, -0.463878, -0.084996, 0.000001
16028000, -0.437198, -0.271587, 0.000000
16032000, -0.481111, -0.346337, 0.000002
16036000, -0.535060, -0.283873, 0.000002
16040000, -0.280824, -0.249261, 0.000002
16044000, -0.262800, -0.345657, -0.000001
16048000, -0.321366, -0.342334, 0.000001
16052000, -0.292388, -0.222629, -0.000000
16056000, -0.217825, -0.223248, -0.000000
16060000, -0.354326, -0.295637, 0.000000
16064000, -0.325098, -0.277855, 0.000001
16068000, -0.155400, -0.168292, 0.000000
16072000, -0.102716, -0.174799, -0.000001
16076000, -0.028417, -0.158998, 0.000001
16080000, -0.256063, -0.204897, -0.000001
16084000, -0.181361, -0.379171, -0.000002
16088000, 0.003257, -0.440851, 0.000000
16092000, 0.292635, -0.561332, -0.000000
16096000, 0.219955, -0.393242, -0.000002
16100000, -0.018060, -0.628354, 0.000003
16104000, 0.068490, -0.643210, -0.000001
16108000, -0.066547, -0.596069, -0.000000
16112000, 0.068417, -0.710057, 0.000000
16116000, 0.072780, -0.638100, -0.000001
16120000, -0.018902, -0.800128, -0.000001
16124000, 0.244879, -0.730758, 0.000003
16128000, 0.350733, -0.671081, -0.000000
16132000, 0.365470, -0.606379, -0.000003
16136000, 0.582389, -0.480477, -0.000001
16140000, 0.475409, -0.367408, 0.000002
16144000, 0.674585, -0.283255, -0.000000
16148000, 0.530597, -0.189548, -0.000001
16152000, 0.466368, 0.021877, 0.000000
16156000, 0.233020, -0.156605, 0.000001
16160000, 0.476265, -0.048373, 0.000001
16164000, 0.418218, -0.030936, -0.000002
16168000, 0.672738, 0.024316, 0.000000
16172000, 0.681921, 0.086500, -0.000001
16176000, 0.706880, 0.123028, 0.000001
16180000, 0.561574, -0.057339, 0.000000
16184000, 0.533254, -0.145458, -0.000000
16188000, 0.678908, -0.038350, -0.000000
16192000, 0.458515, 0.004863, 0.000001
16196000, 0.316660, 0.010676, 0.000000
16200000, 0.527876, -0.015502, -0.000000
16204000, 0.532200, -0.108221, 0.000001
16208000, 0.430686, -0.021617, 0.000000
16212000, 0.624051, 0.078165, 0.000001
16216000, 0.581827, -0.069427, -0.000000
16220000, 0.573787, 0.046663, -0.000000
16224000, 0.459506, -0.136705, 0.000000
16228000, 0.415360, 0.003284, -0.000000
16232000, 0.460267, 0.089632, -0.000001
16236000, 0.438297, 0.291392, -0.000000
16240000, 0.506558, 0.033423, -0.000001
16244000, 0.601384, 0.011539, -0.000001
16248000, 0.557627, 0.151884, 0.000001
16252000, 0.531831, 0.248984, 0.000000
16256000, 0.440949, -0.008467, -0.000001
16260000, 0.510755, -0.088256, 0.000001
16264000, 0.584109, 0.057993, 0.000001
16268000, 0.482858, -0.046954, 0.000002
16272000, 0.536063, 0.010046, 0.000000
16276000, 0.632335, -0.036455, -0.000001
16280000, 0.658746, -0.304143, -0.000000
16284000, 0.480483, -0.302385, 0.000001
16288000, 0.317723, -0.235902, -0.000001
16292000, 0.270040, -0.311322, -0.000001
16296000, 0.478764, -0.353906, 0.000000
16300000, 0.507179, -0.356363, 0.000001
16304000, 0.449444, -0.052469, 0.000000
16308000, 0.341156, -0.041402, 0.000000
16312000, 0.341068, -0.055624, 0.000002
16316000, 0.434262, 0.143046, 0.000000
16320000, 0.526637, 0.143086, 0.000000
16324000, 0.266572, 0.057911, 0.000001
16328000, 0.348229, -0.206645, -0.000000
16332000, 0.379679, -0.021856, -0.000000
16336000, 0.443082, -0.138934, 0.000001
16340000, 0.505920, -0.208200, 0.000002
16344000, 0.289994, -0.123689, -0.000001
16348000, 0.216260, -0.029460, 0.000002
16352000, 0.260054, -0.201508, -0.000000
16356000, 0.233114, -0.253887, -0.000000
16360000, 0.403163, -0.270836, -0.000001
16364000, 0.370809, -0.157752, -0.000002
16368000, -0.007944, -0.124710, 0.000002
16372000, 0.281607, -0.114041, -0.000001
16376000, 0.152010, 0.078650, -0.000002
16380000, 0.234124, -0.181397, 0.000001
16384000, -0.031157, -0.048067, -0.000002
16388000, 0.128078, -0.004552, 0.000001
16392000, 0.245322, -0.011000, -0.000000
16396000, 0.254620, 0.024540, -0.000000
16400000, 0.102781, 0.296219, -0.000003
16404000, 0.164164, 0.298867, -0.000002
16408000, 0.100722, 0.173665, -0.000003
16412000, -0.058148, 0.205313, -0.000001
16416000, 0.062039, 0.033735, 0.000003
16420000, -0.025297, 0.180695, 0.000000
16424000, -0.045755, 0.219691, 0.000002
16428000, -0.231089, 0.050105, 0.000002
16432000, 0.102879, 0.167809, -0.000001
16436000, -0.111161, 0.149265, 0.000001
16440000, 0.057182, -0.004492, -0.000000
16444000, 0.184678, -0.157407, 0.000000
16448000, 0.359922, -0.157944, -0.000003
16452000, 0.159445, -0.142813, -0.000002
16456000, 0.323654, -0.245923, -0.000002
16460000, 0.296366, -0.175646, -0.000003
16464000, 0.398665, -0.036331, -0.000000
16468000, 0.418662, 0.144087, 0.000000
16472000, 0.585773, 0.080783, -0.000002
16476000, 0.510416, 0.045818, -0.000000
16480000, 0.553854, 0.034347, 0.000001
16484000, 0.529519, 0.125500, 0.000000
16488000, 0.392461, 0.050782, -0.000001
16492000, 0.377083, 0.055811, 0.000001
16496000, 0.399783, 0.061615, 0.000002
16500000, 0.515135, 0.163470, 0.000000
16504000, 0.469141, 0.255139, 0.000001
16508000, 0.461734, 0.402136, -0.000002
16512000, 0.616265, 0.101185, 0.000002
16516000, 0.797645, 0.301353, 0.000000
16520000, 0.579574, 0.414381, 0.000001
16524000, 0.638407, 0.579041, 0.000002
16528000, 0.517595, 0.316277, 0.000001
16532000, 0.483838, 0.360283, 0.000000
16536000, 0.677828, 0.250859, -0.000000
16540000, 0.497746, 0.392227, -0.000002
16544000, 0.386253, 0.515652, -0.000000
16548000, 0.459420, 0.565921, 0.000001
16552000, 0.491323, 0.443427, 0.000001
16556000, 0.483034, 0.401684, 0.000002
16560000, 0.487572, 0.388783, 0.000000
16564000, 0.549941, 0.401371, -0.000001
16568000, 0.489994, 0.659846, 0.000000
16572000, 0.664407, 0.441065, -0.000001
16576000, 0.644658, 0.097158, 0.000000
16580000, 0.682001, 0.131725, 0.000002
16584000, 0.643054, -0.006611, 0.000002
16588000, 0.576789, -0.003742, 0.000001
16592000, 0.741178, 0.237127, -0.000000
16596000, 0.578410, 0.135229, 0.000001
16600000, 0.626903, 0.173841, -0.000000
16604000, 0.661548, 0.084749, 0.000002
16608000, 0.623171, 0.075464, -0.000000
16612000, 0.590239, 0.121891, -0.000002
16616000, 0.794990, 0.058823, -0.000000
16620000, 0.830851, 0.259187, 0.000001
16624000, 0.757788, 0.046790, 0.000002
16628000, 0.831463, 0.156960, -0.000001
16632000, 0.694423, 0.274540, -0.000000
16636000, 0.664168, 0.335559, 0.000001
16640000, 0.794315, 0.028793, 0.000001
16644000, 0.822077, -0.169427, -0.000001
16648000, 0.817048, -0.295363, -0.000001
16652000, 0.858628, -0.227800, 0.000001
16656000, 0.839032, -0.084571, -0.000000
16660000, 0.708061, 0.020158, -0.000000
16664000, 0.669526, -0.227836, -0.000001
16668000, 0.695769, -0.049759, -0.000002
16672000, 0.758815, -0.151796, -0.000000
16676000, 0.847548, -0.258378, -0.000002
16680000, 0.664907, -0.308044, -0.000002
16684000, 0.689063, -0.227717, -0.000000
16688000, 0.791840, -0.118176, 0.000002
16692000, 0.731432, 0.206714, -0.000000
16696000, 0.656405, 0.194974, 0.000002
16700000, 0.730757, 0.277641, -0.000001
16704000, 0.627110, 0.472866, -0.000000
16708000, 0.380009, 0.607393, -0.000002
16712000, 0.524125, 0.558167, 0.000000
16716000, 0.517146, 0.476863, 0.000001
16720000, 0.648052, 0.556443, 0.000000
16724000, 0.550797, 0.611918, 0.000001
16728000, 0.474330, 0.506803, 0.000001
16732000, 0.497790, 0.485492, -0.000002
16736000, 0.415148, 0.430294, -0.000001
16740000, 0.286114, 0.421380, -0.000000
16744000, 0.253611, 0.614081, -0.000000
16748000, 0.252785, 0.520776, -0.000002
16752000, 0.214915, 0.541690, 0.000000
16756000, 0.343747, 0.527629, -0.000001
16760000, 0.247246, 0.535199, 0.000000
16764000, 0.279886, 0.578188, -0.000003
16768000, 0.213001, 0.417587, -0.000000
16772000, 0.254694, 0.395645, 0.000001
16776000, 0.361484, 0.413040, -0.000001
16780000, 0.422607, 0.542357, -0.000001
16784000, 0.380491, 0.397989, -0.000000
16788000, 0.517100, 0.249381, -0.000002
16792000, 0.426150, 0.076641, -0.000000
16796000, 0.393088, 0.289519, -0.000000
16800000, 0.453113, 0.188970, -0.000000
16804000, 0.371154, 0.310024, 0.000001
16808000, 0.287576, 0.420113, -0.000000
16812000, 0.148138, 0.309603, 0.000001
16816000, 0.222823, 0.164846, 0.000000
16820000, 0.468977, 0.428433, -0.000000
16824000, 0.325447, 0.143703, 0.000002
16828000, 0.315927, 0.278913, -0.000002
16832000, 0.626734, 0.251891, 0.000003
16836000, 0.551867, 0.097884, 0.000001
16840000, 0.576572, -0.120657, 0.000001
16844000, 0.741504, 0.050974, 0.000000
16848000, 0.423286, -0.114181, 0.000001
16852000, 0.300429, -0.120121, 0.000002
16856000, 0.232136, -0.236393, -0.000001
16860000, 0.056033, -0.214742, -0.000001
16864000, -0.053589, -0.162675, 0.000001
16868000, 0.137604, -0.403665, -0.000001
16872000, 0.305777, -0.147328, -0.000001
16876000, 0.164939, 0.048782, -0.000002
16880000, 0.052448, 0.097304, 0.000000
16884000, -0.205164, -0.037744, 0.000000
16888000, -0.163673, -0.043652, -0.000000
16892000, -0.313843, 0.005355, 0.000001
16896000, -0.333720, -0.096770, 0.000000
16900000, -0.310387, -0.037043, -0.000001
16904000, -0.426941, -0.105763, -0.000001
16908000, -0.474375, -0.096082, 0.000002
16912000, -0.377571, -0.098823, 0.000000
16916000, -0.325596, -0.143173, 0.000001
16920000, -0.105904, -0.041626, -0.000001
16924000, 0.157868, 0.086951, 0.000001
16928000, 0.360078, 0.004850, 0.000003
16932000, 0.265045, -0.036426, 0.000002
16936000, 0.169910, -0.089222, 0.000000
16940000, 0.044574, -0.108742, -0.000000
16944000, 0.020346, -0.298555, -0.000001
16948000, 0.263600, -0.153195, -0.000002
16952000, 0.174478, -0.274137, -0.000000
16956000, 0.066151, -0.501336, -0.000001
16960000, 0.010351, -0.400976, 0.000001
16964000, 0.026802, -0.360278, -0.000001
16968000, -0.117509, -0.303816, 0.000000
16972000, 0.053054, -0.419478, 0.000004
16976000, 0.286084, -0.474397, -0.000000
16980000, 0.386098, -0.557550, 0.000001
16984000, 0.488637, -0.515407, -0.000002
16988000, 0.610187, -0.573673, 0.000001
16992000, 0.484815, -0.470548, -0.000001
16996000, 0.345922, -0.407626, -0.000000
17000000, 0.325329, -0.461474, -0.000001
17004000, 0.173053, -0.585518, -0.000001
17008000, 0.215637, -0.735811, -0.000000
17012000, 0.340797, -0.538531, -0.000001
17016000, 0.398592, -0.601241, 0.000000
17020000, 0.386783, -0.724448, -0.000000
17024000, 0.204417, -0.763082, 0.000001
17028000, 0.118736, -0.614634, -0.000002
17032000, 0.205978, -0.591258, -0.000001
17036000, 0.246348, -0.613072, 0.000000
17040000, 0.049083, -0.740778, 0.000002
17044000, 0.331640, -0.457496, -0.000002
17048000, 0.482646, -0.485570, 0.000001
17052000, 0.302899, -0.614868, -0.000002
17056000, 0.428683, -0.614265, 0.000000
17060000, 0.323767, -0.528237, -0.000002
17064000, 0.481542, -0.590148, -0.000001
17068000, 0.453162, -0.635477, -0.000001
17072000, 0.326082, -0.469275, 0.000002
17076000, 0.500381, -0.604385, -0.000000
17080000, 0.420928, -0.353243, -0.000000
17084000, 0.406458, -0.205669, 0.000001
17088000, 0.381191, -0.120898, -0.000002
17092000, 0.382045, -0.257309, 0.000000
17096000, 0.571468, -0.004015, 0.000000
17100000, 0.479279, 0.337723, 0.000002
17104000, 0.425646, 0.363269, 0.000001
17108000, 0.271924, 0.440816, -0.000000
17112000, 0.310914, 0.326713, -0.000001
17116000, 0.344317, 0.348707, -0.000001
17120000, 0.319987, 0.403380, -0.000000
17124000, 0.171421, 0.404254, 0.000000
17128000, 0.344817, 0.489480, 0.000001
17132000, 0.427292, 0.074036, -0.000000
17136000, 0.470891, 0.183392, 0.000001
17140000, 0.409150, 0.170952, -0.000000
17144000, 0.580507, 0.310905, -0.000000
17148000, 0.449909, 0.480236, 0.000002
17152000, 0.385039, 0.577510, 0.000000
17156000, 0.305772, 0.405153, 0.000002
17160000, 0.135547, 0.434425, 0.000001
17164000, -0.124173, 0.434535, -0.000001
17168000, 0.074427, 0.539444, 0.000001
17172000, 0.299538, 0.503525, 0.000000
17176000, 0.480124, 0.517546, -0.000001
17180000, 0.515903, 0.545869, 0.000001
17184000, 0.342194, 0.486003, 0.000001
17188000, 0.350638, 0.633443, 0.000000
17192000, 0.609326, 0.482907, -0.000000
17196000, 0.274819, 0.622296, -0.000001
17200000, 0.201170, 0.499382, 0.000000
17204000, 0.160289, 0.518498, 0.000000
17208000, 0.161806, 0.530900, -0.000001
17212000, 0.005450, 0.438877, 0.000000
17216000, 0.059362, 0.362668, -0.000001
17220000, -0.033251, 0.442271, 0.000002
17224000, -0.063900, 0.412607, -0.000001
17228000, -0.076657, 0.445235, 0.000001
17232000, -0.085791, 0.514756, -0.000001
17236000, -0.431512, 0.380775, 0.000000
17240000, -0.331158, 0.477594, 0.000000
17244000, -0.247613, 0.774388, -0.000002
17248000, -0.271089, 0.342356, 0.000001
17252000, -0.416424, 0.276011, 0.000001
17256000, -0.636556, 0.526287, -0.000000
17260000, -0.578540, 0.366596, 0.000001
17264000, -0.682459, 0.292601, 0.000001
17268000, -0.747852, 0.206704, 0.000002
17272000, -0.793419, 0.297997, -0.000000
17276000, -0.719827, 0.133607, -0.000001
17280000, -0.626640, 0.278910, -0.000000
17284000, -0.484882, 0.379805, -0.000001
17288000, -0.668104, 0.323742, -0.000001
17292000, -0.520570, 0.498506, 0.000002
17296000, -0.477555, 0.518911, 0.000001
17300000, -0.255046, 0.556701, -0.000001
17304000, -0.093544, 0.471866, 0.000001
17308000, -0.202279, 0.529181, -0.000000
17312000, -0.293900, 0.432009, 0.000001
17316000, -0.363424, 0.324922, -0.000003
17320000, -0.288738, 0.246402, -0.000002
17324000, -0.340369, 0.308055, -0.000001
17328000, -0.476275, 0.304211, 0.000001
17332000, -0.501859, 0.291460, 0.000002
17336000, -0.567173, 0.284096, 0.000001
17340000, -0.671269, 0.272169, -0.000001
17344000, -0.639558, -0.002679, -0.000001
17348000, -0.682137, 0.110846, 0.000002
17352000, -0.677876, 0.212951, -0.000001
17356000, -0.602815, 0.185829, 0.000001
17360000, -0.464620, 0.127585, 0.000002
17364000, -0.321981, 0.385051, 0.000001
17368000, -0.125121, 0.410126, -0.000000
17372000, -0.169451, 0.232378, -0.000002
17376000, -0.046342, 0.084387, 0.000000
17380000, -0.032374, 0.137635, -0.000000
17384000, -0.164262, 0.238184, -0.000001
17388000, -0.078078, 0.316709, -0.000000
17392000, -0.285712, 0.226385, 0.000001
17396000, -0.176172, 0.130677, -0.000000
17400000, -0.479835, 0.061356, -0.000000
17404000, -0.590585, 0.033536, -0.000000
17408000, -0.654383, -0.055020, -0.000001
17412000, -0.556091, -0.165309, 0.000000
17416000, -0.377450, -0.162652, -0.000001
17420000, -0.683911, -0.244895, 0.000000
17424000, -0.839335, -0.203513, -0.000000
17428000, -0.713526, -0.314990, 0.000000
17432000, -0.602757, -0.155142, 0.000002
17436000, -0.567014, -0.486547, -0.000001
17440000, -0.353735, -0.290921, -0.000001
17444000, -0.167110, -0.442846, 0.000001
17448000, 0.071525, -0.573661, 0.000001
17452000, -0.133307, -0.520205, 0.000000
17456000, -0.045054, -0.532004, 0.000000
17460000, 0.062318, -0.517162, -0.000002
17464000, 0.120424, -0.514544, 0.000000
17468000, 0.422962, -0.546176, 0.000002
17472000, -0.037463, -0.592584, -0.000001
17476000, 0.237051, -0.236774, -0.000001
17480000, 0.207595, -0.149537, -0.000003
17484000, 0.228125, -0.334326, -0.000000
17488000, 0.212440, -0.759057, 0.000001
17492000, -0.028810, -0.604737, -0.000001
17496000, -0.036198, -0.687940, 0.000000
17500000, -0.412165, -0.846955, -0.000001
17504000, -0.431772, -0.685649, -0.000001
17508000, -0.277674, -0.693687, 0.000003
17512000, -0.343411, -0.743288, 0.000001
17516000, -0.477918, -0.792860, 0.000001
17520000, -0.504554, -0.706916, 0.000001
17524000, -0.516603, -0.614283, -0.000001
17528000, -0.644917, -0.465159, 0.000000
17532000, -0.723134, -0.481125, -0.000001
17536000, -0.769238, -0.306928, -0.000002
17540000, -0.689154, -0.300126, 0.000000
17544000, -0.639475, -0.141834, -0.000001
17548000, -0.697471, 0.104531, 0.000001
17552000, -0.729512, 0.023948, 0.000001
17556000, -0.850287, 0.063551, -0.000000
17560000, -0.569789, 0.060312, -0.000000
17564000, -0.484499, 0.079125, -0.000001
17568000, -0.360858, 0.141969, 0.000001
17572000, -0.434574, 0.272472, -0.000002
17576000, -0.372540, 0.267997, 0.000000
17580000, -0.519121, 0.263290, -0.000001
17584000, -0.591523, 0.320731, -0.000000
17588000, -0.418160, 0.313755, -0.000001
17592000, -0.481862, 0.108778, -0.000000
17596000, -0.576068, 0.137633, -0.000000
17600000, -0.645338, 0.036666, -0.000000
17604000, -0.728361, 0.192796, -0.000000
17608000, -0.554710, 0.302451, -0.000001
17612000, -0.552037, -0.022444, 0.000001
17616000, -0.396826, -0.112669, 0.000002
17620000, -0.513449, -0.240771, -0.000000
17624000, -0.417252, -0.124199, 0.000002
17628000, -0.292440, -0.024277, 0.000002
17632000, -0.308895, 0.092120, -0.000002
17636000, -0.145523, -0.104669, -0.000000
17640000, -0.264621, 0.089805, -0.000001
17644000, -0.350154, 0.175917, -0.000002
17648000, -0.389754, -0.028478, 0.000001
17652000, -0.538243, 0.037247, -0.000001
17656000, -0.390476, -0.063980, -0.000000
17660000, -0.322535, 0.016318, -0.000001
17664000, -0.437206, -0.033008, 0.000000
17668000, -0.401030, 0.090947, -0.000002
17672000, -0.449838, 0.285536, 0.000001
17676000, -0.563165, 0.327326, -0.000002
17680000, -0.533377, 0.120786, -0.000001
17684000, -0.526372, 0.075110, -0.000001
17688000, -0.548046, 0.022260, 0.000001
17692000, -0.636053, -0.043603, 0.000001
17696000, -0.624635, -0.412375, -0.000001
17700000, -0.614562, -0.509646, 0.000002
17704000, -0.591260, -0.486104, -0.000000
17708000, -0.534426, -0.377357, -0.000000
17712000, -0.719018, -0.310640, -0.000001
17716000, -0.511358, -0.321508, -0.000000
17720000, -0.531672, -0.400021, -0.000001
17724000, -0.483767, -0.426563, 0.000001
17728000, -0.261739, -0.444583, -0.000001
17732000, -0.385239, -0.481526, 0.000000
17736000, -0.411171, -0.387729, -0.000001
17740000, -0.403962, -0.578963, 0.000001
17744000, -0.310337, -0.550934, -0.000002
17748000, -0.418271, -0.543304, 0.000000
17752000, -0.559232, -0.417521, -0.000001
17756000, -0.699939, -0.642038, 0.000000
17760000, -0.671164, -0.473300, 0.000001
17764000, -0.778313, -0.222799, -0.000000
17768000, -0.784811, -0.298817, -0.000001
17772000, -0.783197, -0.069913, 0.000004
17776000, -0.633258, -0.301028, 0.000000
17780000, -0.648438, -0.127017, -0.000000
17784000, -0.687864, -0.172052, -0.000001
17788000, -0.529495, -0.305454, -0.000000
17792000, -0.537796, -0.410316, -0.000000
17796000, -0.534123, -0.391447, 0.000002
17800000, -0.577693, -0.426483, -0.000000
17804000, -0.365912, -0.182257, -0.000001
17808000, -0.412853, -0.396428, 0.000002
17812000, -0.344883, -0.206921, 0.000001
17816000, -0.330068, -0.393996, -0.000000
17820000, -0.393083, -0.440133, -0.000001
17824000, -0.170944, -0.375582, 0.000000
17828000, 0.036530, -0.474480, 0.000003
17832000, -0.001684, -0.355777, -0.000003
17836000, -0.022848, -0.382403, 0.000001
17840000, 0.016430, -0.371091, 0.000001
17844000, 0.157742, -0.315075, 0.000000
17848000, -0.039329, -0.280384, -0.000000
17852000, 0.070290, -0.221623, 0.000000
17856000, 0.156639, -0.203845, 0.000002
17860000, 0.106020, -0.210049, -0.000001
17864000, 0.002376, -0.232585, -0.000001
17868000, -0.017867, -0.211256, 0.000000
17872000, 0.002511, -0.136051, -0.000002
17876000, -0.170398, -0.018457, 0.000000
17880000, -0.183885, -0.192586, 0.000001
17884000, -0.119986, 0.041088, -0.000002
17888000, -0.184549, -0.081183, 0.000000
17892000, -0.173523, -0.003223, -0.000003
17896000, -0.032506, -0.110456, 0.000001
17900000, -0.141626, -0.249081, -0.000002
17904000, -0.107009, -0.153839, 0.000002
17908000, 0.074029, -0.223291, -0.000001
17912000, 0.084019, -0.127740, -0.000002
17916000, 0.244410, -0.167245, 0.000001
17920000, 0.384732, -0.166419, 0.000001
17924000, 0.250146, -0.123966, -0.000002
17928000, 0.089306, -0.115655, 0.000003
17932000, 0.098946, -0.195185, 0.000001
17936000, 0.118964, 0.045124, -0.000000
17940000, 0.166906, -0.033160, 0.000000
17944000, 0.099564, 0.002644, -0.000001
17948000, 0.095465, -0.178136, -0.000002
17952000, 0.209154, -0.005050, 0.000001
17956000, 0.026614, -0.076542, 0.000001
17960000, 0.251343, -0.112382, -0.000000
17964000, 0.303800, -0.242364, 0.000001
17968000, 0.109939, -0.329609, -0.000001
17972000, 0.018455, -0.356630, 0.000001
17976000, -0.198908, -0.204298, 0.000003
17980000, -0.157317, -0.220992, 0.000001
17984000, -0.330655, -0.197983, -0.000001
17988000, -0.262552, -0.344948, -0.000000
17992000, -0.274534, -0.300105, 0.000002
17996000, -0.358613, -0.214962, 0.000001
18000000, -0.211039, -0.367223, -0.000001
18004000, -0.312682, -0.376713, 0.000001
18008000, -0.247183, -0.367459, 0.000000
18012000, -0.225653, -0.236075, -0.000000
18016000, -0.128668, -0.293438, -0.000002
18020000, -0.013613, -0.156398, -0.000001
18024000, -0.222086, -0.380037, -0.000000
18028000, 0.046570, -0.343103, -0.000001
18032000, 0.000136, -0.307408, 0.000000
18036000, 0.082667, -0.405771, 0.000002
18040000, 0.243109, -0.255017, 0.000003
18044000, 0.145102, -0.320197, -0.000001
18048000, -0.034290, -0.255862, 0.000001
18052000, 0.109469, -0.285609, -0.000003
18056000, 0.019994, -0.411805, -0.000001
18060000, -0.056760, -0.372749, 0.000001
18064000, 0.072710, -0.302222, -0.000003
18068000, 0.010762, -0.380473, 0.000000
18072000, -0.190677, -0.519223, -0.000000
18076000, -0.438651, -0.303553, 0.000001
18080000, -0.406148, -0.306414, -0.000002
18084000, -0.462200, -0.355851, -0.000002
18088000, -0.474261, -0.209045, 0.000002
18092000, -0.568153, -0.207625, 0.000001
18096000, -0.424174, -0.319581, -0.000001
18100000, -0.522317, -0.168552, -0.000001
18104000, -0.489285, -0.072099, 0.000002
18108000, -0.346739, -0.291010, 0.000000
18112000, -0.328044, -0.183153, 0.000001
18116000, -0.203364, 0.015329, 0.000001
18120000, -0.227275, 0.048249, 0.000000
18124000, -0.274961, 0.049082, 0.000001
18128000, -0.229550, -0.036760, 0.000001
18132000, -0.548551, 0.159626, -0.000001
18136000, -0.295054, 0.281174, 0.000000
18140000, -0.277774, 0.243548, -0.000001
18144000, -0.279303, 0.397491, 0.000002
18148000, -0.442503, 0.139448, -0.000001
18152000, -0.508366, 0.321491, -0.000001
18156000, -0.744488, 0.104289, -0.000000
18160000, -0.709697, 0.138951, -0.000001
18164000, -0.611441, 0.337293, -0.000000
18168000, -0.607177, 0.339918, -0.000000
18172000, -0.470967, 0.221917, -0.000000
18176000, -0.574261, 0.101988, 0.000001
18180000, -0.503574, 0.309226, 0.000001
18184000, -0.641615, 0.286848, -0.000000
18188000, -0.559239, 0.535590, -0.000002
18192000, -0.601245, 0.575412, 0.000001
18196000, -0.575965, 0.596870, 0.000000
18200000, -0.471021, 0.631521, 0.000001
18204000, -0.323338, 0.725321, 0.000000
18208000, -0.271147, 0.629696, 0.000001
18212000, -0.187916, 0.622995, -0.000001
18216000, -0.022412, 0.551318, -0.000001
18220000, -0.124347, 0.590129, -0.000002
18224000, -0.241838, 0.585520, -0.000001
18228000, -0.344823, 0.369885, -0.000001
18232000, -0.312976, 0.514353, 0.000000
18236000, -0.186508, 0.623346, 0.000001
18240000, -0.425953, 0.281248, -0.000000
18244000, -0.482121, 0.226531, -0.000001
18248000, -0.527467, 0.096776, -0.000000
18252000, -0.584220, 0.182610, -0.000000
18256000, -0.471062, 0.100256, 0.000001
18260000, -0.513020, 0.192293, -0.000001
18264000, -0.371969, 0.494186, -0.000000
18268000, -0.247021, 0.378587, 0.000001
18272000, -0.042981, 0.507475, -0.000000
18276000, -0.173227, 0.307446, -0.000002
18280000, -0.048123, 0.372933, -0.000000
18284000, -0.064979, 0.432070, 0.000001
18288000, 0.120820, 0.469001, 0.000001
18292000, -0.119850, 0.542198, -0.000000
18296000, 0.130201, 0.565631, -0.000001
18300000, 0.096983, 0.418391, 0.000000
18304000, -0.019741, 0.362677, 0.000000
18308000, -0.117416, 0.425107, -0.000002
18312000, -0.339151, 0.343718, -0.000000
18316000, -0.283527, 0.207593, -0.000001
18320000, -0.203774, -0.090042, -0.000000
18324000, -0.092714, 0.190033, -0.000001
18328000, -0.172018, -0.045447, 0.000000
18332000, -0.057305, 0.068612, -0.000000
18336000, -0.190488, 0.244814, 0.000001
18340000, 0.105987, 0.310729, -0.000001
18344000, -0.019801, 0.094349, 0.000001
18348000, 0.068839, 0.179035, 0.000001
18352000, 0.029431, 0.211595, 0.000002
18356000, 0.166780, -0.027952, -0.000000
18360000, -0.082461, 0.066760, 0.000001
18364000, -0.034490, -0.010831, 0.000000
18368000, -0.113219, 0.018366, 0.000001
18372000, -0.101269, 0.062986, -0.000002
18376000, -0.109010, -0.063597, 0.000002
18380000, -0.085808, 0.045967, 0.000000
18384000, -0.141459, -0.011354, -0.000000
18388000, -0.157488, -0.017103, 0.000001
18392000, -0.036398, -0.039202, 0.000000
18396000, -0.131092, 0.169683, 0.000000
18400000, -0.157850, 0.176590, 0.000000
18404000, -0.088818, 0.174926, 0.000002
18408000, -0.332589, 0.060306, -0.000000
18412000, -0.204535, 0.104606, -0.000000
18416000, -0.476546, 0.112607, -0.000001
18420000, -0.646410, 0.114728, 0.000001
18424000, -0.753037, 0.094005, 0.000001
18428000, -0.737057, 0.051419, 0.000003
18432000, -0.514729, -0.087989, -0.000000
18436000, -0.767760, -0.068198, 0.000001
18440000, -0.497872, 0.219084, -0.000001
18444000, -0.556414, 0.417490, -0.000001
18448000, -0.464832, 0.347912, 0.000000
18452000, -0.705880, 0.305700, -0.000001
18456000, -0.685108, 0.240919, 0.000000
18460000, -0.674316, 0.288775, -0.000000
18464000, -0.642741, 0.367649, -0.000002
18468000, -0.544480, 0.276274, -0.000002
18472000, -0.636055, 0.056697, 0.000001
18476000, -0.734610, 0.066895, 0.000000
18480000, -0.666794, -0.253060, -0.000001
18484000, -0.884172, -0.067766, -0.000000
18488000, -0.698440, -0.094228, -0.000003
18492000, -0.646322, 0.005751, -0.000000
18496000, -0.617624, -0.028271, -0.000002
18500000, -0.664260, -0.061313, 0.000002
18504000, -0.478209, -0.199509, 0.000001
18508000, -0.501141, -0.412952, 0.000001
18512000, -0.459684, -0.297582, -0.000002
18516000, -0.595805, -0.234959, -0.000001
18520000, -0.556870, -0.440054, 0.000001
18524000, -0.577053, -0.247808, -0.000001
18528000, -0.517519, -0.335293, -0.000000
18532000, -0.586389, -0.473335, -0.000002
18536000, -0.449240, -0.476366, 0.000000
18540000, -0.526239, -0.523227, 0.000001
18544000, -0.563992, -0.485237, 0.000002
18548000, -0.669739, -0.379815, 0.000000
18552000, -0.555343, -0.292567, -0.000001
18556000, -0.492587, -0.196196, 0.000001
18560000, -0.556238, -0.348312, 0.000002
18564000, -0.426118, -0.362675, -0.000002
18568000, -0.386798, -0.310539, -0.000001
18572000, -0.195972, -0.366372, -0.000000
18576000, 0.031598, -0.479434, 0.000001
18580000, 0.028818, -0.446630, 0.000001
18584000, -0.102415, -0.615231, 0.000001
18588000, -0.261372, -0.817049, 0.000002
18592000, -0.284031, -0.898263, 0.000000
18596000, -0.273605, -0.713968, -0.000002
18600000, -0.102476, -0.777507, 0.000000
18604000, -0.024930, -0.838849, -0.000000
18608000, -0.012630, -0.687762, 0.000000
18612000, -0.086962, -0.584213, 0.000002
18616000, 0.029119, -0.468203, -0.000000
18620000, 0.016953, -0.603218, -0.000000
18624000, -0.060214, -0.324296, -0.000001
18628000, 0.118552, -0.461348, -0.000000
18632000, -0.211100, -0.384333, -0.000001
18636000, -0.163743, -0.437862, -0.000000
18640000, -0.105487, -0.237768, 0.000001
18644000, -0.077516, -0.233140, 0.000001
18648000, 0.002800, -0.115610, 0.000001
18652000, 0.110302, -0.504446, 0.000000
18656000, 0.125729, -0.440162, 0.000001
18660000, 0.198219, -0.332712, -0.000000
18664000, 0.284419, -0.301038, -0.000000
18668000, 0.304454, -0.326869, 0.000000
18672000, 0.256172, -0.109098, 0.000001
18676000, 0.271480, -0.170324, -0.000003
18680000, 0.073109, -0.051395, 0.000001
18684000, 0.164338, -0.188801, 0.000000
18688000, 0.155699, -0.221287, 0.000002
18692000, 0.417591, -0.447965, 0.000002
18696000, 0.603349, -0.455208, -0.000001
18700000, 0.761720, -0.549823, 0.000001
18704000, 0.716305, -0.662975, -0.000000
18708000, 0.474856, -0.621626, 0.000000
18712000, 0.529214, -0.753449, 0.000000
18716000, 0.463259, -0.790858, 0.000001
18720000, 0.315418, -0.872297, -0.000002
18724000, 0.478079, -0.766662, -0.000002
18728000, 0.168928, -0.786328, 0.000001
18732000, -0.150142, -0.727860, -0.000002
18736000, 0.149658, -0.596787, -0.000002
18740000, 0.017627, -0.680587, -0.000000
18744000, 0.163000, -0.587252, -0.000000
18748000, 0.359714, -0.430614, 0.000001
18752000, 0.398423, -0.576462, -0.000001
18756000, 0.342088, -0.711397, -0.000001
18760000, 0.339275, -0.739507, 0.000001
18764000, 0.404699, -0.805303, -0.000000
18768000, 0.428582, -0.656474, -0.000002
18772000, 0.426423, -0.590381, -0.000001
18776000, 0.563596, -0.397305, -0.000000
18780000, 0.481898, -0.170629, 0.000001
18784000, 0.679831, 0.068421, 0.000001
18788000, 0.634320, 0.187038, -0.000001
18792000, 0.654025, 0.072134, -0.000001
18796000, 0.729677, 0.002517, 0.000002
18800000, 0.562154, -0.056414, -0.000000
18804000, 0.750251, 0.098694, 0.000002
18808000, 0.650208, -0.093744, -0.000001
18812000, 0.813812, -0.155656, 0.000001
18816000, 0.691028, 0.027575, -0.000002
18820000, 0.704643, 0.031925, -0.000000
18824000, 0.712003, -0.050952, -0.000001
18828000, 0.645174, 0.018658, 0.000001
18832000, 0.384954, -0.078051, -0.000000
18836000, 0.363517, 0.016470, -0.000001
18840000, 0.597313, -0.009426, 0.000001
18844000, 0.465279, -0.097250, -0.000001
18848000, 0.547329, -0.037115, -0.000001
18852000, 0.531946, -0.329763, 0.000002
18856000, 0.275448, -0.273576, 0.000001
18860000, 0.285514, -0.378802, -0.000000
18864000, 0.283628, -0.411435, -0.000002
18868000, 0.253965, -0.255797, -0.000001
18872000, 0.401345, -0.566108, 0.000001
18876000, 0.326100, -0.515512, 0.000000
18880000, 0.309032, -0.469088, -0.000000
18884000, 0.161985, -0.395709, -0.000000
18888000, 0.243910, -0.422835, -0.000001
18892000, 0.135273, -0.440358, -0.000001
18896000, 0.115064, -0.445551, 0.000001
18900000, 0.301933, -0.609459, 0.000000
18904000, 0.387963, -0.402682, 0.000001
18908000, 0.381830, -0.471304, 0.000000
18912000, 0.283829, -0.636839, 0.000000
18916000, 0.337195, -0.444426, 0.000002
18920000, 0.334603, -0.522935, 0.000001
18924000, 0.354280, -0.458599, -0.000002
18928000, 0.352120, -0.304302, -0.000001
18932000, 0.216209, -0.480582, -0.000000
18936000, 0.244552, -0.441116, -0.000000
18940000, 0.113632, -0.494859, -0.000001
18944000, 0.144066, -0.520791, -0.000001
18948000, 0.202822, -0.390746, 0.000000
18952000, 0.183741, -0.433686, -0.000001
18956000, 0.336116, -0.358415, -0.000001
18960000, 0.283234, -0.372400, -0.000000
18964000, 0.491190, -0.430612, -0.000001
18968000, 0.412819, -0.508349, -0.000000
18972000, 0.560956, -0.338877, 0.000002
18976000, 0.540045, -0.391006, 0.000002
18980000, 0.388259, -0.302171, -0.000001
18984000, 0.351177, -0.312632, 0.000000
18988000, 0.419765, -0.522822, 0.000001
18992000, 0.339194, -0.370225, 0.000000
18996000, 0.228704, -0.361493, -0.000000
19000000, 0.227183, -0.188847, -0.000001
19004000, 0.308356, -0.000545, 0.000000
19008000, 0.388867, -0.243627, 0.000001
19012000, 0.334890, -0.192645, 0.000000
19016000, 0.434533, -0.032694, 0.000000
19020000, 0.344879, -0.092777, 0.000001
19024000, 0.464563, -0.048099, 0.000000
19028000, 0.430023, 0.066903, -0.000002
19032000, 0.470466, 0.287180, 0.000001
19036000, 0.559181, 0.095826, -0.000001
19040000, 0.496689, 0.271182, -0.000001
19044000, 0.341072, 0.259895, -0.000000
19048000, 0.139518, 0.199052, -0.000001
19052000, 0.346237, 0.129949, -0.000001
19056000, 0.380228, 0.014683, 0.000000
19060000, 0.452788, -0.006585, 0.000001
19064000, 0.408995, -0.338703, -0.000000
19068000, 0.230637, -0.122689, 0.000003
19072000, 0.471102, 0.085700, 0.000000
19076000, 0.286457, 0.218726, 0.000001
19080000, 0.358307, 0.124480, -0.000000
19084000, 0.215016, 0.173885, 0.000001
19088000, 0.178784, 0.196544, 0.000000
19092000, 0.182665, 0.378290, 0.000001
19096000, 0.290197, 0.376649, -0.000000
19100000, 0.355341, 0.389797, 0.000002
19104000, 0.140062, 0.489694, 0.000000
19108000, 0.564234, 0.431658, 0.000000
19112000, 0.521393, 0.117664, 0.000000
19116000, 0.624446, 0.290530, 0.000000
19120000, 0.671175, 0.171370, 0.000001
19124000, 0.495123, 0.018288, 0.000002
19128000, 0.613472, 0.008740, -0.000001
19132000, 0.681580, -0.041412, -0.000002
19136000, 0.621361, 0.008528, -0.000000
19140000, 0.462176, 0.116755, -0.000000
19144000, 0.521064, 0.054457, -0.000000
19148000, 0.553353, -0.102661, 0.000001
19152000, 0.418224, 0.154258, 0.000001
19156000, 0.518168, -0.033239, -0.000001
19160000, 0.401763, 0.016801, 0.000000
19164000, 0.576212, 0.038511, 0.000001
19168000, 0.497705, 0.002265, -0.000001
19172000, 0.420579, 0.116423, -0.000001
19176000, 0.629176, 0.020188, -0.000002
19180000, 0.581976, 0.005745, 0.000002
19184000, 0.595822, -0.075416, -0.000000
19188000, 0.555707, -0.243607, -0.000001
19192000, 0.656904, -0.165234, -0.000000
19196000, 0.680637, -0.003297, 0.000001
19200000, 0.627588, 0.067031, 0.000003
19204000, 0.457761, 0.112452, -0.000001
19208000, 0.540222, 0.160439, -0.000000
19212000, 0.536650, 0.259507, 0.000002
19216000, 0.621521, 0.240064, 0.000001
19220000, 0.671588, 0.300939, 0.000002
19224000, 0.745288, 0.128249, -0.000001
19228000, 0.457161, 0.299155, 0.000000
19232000, 0.374535, 0.288926, 0.000000
19236000, 0.390924, 0.374939, -0.000001
19240000, 0.362843, 0.510020, 0.000002
19244000, 0.383890, 0.410730, 0.000002
19248000, 0.620738, 0.383127, -0.000001
19252000, 0.380473, 0.388724, -0.000002
19256000, 0.440658, 0.337469, 0.000002
19260000, 0.465341, 0.193647, 0.000001
19264000, 0.210444, 0.255430, -0.000002
19268000, 0.281859, 0.231719, -0.000000
19272000, 0.515547, 0.218007, 0.000001
19276000, 0.484191, 0.142129, -0.000001
19280000, 0.365800, 0.048011, 0.000001
19284000, 0.575577, 0.014712, -0.000002
19288000, 0.465302, 0.077000, 0.000000
19292000, 0.293757, 0.098582, 0.000001
19296000, 0.185231, 0.165402, 0.000002
19300000, 0.141752, 0.231191, 0.000001
19304000, 0.107412, 0.172968, -0.000000
19308000, 0.193222, 0.172182, 0.000000
19312000, 0.228313, 0.370921, 0.000000
19316000, 0.388723, 0.390740, 0.000000
19320000, 0.294245, 0.303358, 0.000000
19324000, 0.398952, 0.275755, 0.000001
19328000, 0.508752, 0.211233, 0.000001
19332000, 0.285582, 0.474035, -0.000001
19336000, 0.509996, 0.511758, -0.000000
19340000, 0.361607, 0.413384, 0.000002
19344000, 0.130567, 0.485505, 0.000000
19348000, 0.272297, 0.496641, 0.000001
19352000, 0.209920, 0.312977, -0.000000
19356000, 0.382748, 0.299173, -0.000001
19360000, 0.158717, 0.365189, -0.000001
19364000, 0.093514, -0.019443, -0.000001
19368000, 0.161214, 0.150389, 0.000002
19372000, 0.251886, 0.119125, -0.000002
19376000, 0.230504, 0.240601, -0.000000
19380000, 0.184991, 0.152804, 0.000001
19384000, 0.308517, 0.107353, -0.000001
19388000, 0.295554, 0.164342, -0.000000
19392000, -0.038153, 0.250937, 0.000000
19396000, -0.172824, 0.305387, 0.000001
19400000, -0.192254, 0.261265, -0.000000
19404000, -0.204824, 0.133777, 0.000001
19408000, -0.135579, 0.145476, 0.000000
19412000, -0.168522, 0.254847, -0.000001
19416000, -0.128809, 0.213232, 0.000001
19420000, -0.030396, 0.055558, 0.000002
19424000, -0.012122, 0.039642, -0.000003
19428000, -0.125291, 0.039465, 0.000000
19432000, -0.106580, 0.101231, -0.000001
19436000, -0.085043, 0.015135, -0.000002
19440000, -0.019504, -0.033819, -0.000000
19444000, -0.015641, 0.043901, 0.000000
19448000, 0.041835, -0.014868, -0.000000
19452000, 0.043587, 0.040700, 0.000000
19456000, -0.121821, 0.000246, -0.000000
19460000, -0.096613, -0.037911, -0.000002
19464000, -0.026289, 0.043854, 0.000001
19468000, -0.074816, 0.022463, -0.000001
19472000, -0.075301, -0.087338, 0.000001
19476000, -0.111583, -0.105526, -0.000000
19480000, -0.050887, -0.036088, -0.000000
19484000, -0.036107, 0.052524, -0.000000
19488000, -0.170429, 0.047526, -0.000000
19492000, -0.138943, -0.017777, 0.000002
19496000, 0.059008, -0.031309, 0.000002
19500000, -0.037480, -0.157959, 0.000002
19504000, 0.124415, -0.011165, 0.000000
19508000, 0.054543, 0.072129, -0.000001
19512000, -0.041274, 0.195266, -0.000001
19516000, 0.141070, 0.158718, 0.000000
19520000, 0.118206, 0.083149, 0.000001
19524000, -0.075511, 0.272750, -0.000000
19528000, -0.038820, 0.005526, -0.000000
19532000, -0.116874, -0.025531, -0.000000
19536000, -0.203633, -0.008976, -0.000000
19540000, -0.151308, -0.092600, -0.000000
19544000, -0.138007, -0.147180, 0.000000
19548000, -0.133549, -0.029133, -0.000001
19552000, -0.040666, 0.151548, -0.000002
19556000, -0.234186, 0.067602, 0.000001
19560000, -0.109596, 0.110026, -0.000001
19564000, -0.271437, 0.248211, -0.000003
19568000, -0.105289, 0.144187, 0.000000
19572000, -0.200590, 0.118992, -0.000000
19576000, -0.208535, -0.080398, 0.000001
19580000, -0.326207, -0.025982, -0.000002
19584000, -0.274457, 0.121357, 0.000001
19588000, -0.157055, 0.060621, -0.000001
19592000, -0.022931, 0.206619, 0.000001
19596000, -0.180957, 0.229864, -0.000000
19600000, 0.016057, 0.157783, -0.000000
19604000, -0.056083, 0.248533, -0.000001
19608000, -0.306171, 0.055228, 0.000002
19612000, -0.265451, 0.158594, 0.000000
19616000, -0.086538, 0.031304, 0.000001
19620000, -0.136868, 0.172642, 0.000001
19624000, -0.196559, -0.004246, 0.000002
19628000, -0.049307, 0.022763, -0.000000
19632000, -0.208929, -0.110047, -0.000000
19636000, -0.178299, -0.100645, -0.000000
19640000, -0.011858, -0.114288, -0.000000
19644000, 0.045577, 0.115049, -0.000001
19648000, 0.057183, 0.074768, 0.000001
19652000, 0.120483, 0.092108, -0.000001
19656000, -0.089089, 0.120817, 0.000001
19660000, -0.062117, 0.250708, 0.000001
19664000, -0.105499, 0.095050, 0.000000
19668000, -0.206378, 0.206036, 0.000002
19672000, -0.180029, 0.153991, -0.000000
19676000, -0.132646, 0.265630, 0.000001
19680000, -0.148692, 0.172510, -0.000000
19684000, -0.127567, 0.105456, -0.000000
19688000, -0.288395, 0.420145, -0.000001
19692000, -0.123576, 0.354943, -0.000001
19696000, -0.107380, 0.263757, -0.000002
19700000, -0.357865, 0.365046, -0.000001
19704000, -0.430566, 0.282816, -0.000001
19708000, -0.333088, -0.011626, -0.000000
19712000, -0.323068, 0.054967, 0.000000
19716000, -0.138352, 0.040543, -0.000001
19720000, -0.295471, -0.070079, -0.000001
19724000, -0.359671, 0.026571, 0.000001
19728000, -0.410710, -0.040089, -0.000001
19732000, -0.367095, 0.126233, -0.000000
19736000, -0.474997, -0.150319, -0.000000
19740000, -0.434239, -0.031021, 0.000001
19744000, -0.423783, 0.116324, -0.000000
19748000, -0.367002, -0.113964, -0.000002
19752000, -0.446250, 0.221008, 0.000001
19756000, -0.352008, 0.184960, -0.000001
19760000, -0.467292, 0.260195, -0.000000
19764000, -0.592180, 0.168022, 0.000001
19768000, -0.526974, 0.228324, 0.000000
19772000, -0.578350, 0.196085, -0.000000
19776000, -0.572813, 0.121644, -0.000000
19780000, -0.565542, 0.028638, 0.000001
19784000, -0.582498, 0.248933, 0.000000
19788000, -0.658951, 0.260812, 0.000002
19792000, -0.662020, 0.308486, -0.000001
19796000, -0.339338, 0.303917, -0.000002
19800000, -0.248606, 0.303620, 0.000000
19804000, -0.319289, 0.217850, 0.000001
19808000, -0.319307, 0.357952, -0.000000
19812000, -0.392116, 0.436509, 0.000002
19816000, -0.502874, 0.587136, -0.000003
19820000, -0.554078, 0.468246, 0.000001
19824000, -0.653529, 0.454822, 0.000001
19828000, -0.504752, 0.567973, -0.000000
19832000, -0.525912, 0.561036, -0.000000
19836000, -0.490341, 0.454543, -0.000000
19840000, -0.543090, 0.420091, -0.000001
19844000, -0.475987, 0.604755, 0.000001
19848000, -0.660414, 0.398408, -0.000000
19852000, -0.710829, 0.162514, -0.000001
19856000, -0.593002, 0.047504, -0.000000
19860000, -0.426963, 0.046323, 0.000002
19864000, -0.487219, 0.145993, 0.000000
19868000, -0.406493, 0.102271, 0.000001
19872000, -0.342790, 0.263347, 0.000001
19876000, -0.349252, 0.049823, 0.000000
19880000, -0.388907, 0.253197, -0.000001
19884000, -0.469263, 0.027518, 0.000001
19888000, -0.449537, 0.181257, 0.000001
19892000, -0.657656, 0.057731, -0.000001
19896000, -0.679425, 0.017521, 0.000001
19900000, -0.557281, 0.049184, 0.000002
19904000, -0.592086, 0.111174, -0.000001
19908000, -0.483300, 0.383647, -0.000000
19912000, -0.433926, 0.337253, -0.000001
19916000, -0.286280, 0.455169, -0.000001
19920000, -0.223428, 0.592265, 0.000001
19924000, -0.224283, 0.348806, -0.000002
19928000, -0.186951, 0.367023, -0.000000
19932000, -0.290614, 0.287051, 0.000002
19936000, -0.231913, 0.517436, 0.000000
19940000, -0.200187, 0.419905, -0.000002
19944000, -0.096845, 0.320939, 0.000001
19948000, -0.181957, 0.285206, -0.000000
19952000, -0.098956, 0.315672, -0.000001
19956000, -0.037774, 0.380679, 0.000000
19960000, -0.071841, 0.199752, 0.000000
19964000, -0.048526, 0.447338, -0.000001
19968000, -0.042782, 0.301363, -0.000001
19972000, 0.066422, 0.328187, -0.000001
19976000, -0.073006, 0.209259, -0.000000
19980000, -0.156251, 0.366148, 0.000000
19984000, -0.211759, 0.234349, 0.000002
19988000, -0.411564, 0.043764, -0.000001
19992000, -0.224261, 0.108611, 0.000000
19996000, -0.244472, 0.118336, 0.000001
20000000, -0.282707, 0.037489, -0.000002
20004000, -0.248026, -0.034026, -0.000001
20008000, -0.362849, 0.000394, -0.000002
20012000, -0.276219, -0.094132, 0.000000
20016000, -0.297348, -0.045411, 0.000001
20020000, -0.454774, -0.117469, -0.000000
20024000, -0.392391, -0.234957, -0.000003
20028000, -0.428756, -0.213164, 0.000001
20032000, -0.447539, -0.236307, -0.000000
20036000, -0.489485, -0.162758, -0.000001
20040000, -0.383471, -0.188815, 0.000001
20044000, -0.335936, -0.232449, -0.000001
20048000, -0.276006, -0.219191, 0.000002
20052000, -0.174736, -0.146594, 0.000001
20056000, -0.147706, -0.141577, -0.000000
20060000, -0.184104, -0.238158, 0.000000
20064000, -0.200976, -0.287965, -0.000001
20068000, -0.136496, -0.183712, -0.000001
20072000, -0.135239, -0.163162, 0.000001
20076000, -0.225204, -0.299923, 0.000000
20080000, -0.266988, -0.385017, -0.000000
20084000, -0.221845, -0.439281, 0.000001
20088000, -0.091928, -0.476606, 0.000000
20092000, -0.130234, -0.477998, 0.000001
20096000, -0.212093, -0.275020, 0.000002
20100000, -0.366743, -0.259821, 0.000000
20104000, -0.320069, -0.264617, 0.000000
20108000, -0.110210, -0.367903, -0.000001
20112000, -0.229035, -0.363571, 0.000002
20116000, -0.191791, -0.513349, -0.000001
20120000, -0.240446, -0.499941, -0.000002
20124000, -0.228308, -0.446707, -0.000002
20128000, -0.369019, -0.348626, -0.000001
20132000, -0.020644, -0.441340, -0.000001
20136000, -0.030386, -0.504428, -0.000001
20140000, -0.169590, -0.432380, -0.000002
20144000, 0.005892, -0.399158, 0.000000
20148000, -0.030375, -0.608155, -0.000001
20152000, -0.142138, -0.600715, -0.000002
20156000, -0.266827, -0.368481, -0.000002
20160000, -0.188352, -0.434272, 0.000000
20164000, -0.231366, -0.414843, 0.000001
20168000, -0.267061, -0.377348, -0.000002
20172000, -0.249715, -0.475790, -0.000001
20176000, -0.270671, -0.246104, -0.000002
20180000, -0.369780, -0.313182, 0.000002
20184000, -0.340328, -0.236946, -0.000000
20188000, -0.445461, -0.301687, -0.000000
20192000, -0.546414, -0.153642, -0.000002
20196000, -0.434458, -0.307724, -0.000002
20200000, -0.572640, -0.200897, 0.000000
20204000, -0.526586, -0.159547, -0.000001
20208000, -0.570910, -0.146762, -0.000000
20212000, -0.534395, -0.391233, 0.000002
20216000, -0.268345, -0.505491, 0.000000
20220000, -0.165496, -0.450531, -0.000002
20224000, -0.109926, -0.560477, -0.000000
20228000, -0.342534, -0.258165, 0.000000
20232000, -0.368195, -0.421827, 0.000000
20236000, -0.610206, -0.287430, 0.000002
20240000, -0.487959, -0.190153, -0.000000
20244000, -0.447972, -0.233230, 0.000002
20248000, -0.438076, -0.266205, -0.000002
20252000, -0.425651, -0.205187, -0.000001
20256000, -0.364121, -0.184805, 0.000000
20260000, -0.372666, -0.330478, 0.000001
20264000, -0.106038, -0.474021, 0.000001
20268000, -0.041177, -0.386927, 0.000000
20272000, -0.012590, -0.375803, -0.000000
20276000, 0.113602, -0.510683, -0.000002
20280000, 0.011194, -0.544515, -0.000000
20284000, -0.018040, -0.629645, 0.000002
20288000, 0.104531, -0.560063, -0.000000
20292000, 0.378099, -0.515912, -0.000002
20296000, 0.143119, -0.507184, -0.000001
20300000, 0.245184, -0.295075, 0.000001
20304000, 0.246198, -0.395720, -0.000000
20308000, 0.177921, -0.476711, -0.000002
20312000, 0.310065, -0.643545, -0.000002
20316000, 0.305334, -0.604521, -0.000000
20320000, 0.414199, -0.445168, -0.000001
20324000, 0.503064, -0.237325, -0.000000
20328000, 0.501678, -0.360579, -0.000001
20332000, 0.342979, -0.289949, 0.000000
20336000, 0.364698, -0.237034, 0.000000
20340000, 0.444753, -0.188239, 0.000002
20344000, 0.324377, -0.219751, 0.000001
20348000, 0.203589, -0.398886, -0.000000
20352000, 0.410810, -0.291046, 0.000001
20356000, 0.083013, -0.381209, 0.000002
20360000, 0.147578, -0.306373, 0.000000
20364000, 0.249228, -0.325407, -0.000000
20368000, 0.187910, -0.343095, 0.000001
20372000, 0.302642, -0.250982, -0.000001
20376000, 0.133433, -0.446427, -0.000001
20380000, 0.251219, -0.278982, -0.000000
20384000, 0.172292, -0.040567, -0.000002
20388000, 0.099166, -0.226731, -0.000001
20392000, 0.051186, -0.149096, -0.000000
20396000, -0.000542, 0.167300, -0.000001
20400000, 0.111560, 0.072978, 0.000001
20404000, -0.094254, 0.037034, -0.000002
20408000, -0.062892, 0.196961, 0.000003
20412000, 0.140012, 0.123417, -0.000001
20416000, 0.238634, 0.045007, 0.000001
20420000, 0.242318, 0.040995, 0.000000
20424000, 0.256863, -0.083779, -0.000002
20428000, 0.284942, -0.005036, -0.000001
20432000, 0.232331, 0.132191, 0.000000
20436000, 0.284219, 0.065167, 0.000003
20440000, 0.467798, 0.112665, -0.000002
20444000, 0.647007, -0.062248, 0.000002
20448000, 0.674906, -0.026284, -0.000001
20452000, 0.493399, 0.164587, 0.000000
20456000, 0.624229, 0.394569, 0.000000
20460000, 0.472041, 0.524927, 0.000001
20464000, 0.186513, 0.511159, 0.000001
20468000, 0.035636, 0.576435, -0.000001
20472000, 0.131005, 0.449325, 0.000001
20476000, 0.052199, 0.391933, 0.000000
20480000, 0.046724, 0.484647, 0.000000
20484000, 0.287727, 0.498248, -0.000001
20488000, 0.455719, 0.451479, 0.000000
20492000, 0.404073, 0.385467, -0.000001
20496000, 0.471738, 0.415499, -0.000001
20500000, 0.597615, 0.534565, 0.000001
20504000, 0.489599, 0.341794, -0.000002
20508000, 0.342678, 0.427218, -0.000001
20512000, 0.303103, 0.342321, -0.000001
20516000, 0.269553, 0.471938, 0.000001
20520000, 0.376036, 0.314634, 0.000001
20524000, 0.433785, 0.516705, -0.000002
20528000, 0.315717, 0.481956, -0.000000
20532000, 0.252245, 0.616182, 0.000001
20536000, 0.198363, 0.678693, -0.000000
20540000, 0.424033, 0.434387, 0.000000
20544000, 0.370342, 0.386378, -0.000001
20548000, 0.156965, 0.520466, -0.000001
20552000, 0.097642, 0.564124, 0.000001
20556000, 0.298653, 0.620104, 0.000002
20560000, 0.192591, 0.516087, 0.000001
20564000, 0.273325, 0.410349, -0.000001
20568000, 0.211970, 0.280605, 0.000000
20572000, 0.259704, 0.236885, -0.000001
20576000, 0.277854, 0.308741, 0.000001
20580000, 0.362225, 0.275653, -0.000001
20584000, 0.320224, 0.438200, -0.000000
20588000, 0.388886, 0.366222, -0.000001
20592000, 0.247583, 0.191629, -0.000001
20596000, 0.351248, 0.269262, -0.000001
20600000, 0.458958, 0.289834, 0.000000
20604000, 0.456601, 0.324147, 0.000000
20608000, 0.411474, 0.292169, -0.000002
20612000, 0.379717, 0.242979, 0.000001
20616000, 0.457478, 0.462103, -0.000001
20620000, 0.514080, 0.414012, 0.000001
20624000, 0.462139, 0.393261, 0.000001
20628000, 0.301393, 0.453250, 0.000001
20632000, 0.350187, 0.604650, -0.000000
20636000, 0.348826, 0.709831, 0.000001
20640000, 0.240341, 0.733654, 0.000001
20644000, 0.013502, 0.705007, -0.000001
20648000, -0.066858, 0.639340, -0.000000
20652000, 0.039534, 0.602989, -0.000001
20656000, -0.049809, 0.568690, -0.000001
20660000, -0.004553, 0.453675, -0.000000
20664000, 0.001465, 0.392747, 0.000000
20668000, 0.031048, 0.471539, 0.000001
20672000, -0.031074, 0.525789, 0.000001
20676000, -0.123028, 0.563821, 0.000001
20680000, -0.062020, 0.558421, -0.000001
20684000, -0.142124, 0.542881, 0.000001
20688000, -0.208555, 0.486643, -0.000001
20692000, -0.092930, 0.603234, -0.000000
20696000, -0.231194, 0.433826, 0.000002
20700000, 0.052984, 0.701558, -0.000001
20704000, -0.121522, 0.483390, 0.000001
20708000, 0.041270, 0.770196, 0.000001
20712000, -0.006502, 0.594978, -0.000001
20716000, 0.162450, 0.600436, -0.000000
20720000, 0.313435, 0.453510, 0.000000
20724000, 0.255087, 0.564249, 0.000001
20728000, 0.188731, 0.495102, -0.000002
20732000, -0.026839, 0.502829, 0.000001
20736000, 0.048769, 0.407806, -0.000001
20740000, 0.174111, 0.356486, 0.000001
20744000, 0.043434, 0.361788, -0.000001
20748000, 0.110143, 0.410703, 0.000000
20752000, 0.249246, 0.274988, -0.000001
20756000, 0.047155, 0.120602, 0.000001
20760000, -0.017034, 0.337832, 0.000002
20764000, 0.038542, 0.435467, -0.000000
20768000, 0.086278, 0.315376, -0.000001
20772000, 0.062916, 0.266339, 0.000000
20776000, -0.131059, 0.323237, -0.000000
20780000, -0.122313, 0.568081, 0.000002
20784000, 0.036728, 0.555908, -0.000002
20788000, -0.125932, 0.760191, -0.000001
20792000, 0.045840, 0.749076, 0.000001
20796000, 0.051062, 0.334050, 0.000000
20800000, 0.093849, 0.264425, -0.000002
20804000, 0.162187, 0.223496, -0.000000
20808000, 0.107856, 0.156221, -0.000001
20812000, 0.347092, 0.304667, 0.000001
20816000, 0.406531, 0.136778, -0.000001
20820000, 0.385007, 0.099430, -0.000001
20824000, 0.345086, 0.093064, -0.000001
20828000, 0.316538, 0.047039, -0.000001
20832000, 0.192503, 0.029139, 0.000001
20836000, 0.267992, -0.121842, 0.000001
20840000, 0.403678, -0.307055, 0.000000
20844000, 0.425718, -0.095322, 0.000001
20848000, 0.598904, -0.110198, 0.000002
20852000, 0.446100, -0.074713, 0.000002
20856000, 0.496609, -0.095697, -0.000002
20860000, 0.526521, -0.232863, 0.000001
20864000, 0.587421, -0.066919, -0.000000
20868000, 0.723597, 0.036104, -0.000002
20872000, 0.656526, 0.159859, -0.000001
20876000, 0.658238, 0.195394, -0.000000
20880000, 0.439401, 0.559772, -0.000001
20884000, 0.444362, 0.386171, -0.000002
20888000, 0.567687, 0.341345, 0.000001
20892000, 0.500213, 0.367255, 0.000001
20896000, 0.285595, 0.327379, -0.000003
20900000, 0.397415, 0.360841, 0.000004
20904000, 0.517698, 0.122731, -0.000001
20908000, 0.500295, 0.270480, -0.000001
20912000, 0.321978, 0.304921, -0.000002
20916000, 0.242847, 0.568984, -0.000001
20920000, 0.135021, 0.588082, -0.000001
20924000, -0.084184, 0.457717, -0.000001
20928000, -0.310329, 0.391325, -0.000001
20932000, -0.315547, 0.492913, 0.000000
20936000, -0.367188, 0.521304, -0.000002
20940000, -0.298538, 0.459264, -0.000000
20944000, -0.040242, 0.558016, -0.000002
20948000, -0.011952, 0.515708, 0.000000
20952000, -0.211693, 0.480761, -0.000001
20956000, -0.170030, 0.312000, 0.000001
20960000, -0.362662, 0.307814, -0.000002
20964000, -0.122037, 0.500869, 0.000001
20968000, -0.094715, 0.551897, -0.000001
20972000, -0.172751, 0.623982, 0.000001
20976000, -0.066599, 0.578381, 0.000001
20980000, -0.031383, 0.466775, -0.000000
20984000, 0.030376, 0.518404, 0.000001
20988000, 0.070135, 0.632666, -0.000001
20992000, 0.105105, 0.674339, 0.000002
20996000, 0.021040, 0.585835, -0.000001
21000000, -0.041029, 0.674963, 0.000002
21004000, -0.242813, 0.719346, 0.000002
21008000, -0.219130, 0.628805, 0.000001
21012000, -0.275300, 0.587882, 0.000002
21016000, -0.242553, 0.434765, -0.000000
21020000, -0.519186, 0.394662, 0.000001
21024000, -0.269771, 0.354984, -0.000003
21028000, -0.397996, 0.216521, -0.000000
21032000, -0.359725, 0.537421, 0.000001
21036000, -0.262215, 0.554789, -0.000001
21040000, -0.384541, 0.320174, -0.000000
21044000, -0.284481, 0.431710, -0.000001
21048000, -0.432620, 0.292735, 0.000002
21052000, -0.388086, 0.161437, 0.000001
21056000, -0.356206, 0.167807, -0.000002
21060000, -0.513596, 0.237498, 0.000001
21064000, -0.397750, 0.258408, 0.000001
21068000, -0.463571, 0.122203, 0.000002
21072000, -0.350166, -0.065734, 0.000001
21076000, -0.340846, 0.047782, 0.000000
21080000, -0.365965, 0.248505, 0.000000
21084000, -0.338106, 0.262458, -0.000002
21088000, -0.371859, 0.115346, -0.000001
21092000, -0.424924, -0.027331, 0.000000
21096000, -0.513410, 0.030837, 0.000000
21100000, -0.399731, 0.290337, -0.000001
21104000, -0.374954, 0.088371, -0.000001
21108000, -0.514205, 0.181595, -0.000001
21112000, -0.391820, 0.066902, -0.000002
21116000, -0.413197, 0.051904, 0.000002
21120000, -0.349695, 0.143073, 0.000000
21124000, -0.460692, 0.262290, -0.000002
21128000, -0.446297, 0.136101, -0.000001
21132000, -0.545792, 0.111632, -0.000002
21136000, -0.423204, 0.133332, -0.000001
21140000, -0.454138, 0.163174, 0.000003
21144000, -0.367443, 0.054202, 0.000001
21148000, -0.140660, -0.101619, -0.000001
21152000, -0.197237, -0.135052, 0.000001
21156000, -0.454033, 0.109488, -0.000002
21160000, -0.521569, 0.179050, 0.000000
21164000, -0.522091, 0.257015, -0.000002
21168000, -0.448971, 0.112787, 0.000000
21172000, -0.296607, 0.035673, -0.000002
21176000, -0.470266, 0.050451, 0.000003
21180000, -0.456293, -0.248965, 0.000002
21184000, -0.535954, -0.142943, -0.000001
21188000, -0.679763, -0.113273, -0.000000
21192000, -0.608142, -0.091789, -0.000001
21196000, -0.363080, -0.272962, 0.000002
21200000, -0.301658, -0.288390, 0.000001
21204000, -0.497690, -0.205514, -0.000003
21208000, -0.325325, -0.317111, 0.000001
21212000, -0.226114, -0.416237, 0.000001
21216000, -0.335784, -0.498426, 0.000001
21220000, -0.315924, -0.484282, 0.000000
21224000, -0.024853, -0.677879, 0.000001
21228000, -0.155706, -0.630759, -0.000000
21232000, 0.014172, -0.513846, 0.000001
21236000, -0.001412, -0.605605, 0.000000
21240000, 0.124005, -0.581185, -0.000000
21244000, -0.068359, -0.471935, -0.000002
21248000, -0.010469, -0.570498, -0.000002
21252000, -0.026593, -0.526415, -0.000001
21256000, -0.092054, -0.074944, 0.000000
21260000, -0.298820, -0.351739, -0.000001
21264000, -0.424843, -0.271554, -0.000001
21268000, -0.255617, -0.221880, -0.000001
21272000, -0.164769, -0.219796, 0.000001
21276000, -0.154069, -0.371898, -0.000003
21280000, -0.329873, -0.330900, -0.000000
21284000, -0.442032, -0.328919, 0.000000
21288000, -0.365751, -0.398301, -0.000001
21292000, -0.319742, -0.471040, -0.000001
21296000, -0.225512, -0.445071, 0.000000
21300000, -0.094854, -0.534052, -0.000000
21304000, -0.277537, -0.528348, -0.000000
21308000, -0.162230, -0.564368, 0.000000
21312000, -0.286851, -0.493653, -0.000000
21316000, -0.365988, -0.521655, 0.000001
21320000, -0.306400, -0.610770, -0.000000
21324000, -0.276611, -0.728817, -0.000001
21328000, -0.549082, -0.670428, -0.000000
21332000, -0.321137, -0.766718, -0.000001
21336000, -0.357675, -0.611806, 0.000001
21340000, -0.360161, -0.752952, -0.000001
21344000, -0.276500, -0.819528, 0.000000
21348000, -0.052735, -0.665593, 0.000000
21352000, -0.046087, -0.687138, 0.000002
21356000, -0.101464, -0.634149, 0.000001
21360000, 0.066877, -0.744470, 0.000002
21364000, -0.154013, -0.805484, -0.000002
21368000, -0.104135, -0.842641, 0.000000
21372000, -0.317083, -0.765819, 0.000001
21376000, -0.459058, -0.648673, 0.000000
21380000, -0.561877, -0.485345, -0.000002
21384000, -0.403966, -0.539260, -0.000002
21388000, -0.186812, -0.622146, 0.000001
21392000, -0.206743, -0.298205, -0.000000
21396000, -0.260707, -0.358970, -0.000000
21400000, -0.266576, -0.285119, -0.000002
21404000, -0.166859, -0.416216, -0.000001
21408000, -0.101772, -0.236218, 0.000001
21412000, -0.067337, -0.166517, 0.000002
21416000, -0.021308, -0.345732, 0.000002
21420000, -0.113611, -0.386324, 0.000002
21424000, -0.094676, -0.267617, -0.000000
21428000, -0.449721, -0.366379, 0.000001
21432000, -0.179538, -0.337159, -0.000004
21436000, -0.158483, -0.231778, -0.000000
21440000, -0.086661, -0.128974, 0.000000
21444000, -0.142171, -0.099807, 0.000002
21448000, 0.028150, 0.014307, 0.000001
21452000, -0.157617, -0.339242, 0.000001
21456000, -0.301949, -0.378717, -0.000002
21460000, -0.367364, -0.599837, 0.000001
21464000, -0.585508, -0.358167, -0.000002
21468000, -0.567325, -0.263818, 0.000001
21472000, -0.543781, -0.333675, 0.000001
21476000, -0.373509, -0.488085, 0.000001
21480000, -0.619455, -0.204951, -0.000002
21484000, -0.598864, -0.155935, -0.000002
21488000, -0.434488, -0.209989, 0.000001
21492000, -0.297550, -0.259504, 0.000002
21496000, -0.573809, -0.428705, 0.000001
21500000, -0.355970, -0.393749, -0.000001
21504000, -0.338304, -0.353204, -0.000001
21508000, -0.304909, -0.313012, 0.000001
21512000, -0.234802, -0.329676, 0.000001
21516000, -0.555071, -0.255640, -0.000000
21520000, -0.486326, -0.275601, -0.000001
21524000, -0.503227, -0.252932, 0.000001
21528000, -0.555603, -0.045747, -0.000001
21532000, -0.481019, 0.035241, 0.000002
21536000, -0.506471, -0.017264, 0.000001
21540000, -0.497215, 0.107219, 0.000001
21544000, -0.630911, 0.236783, 0.000001
21548000, -0.390952, 0.059565, -0.000000
21552000, -0.072946, 0.113404, -0.000003
21556000, -0.290755, -0.121419, 0.000001
21560000, -0.129489, -0.175093, -0.000001
21564000, -0.300465, -0.253744, -0.000000
21568000, -0.266276, -0.276886, -0.000000
21572000, -0.228630, -0.178776, 0.000003
21576000, -0.083840, -0.055730, -0.000001
21580000, 0.103029, -0.188620, -0.000001
21584000, 0.112628, -0.099543, 0.000002
21588000, 0.028546, -0.149240, 0.000001
21592000, -0.112897, -0.138265, -0.000001
21596000, -0.103427, 0.093974, -0.000000
21600000, -0.244704, 0.181835, -0.000002
21604000, -0.358096, 0.060897, 0.000000
21608000, -0.433524, 0.084215, -0.000002
21612000, -0.503368, 0.137924, 0.000001
21616000, -0.561124, 0.120083, 0.000000
21620000, -0.501147, 0.311635, 0.000000
21624000, -0.566531, 0.124853, 0.000001
21628000, -0.497076, 0.282798, -0.000001
21632000, -0.349964, 0.316598, 0.000001
21636000, -0.268881, 0.029831, -0.000000
21640000, -0.317081, -0.028102, 0.000001
21644000, -0.260302, -0.093670, -0.000001
21648000, -0.220662, -0.142244, -0.000001
21652000, -0.343169, -0.167005, -0.000001
21656000, -0.366252, 0.091948, 0.000001
21660000, -0.348246, -0.087388, -0.000000
21664000, -0.582905, 0.140586, 0.000000
21668000, -0.584381, 0.144250, 0.000002
21672000, -0.618092, 0.159736, -0.000000
21676000, -0.684643, 0.275981, 0.000000
21680000, -0.625846, 0.176062, 0.000001
21684000, -0.588699, 0.249243, 0.000001
21688000, -0.546398, 0.277766, 0.000001
21692000, -0.532929, 0.192075, 0.000001
21696000, -0.449070, 0.342202, 0.000001
21700000, -0.475649, 0.207128, -0.000000
21704000, -0.566283, 0.390811, -0.000001
21708000, -0.479917, 0.381433, 0.000000
21712000, -0.559845, 0.366177, -0.000003
21716000, -0.545039, 0.223119, -0.000001
21720000, -0.390904, 0.441791, 0.000002
21724000, -0.329735, 0.568826, -0.000000
21728000, -0.712190, 0.247843, 0.000000
21732000, -0.543568, 0.241804, 0.000000
21736000, -0.472419, 0.487620, -0.000001
21740000, -0.490051, 0.382951, 0.000000
21744000, -0.564011, 0.527783, -0.000001
21748000, -0.442955, 0.386110, -0.000000
21752000, -0.334591, 0.557530, -0.000000
21756000, -0.321012, 0.585557, -0.000001
21760000, -0.365139, 0.416620, -0.000001
21764000, -0.391331, 0.421089, -0.000001
21768000, -0.355116, 0.283941, -0.000001
21772000, -0.612644, 0.325648, 0.000001
21776000, -0.542848, 0.164151, -0.000001
21780000, -0.526145, 0.086585, -0.000001
21784000, -0.456844, 0.183163, -0.000001
21788000, -0.617771, 0.213660, -0.000000
21792000, -0.736707, 0.103081, 0.000001
21796000, -0.506769, -0.050419, -0.000000
21800000, -0.559268, -0.079048, 0.000000
21804000, -0.497369, -0.193922, -0.000001
21808000, -0.450188, -0.215934, 0.000000
21812000, -0.462073, -0.282924, -0.000002
21816000, -0.330191, -0.524987, 0.000000
21820000, -0.390704, -0.498521, 0.000002
21824000, -0.573179, -0.299571, -0.000001
21828000, -0.444308, -0.341035, -0.000001
21832000, -0.566048, -0.249228, 0.000001
21836000, -0.388475, -0.243317, -0.000001
21840000, -0.444431, -0.188561, -0.000001
21844000, -0.557935, -0.407771, -0.000000
21848000, -0.494391, -0.668285, -0.000001
21852000, -0.464536, -0.653601, 0.000000
21856000, -0.407539, -0.577832, -0.000001
21860000, -0.563376, -0.337595, 0.000001
21864000, -0.436240, -0.551961, -0.000001
21868000, -0.220571, -0.586044, -0.000000
21872000, -0.292465, -0.496087, -0.000000
21876000, -0.252472, -0.444737, -0.000000
21880000, -0.262145, -0.300918, 0.000000
21884000, -0.312036, -0.449053, -0.000001
21888000, -0.321359, -0.627381, 0.000001
21892000, -0.006798, -0.757196, -0.000001
21896000, -0.200476, -0.656296, 0.000001
21900000, -0.161559, -0.567063, -0.000001
21904000, -0.271584, -0.516042, 0.000002
21908000, -0.446488, -0.468461, -0.000000
21912000, -0.360298, -0.514058, -0.000001
21916000, -0.365423, -0.521649, 0.000000
21920000, -0.378135, -0.439689, -0.000000
21924000, -0.463142, -0.502851, -0.000001
21928000, -0.552997, -0.551766, 0.000001
21932000, -0.514611, -0.636078, 0.000001
21936000, -0.254601, -0.751883, -0.000001
21940000, -0.111108, -0.839146, 0.000002
21944000, -0.288352, -0.744605, -0.000002
21948000, -0.095279, -0.704586, 0.000002
21952000, -0.023718, -0.663333, -0.000001
21956000, -0.005325, -0.567312, 0.000000
21960000, 0.099241, -0.667270, -0.000000
21964000, -0.025394, -0.705012, -0.000000
21968000, -0.068695, -0.587086, 0.000000
21972000, 0.007693, -0.676338, 0.000001
21976000, 0.121520, -0.741686, -0.000001
21980000, 0.068354, -0.799525, 0.000000
21984000, 0.313823, -0.634965, -0.000001
21988000, 0.265537, -0.606523, -0.000001
21992000, 0.306930, -0.546428, -0.000000
21996000, 0.384319, -0.559974, -0.000001
22000000, 0.508365, -0.628654, -0.000002
22004000, 0.371530, -0.458243, 0.000002
22008000, 0.423528, -0.384645, -0.000001
22012000, 0.498184, -0.438915, -0.000000
22016000, 0.470262, -0.284445, -0.000000
22020000, 0.534501, -0.540699, 0.000001
22024000, 0.562974, -0.432409, 0.000001
22028000, 0.256435, -0.384028, -0.000000
22032000, 0.327191, -0.560770, -0.000001
22036000, 0.309552, -0.455652, -0.000000
22040000, 0.573649, -0.190541, 0.000001
22044000, 0.664432, -0.182645, -0.000001
22048000, 0.690893, -0.030754, -0.000002
22052000, 0.787579, 0.083984, 0.000002
22056000, 0.694238, 0.002677, -0.000000
22060000, 0.703775, 0.051658, -0.000002
22064000, 0.706349, 0.003909, -0.000001
22068000, 0.470589, -0.246601, -0.000000
22072000, 0.471801, -0.121682, -0.000001
22076000, 0.477983, -0.127781, -0.000002
22080000, 0.324940, 0.022787, -0.000002
22084000, 0.512645, 0.055875, 0.000001
22088000, 0.346541, -0.174815, 0.000000
22092000, 0.427785, -0.076318, -0.000001
22096000, 0.564123, 0.116859, 0.000001
22100000, 0.624349, 0.013673, -0.000001
22104000, 0.633752, 0.001342, 0.000001
22108000, 0.663845, -0.185892, -0.000001
22112000, 0.436896, -0.182270, -0.000001
22116000, 0.447124, 0.087581, 0.000000
22120000, 0.447404, 0.125531, 0.000001
22124000, 0.377756, 0.199887, 0.000002
22128000, 0.280334, 0.243283, 0.000002
22132000, 0.464538, 0.073855, 0.000001
22136000, 0.469556, 0.206515, 0.000001
22140000, 0.460971, 0.132298, 0.000000
22144000, 0.463421, 0.418447, 0.000001
22148000, 0.421154, 0.449988, 0.000000
22152000, 0.490496, 0.147521, -0.000003
22156000, 0.531436, 0.138752, 0.000001
22160000, 0.513387, 0.244463, 0.000000
22164000, 0.446552, -0.009054, 0.000001
22168000, 0.460653, 0.243535, 0.000002
22172000, 0.530377, 0.436228, -0.000000
22176000, 0.586839, 0.140386, -0.000000
22180000, 0.419732, 0.055220, 0.000001
22184000, 0.524728, 0.118677, -0.000001
22188000, 0.391618, 0.267629, 0.000000
22192000, 0.341380, 0.395004, 0.000000
22196000, 0.594094, 0.176972, -0.000000
22200000, 0.550095, 0.317832, -0.000002
22204000, 0.431554, 0.187606, 0.000001
22208000, 0.478633, 0.446299, 0.000001
22212000, 0.537479, 0.522134, -0.000000
22216000, 0.408456, 0.439030, -0.000001
22220000, 0.390273, 0.411483, 0.000001
22224000, 0.607310, 0.383135, 0.000001
22228000, 0.410064, 0.320350, -0.000001
22232000, 0.485373, 0.278520, -0.000001
22236000, 0.569606, 0.216701, -0.000000
22240000, 0.561603, 0.110116, 0.000000
22244000, 0.536767, 0.231506, 0.000000
22248000, 0.453129, 0.224047, -0.000001
22252000, 0.362495, 0.230752, -0.000001
22256000, 0.496788, 0.181316, -0.000000
22260000, 0.510591, 0.175404, 0.000000
22264000, 0.385507, 0.160278, 0.000000
22268000, 0.412705, 0.051522, -0.000001
22272000, 0.537819, -0.140310, 0.000001
22276000, 0.685620, -0.064698, -0.000001
22280000, 0.596746, -0.187576, 0.000000
22284000, 0.528595, -0.241977, 0.000001
22288000, 0.447621, -0.387303, 0.000001
22292000, 0.448005, -0.379710, -0.000001
22296000, 0.478926, -0.391398, 0.000000
22300000, 0.556049, -0.328952, 0.000001
22304000, 0.547049, -0.335873, -0.000001
22308000, 0.418931, -0.252149, 0.000000
22312000, 0.350125, -0.199499, 0.000001
22316000, 0.351678, -0.300454, -0.000001
22320000, 0.196301, -0.200192, 0.000001
22324000, 0.282601, -0.254286, 0.000001
22328000, 0.427714, -0.390345, 0.000001
22332000, 0.446572, -0.544538, -0.000000
22336000, -0.044780, -0.629628, -0.000002
22340000, -0.050625, -0.642677, 0.000001
22344000, -0.201039, -0.666378, 0.000002
22348000, -0.333815, -0.486416, -0.000001
22352000, -0.511269, -0.480017, -0.000001
22356000, -0.540593, -0.375652, 0.000001
22360000, -0.266617, -0.414409, -0.000001
22364000, -0.335737, -0.590809, 0.000000
22368000, -0.228041, -0.446117, 0.000000
22372000, -0.360606, -0.513758, 0.000001
22376000, -0.432369, -0.389266, -0.000002
22380000, -0.425475, -0.437339, -0.000002
22384000, -0.620319, -0.462662, -0.000001
22388000, -0.598340, -0.362819, 0.000001
22392000, -0.586445, -0.319631, -0.000001
22396000, -0.618099, -0.238956, -0.000001
22400000, -0.689967, -0.135581, 0.000000
22404000, -0.626331, -0.046100, -0.000001
22408000, -0.657328, -0.109890, -0.000000
22412000, -0.772095, 0.027852, 0.000000
22416000, -0.631851, -0.009320, -0.000001
22420000, -0.733130, 0.101973, -0.000000
22424000, -0.778462, -0.002996, 0.000002
22428000, -0.764485, 0.063701, 0.000003
22432000, -0.654735, 0.272646, 0.000001
22436000, -0.641683, 0.231511, -0.000001
22440000, -0.811190, 0.333515, 0.000000
22444000, -0.503035, 0.352023, -0.000001
22448000, -0.297637, 0.571149, -0.000000
22452000, -0.150160, 0.490209, 0.000001
22456000, -0.214406, 0.448137, 0.000002
22460000, -0.112718, 0.406819, 0.000000
22464000, -0.043509, 0.414594, 0.000000
22468000, 0.004965, 0.367888, -0.000001
22472000, -0.038847, 0.321827, -0.000002
22476000, 0.067286, 0.298199, -0.000000
22480000, 0.008891, 0.184558, 0.000000
22484000, 0.077330, 0.083822, -0.000001
22488000, -0.108539, -0.040282, 0.000001
22492000, -0.103211, -0.181154, -0.000001
22496000, -0.031924, -0.093801, -0.000001
22500000, -0.044858, 0.046359, -0.000002
22504000, -0.114705, 0.047230, -0.000001
22508000, -0.068385, 0.238666, 0.000000
22512000, -0.152298, 0.109672, -0.000001
22516000, -0.196493, -0.009682, 0.000001
22520000, -0.441176, 0.128627, -0.000002
22524000, -0.255990, 0.027415, -0.000000
22528000, -0.280706, 0.074311, -0.000001
22532000, -0.255700, 0.078002, 0.000001
22536000, 0.010274, 0.116209, -0.000001
22540000, -0.206723, 0.373111, 0.000001
22544000, -0.156671, 0.522956, -0.000001
22548000, -0.090493, 0.475521, 0.000001
22552000, -0.300490, 0.677341, 0.000001
22556000, -0.155691, 0.671851, 0.000000
22560000, -0.124844, 0.644153, 0.000001
22564000, -0.089734, 0.599537, -0.000001
22568000, 0.037653, 0.751722, -0.000001
22572000, -0.000050, 0.703972, 0.000001
22576000, 0.190599, 0.598340, -0.000000
22580000, -0.047433, 0.685535, 0.000000
22584000, 0.115892, 0.633777, 0.000001
22588000, 0.180012, 0.624447, -0.000001
22592000, -0.007024, 0.633577, 0.000000
22596000, -0.064600, 0.739214, -0.000001
22600000, -0.111654, 0.731236, 0.000001
22604000, -0.050974, 0.666459, 0.000000
22608000, -0.023118, 0.785650, -0.000001
22612000, -0.116276, 0.713442, 0.000001
22616000, 0.003745, 0.763326, -0.000000
22620000, -0.029727, 0.528227, 0.000001
22624000, -0.049349, 0.662315, 0.000000
22628000, 0.222206, 0.659454, 0.000002
22632000, 0.107127, 0.526809, 0.000000
22636000, -0.027229, 0.547968, 0.000000
22640000, -0.211487, 0.564927, 0.000002
22644000, 0.025942, 0.653923, -0.000001
22648000, 0.128180, 0.766885, -0.000001
22652000, 0.465981, 0.511852, -0.000001
22656000, 0.432276, 0.747276, 0.000002
22660000, 0.350211, 0.436811, -0.000002
22664000, 0.260478, 0.398015, 0.000000
22668000, 0.288510, 0.222996, 0.000001
22672000, 0.545100, 0.251796, -0.000001
22676000, 0.568114, 0.166485, -0.000000
22680000, 0.586461, 0.085400, 0.000001
22684000, 0.582457, -0.164844, 0.000002
22688000, 0.587959, -0.235442, 0.000002
22692000, 0.560353, -0.098398, -0.000000
22696000, 0.364188, -0.279671, -0.000000
22700000, 0.349943, -0.347668, -0.000001
22704000, 0.274522, -0.331040, -0.000000
22708000, 0.374139, -0.333056, 0.000000
22712000, 0.543090, -0.192640, -0.000002
22716000, 0.381593, -0.148200, -0.000000
22720000, 0.384080, -0.249482, -0.000001
22724000, 0.394733, -0.269882, 0.000000
22728000, 0.493346, -0.171664, -0.000001
22732000, 0.521963, -0.029192, 0.000000
22736000, 0.609847, -0.136589, -0.000001
22740000, 0.620429, -0.003997, -0.000000
22744000, 0.660829, 0.078007, 0.000001
22748000, 0.507346, 0.500871, 0.000000
22752000, 0.349353, 0.297303, 0.000001
22756000, 0.469800, 0.279778, -0.000001
22760000, 0.405433, 0.191816, -0.000001
22764000, 0.312767, -0.023743, -0.000001
22768000, 0.372103, 0.101013, 0.000002
22772000, 0.492724, 0.307444, -0.000002
22776000, 0.470642, 0.458595, -0.000001
22780000, 0.276736, 0.340087, -0.000001
22784000, 0.238327, 0.437691, -0.000001
22788000, 0.426566, 0.543172, -0.000000
22792000, 0.445191, 0.347290, 0.000001
22796000, 0.405886, 0.338512, -0.000000
22800000, 0.122244, 0.492013, -0.000002
22804000, 0.204197, 0.459339, -0.000001
22808000, 0.337461, 0.549141, 0.000002
22812000, 0.575787, 0.536209, -0.000000
22816000, 0.397220, 0.578722, 0.000000
22820000, 0.332393, 0.547082, -0.000001
22824000, 0.377266, 0.570845, -0.000001
22828000, 0.368699, 0.585582, 0.000002
22832000, 0.214485, 0.775925, 0.000002
22836000, 0.241509, 0.544480, -0.000001
22840000, 0.351588, 0.586683, 0.000003
22844000, 0.414125, 0.548506, -0.000000
22848000, 0.500803, 0.530663, -0.000001
22852000, 0.595445, 0.422652, 0.000001
22856000, 0.422988, 0.398085, 0.000001
22860000, 0.509336, 0.392647, 0.000003
22864000, 0.266693, 0.490777, -0.000000
22868000, 0.428183, 0.442908, 0.000000
22872000, 0.329395, 0.565231, 0.000003
22876000, 0.316831, 0.641077, 0.000002
22880000, 0.521903, 0.618398, 0.000001
22884000, 0.304652, 0.754422, 0.000000
22888000, 0.216180, 0.756435, 0.000002
22892000, 0.148641, 0.777262, 0.000000
22896000, -0.020264, 0.654426, 0.000001
22900000, 0.009462, 0.751449, -0.000001
22904000, 0.215506, 0.669039, -0.000000
22908000, 0.053494, 0.708996, -0.000001
22912000, -0.287155, 0.644007, -0.000001
22916000, -0.305605, 0.648549, 0.000002
22920000, -0.374578, 0.669966, 0.000000
22924000, -0.388014, 0.743746, 0.000001
22928000, -0.270338, 0.709567, 0.000001
22932000, -0.354877, 0.652077, -0.000000
22936000, -0.562089, 0.481067, 0.000001
22940000, -0.468908, 0.523748, -0.000000
22944000, -0.669693, 0.498526, -0.000001
22948000, -0.519043, 0.354410, -0.000001
22952000, -0.569413, 0.403474, -0.000002
22956000, -0.399707, 0.368551, -0.000000
22960000, -0.459674, 0.466139, 0.000000
22964000, -0.389686, 0.431197, -0.000001
22968000, -0.428355, 0.281294, 0.000002
22972000, -0.471881, 0.104768, -0.000001
22976000, -0.665680, 0.050941, 0.000000
22980000, -0.613383, 0.263649, -0.000000
22984000, -0.587439, -0.004203, -0.000002
22988000, -0.455068, -0.132072, 0.000001
22992000, -0.668033, -0.236893, -0.000000
22996000, -0.663165, -0.109944, -0.000001
23000000, -0.590718, 0.008046, -0.000001
23004000, -0.470953, 0.037167, 0.000003
23008000, -0.414211, 0.271112, -0.000000
23012000, -0.291607, -0.030262, 0.000001
23016000, -0.392244, 0.104964, 0.000001
23020000, -0.578088, -0.025946, 0.000003
23024000, -0.309518, 0.075417, 0.000000
23028000, -0.228598, 0.138353, -0.000002
23032000, -0.224350, 0.175457, -0.000001
23036000, -0.312753, 0.035958, -0.000001
23040000, -0.318291, 0.292691, 0.000002
23044000, -0.513020, 0.398421, 0.000000
23048000, -0.269372, 0.322055, 0.000002
23052000, -0.082237, 0.303611, -0.000003
23056000, -0.240063, 0.278003, -0.000001
23060000, -0.258682, 0.235157, 0.000001
23064000, -0.272861, 0.246643, -0.000000
23068000, -0.538005, 0.333731, 0.000000
23072000, -0.695066, 0.391006, 0.000002
23076000, -0.590533, 0.299004, -0.000000
23080000, -0.599437, 0.069220, -0.000001
23084000, -0.576031, -0.264525, -0.000002
23088000, -0.732448, -0.134243, 0.000003
23092000, -0.632127, -0.357853, -0.000000
23096000, -0.692152, 0.091225, 0.000002
23100000, -0.775314, -0.052011, -0.000000
23104000, -0.772257, 0.217277, -0.000002
23108000, -0.806506, 0.112080, 0.000003
23112000, -0.700529, 0.180384, 0.000000
23116000, -0.546288, 0.325198, 0.000000
23120000, -0.630801, 0.466711, -0.000001
23124000, -0.600442, 0.245219, -0.000000
23128000, -0.661792, 0.206448, -0.000000
23132000, -0.608550, 0.256672, 0.000002
23136000, -0.619292, 0.274177, 0.000001
23140000, -0.619711, 0.209994, -0.000001
23144000, -0.665919, 0.176869, 0.000000
23148000, -0.616831, 0.215813, -0.000000
23152000, -0.657790, 0.214010, 0.000000
23156000, -0.481135, 0.151291, 0.000001
23160000, -0.625863, 0.044871, -0.000001
23164000, -0.643908, -0.025077, -0.000000
23168000, -0.729565, -0.024925, 0.000000
23172000, -0.736100, -0.022233, 0.000000
23176000, -0.672745, 0.221735, 0.000001
23180000, -0.767559, -0.093854, 0.000001
23184000, -0.624858, -0.034303, 0.000001
23188000, -0.510257, -0.221601, 0.000002
23192000, -0.461592, -0.475987, 0.000001
23196000, -0.601482, -0.342864, -0.000000
23200000, -0.753243, -0.082576, -0.000001
23204000, -0.724256, -0.206975, 0.000001
23208000, -0.657753, -0.116239, -0.000002
23212000, -0.692559, -0.208467, -0.000001
23216000, -0.659881, -0.210619, -0.000000
23220000, -0.814104, -0.184245, 0.000001
23224000, -0.832095, -0.163454, 0.000002
23228000, -0.808499, -0.017671, -0.000002
23232000, -0.760970, 0.124337, -0.000002
23236000, -0.639667, 0.229488, 0.000003
23240000, -0.543535, 0.171830, 0.000003
23244000, -0.554532, 0.155306, -0.000001
23248000, -0.502427, 0.280187, -0.000002
23252000, -0.522228, 0.232378, -0.000000
23256000, -0.445769, 0.452478, -0.000001
23260000, -0.549351, 0.169282, 0.000001
23264000, -0.586899, 0.415226, -0.000000
23268000, -0.624910, 0.503909, -0.000000
23272000, -0.569126, 0.454221, -0.000002
23276000, -0.457237, 0.645578, 0.000001
23280000, -0.673940, 0.394585, -0.000002
23284000, -0.629245, 0.265430, -0.000001
23288000, -0.696457, 0.335456, 0.000001
23292000, -0.704797, 0.382159, -0.000000
23296000, -0.606193, 0.401218, 0.000001
23300000, -0.591709, 0.382216, -0.000001
23304000, -0.409854, 0.387808, -0.000001
23308000, -0.512187, 0.388199, -0.000002
23312000, -0.504316, 0.483589, -0.000001
23316000, -0.491570, 0.571542, 0.000000
23320000, -0.466447, 0.401853, -0.000001
23324000, -0.622543, 0.176515, -0.000003
23328000, -0.714086, 0.204424, 0.000000
23332000, -0.812316, 0.133763, 0.000003
23336000, -0.661091, 0.297572, 0.000002
23340000, -0.650947, 0.188043, 0.000001
23344000, -0.727473, 0.118665, 0.000001
23348000, -0.640928, 0.388638, 0.000001
23352000, -0.589534, 0.280510, 0.000001
23356000, -0.614717, 0.053588, 0.000002
23360000, -0.682655, -0.094188, -0.000000
23364000, -0.823051, -0.176124, -0.000001
23368000, -0.590153, -0.056855, -0.000001
23372000, -0.361615, -0.023420, -0.000000
23376000, -0.312289, 0.235083, 0.000001
23380000, -0.323715, 0.295795, 0.000001
23384000, -0.173967, 0.291154, 0.000002
23388000, -0.196830, 0.388412, -0.000000
23392000, -0.033995, 0.400179, 0.000001
23396000, -0.053907, 0.451112, -0.000000
23400000, 0.092768, 0.343787, 0.000000
23404000, 0.240921, 0.354815, -0.000001
23408000, 0.292595, 0.363588, 0.000002
23412000, 0.269141, 0.321365, -0.000002
23416000, 0.444447, 0.387033, 0.000000
23420000, 0.259336, 0.529649, 0.000000
23424000, 0.171183, 0.410641, 0.000001
23428000, 0.160358, 0.270316, -0.000002
23432000, 0.224815, 0.198161, 0.000001
23436000, 0.224620, 0.366030, -0.000000
23440000, 0.123611, 0.242152, 0.000000
23444000, 0.007851, 0.214875, -0.000002
23448000, -0.032403, 0.400945, 0.000001
23452000, -0.032699, 0.430218, 0.000002
23456000, -0.042803, 0.447076, -0.000000
23460000, -0.156453, 0.274773, 0.000001
23464000, -0.143674, 0.253578, -0.000002
23468000, -0.201189, 0.386021, -0.000000
23472000, -0.448386, 0.136752, 0.000001
23476000, -0.414818, 0.261938, -0.000002
23480000, -0.510432, 0.180154, 0.000002
23484000, -0.350232, 0.260327, 0.000000
23488000, -0.323846, 0.219190, -0.000002
23492000, -0.344897, 0.378684, -0.000001
23496000, -0.351580, 0.406984, -0.000000
23500000, -0.384402, 0.286735, -0.000001
23504000, -0.530718, 0.112050, -0.000001
23508000, -0.499607, 0.140039, -0.000001
23512000, -0.519744, 0.075432, -0.000001
23516000, -0.729405, -0.034420, 0.000001
23520000, -0.761656, -0.004856, 0.000001
23524000, -0.539184, 0.128943, -0.000001
23528000, -0.597445, -0.147026, -0.000001
23532000, -0.662721, -0.148451, 0.000001
23536000, -0.804558, 0.064838, 0.000002
23540000, -0.721091, -0.012656, 0.000001
23544000, -0.756041, -0.261309, -0.000001
23548000, -0.830497, -0.115739, 0.000001
23552000, -0.832777, -0.271137, -0.000001
23556000, -0.656923, -0.323588, -0.000001
23560000, -0.753830, -0.269897, 0.000001
23564000, -0.929171, -0.248545, 0.000000
23568000, -0.820499, -0.148273, 0.000000
23572000, -0.805152, 0.025643, 0.000000
23576000, -0.778595, -0.005521, 0.000001
23580000, -0.770921, -0.073869, -0.000001
23584000, -0.731848, 0.120170, 0.000000
23588000, -0.665886, 0.077385, 0.000002
23592000, -0.655632, 0.228762, 0.000001
23596000, -0.584832, 0.179839, 0.000001
23600000, -0.648441, 0.274400, 0.000004
23604000, -0.573704, 0.514160, -0.000002
23608000, -0.616305, 0.616256, -0.000000
23612000, -0.683054, 0.528075, 0.000001
23616000, -0.605401, 0.539134, 0.000000
23620000, -0.788422, 0.247337, -0.000000
23624000, -0.704774, 0.048196, -0.000001
23628000, -0.625306, -0.263890, 0.000000
23632000, -0.453809, -0.165075, 0.000000
23636000, -0.507141, -0.167900, -0.000000
23640000, -0.223600, -0.075012, -0.000000
23644000, -0.356841, 0.087652, 0.000000
23648000, -0.455021, -0.206628, -0.000001
23652000, -0.437603, -0.168663, -0.000002
23656000, -0.303377, -0.401521, -0.000001
23660000, -0.481265, -0.472690, 0.000000
23664000, -0.368591, -0.223694, 0.000000
23668000, -0.250258, -0.585447, -0.000001
23672000, -0.076020, -0.527385, -0.000001
23676000, -0.176841, -0.482002, -0.000001
23680000, -0.164116, -0.493970, 0.000001
23684000, -0.022391, -0.337559, -0.000001
23688000, -0.103282, -0.280297, -0.000000
23692000, -0.144009, -0.342619, -0.000001
23696000, -0.044545, -0.216556, -0.000000
23700000, 0.018516, -0.142132, 0.000001
23704000, 0.005301, -0.189869, -0.000000
23708000, -0.098700, -0.064238, 0.000001
23712000, -0.136562, 0.030910, -0.000001
23716000, 0.054816, 0.069754, 0.000002
23720000, -0.127278, 0.063296, -0.000000
23724000, -0.081918, 0.146476, -0.000001
23728000, -0.144681, 0.027314, -0.000000
23732000, -0.112420, -0.154822, 0.000001
23736000, -0.150054, 0.028058, -0.000000
23740000, -0.266329, 0.025944, 0.000001
23744000, -0.202850, 0.012347, 0.000001
23748000, -0.188751, -0.122542, 0.000000
23752000, -0.014838, -0.253510, -0.000002
23756000, 0.126114, -0.238818, -0.000001
23760000, 0.163698, -0.128614, -0.000001
23764000, 0.072679, -0.159247, -0.000000
23768000, -0.041780, -0.272183, 0.000001
23772000, 0.187202, -0.199863, 0.000001
23776000, 0.105726, -0.414451, 0.000001
23780000, 0.114660, -0.214053, -0.000001
23784000, -0.014674, -0.190326, 0.000001
23788000, -0.007013, -0.181049, 0.000000
23792000, -0.029249, -0.106824, 0.000001
23796000, -0.046140, -0.211593, 0.000000
23800000, 0.020571, -0.112035, 0.000003
23804000, -0.065811, -0.241906, 0.000000
23808000, -0.295409, -0.087804, 0.000001
23812000, -0.116960, -0.226472, -0.000001
23816000, 0.022805, -0.470589, 0.000001
23820000, -0.115925, -0.377122, 0.000002
23824000, -0.026816, -0.534530, 0.000001
23828000, 0.238763, -0.458042, -0.000001
23832000, 0.061113, -0.567496, 0.000000
23836000, 0.052706, -0.337990, -0.000001
23840000, 0.101020, -0.452733, 0.000001
23844000, -0.025891, -0.401326, 0.000001
23848000, 0.000858, -0.387249, 0.000001
23852000, 0.130775, -0.355499, -0.000001
23856000, 0.060787, -0.373756, -0.000002
23860000, 0.243786, -0.503493, -0.000001
23864000, 0.120024, -0.432707, -0.000001
23868000, 0.139974, -0.310569, -0.000001
23872000, 0.198255, -0.367925, 0.000001
23876000, -0.016980, -0.380766, 0.000001
23880000, 0.010945, -0.289999, 0.000000
23884000, 0.003091, -0.412281, 0.000002
23888000, -0.153946, -0.188889, 0.000000
23892000, -0.155955, -0.273375, -0.000001
23896000, 0.079468, -0.253930, -0.000003
23900000, -0.081116, -0.308242, -0.000001
23904000, 0.035248, -0.489709, 0.000001
23908000, 0.031011, -0.435994, -0.000001
23912000, -0.047088, -0.529112, 0.000000
23916000, -0.174135, -0.426478, -0.000001
23920000, -0.062925, -0.377299, 0.000003
23924000, -0.047555, -0.405808, 0.000000
23928000, 0.051967, -0.352488, -0.000002
23932000, 0.170098, -0.220978, 0.000001
23936000, 0.413884, -0.244905, 0.000001
23940000, 0.271473, -0.290500, -0.000001
23944000, 0.430964, -0.234754, 0.000000
23948000, 0.140855, -0.238670, 0.000002
23952000, 0.183089, -0.297891, -0.000002
23956000, 0.143528, -0.286304, 0.000002
23960000, 0.113707, -0.280265, 0.000000
23964000, 0.323237, -0.263455, -0.000001
23968000, 0.187024, -0.367322, 0.000001
23972000, 0.054954, -0.450152, 0.000002
23976000, -0.025258, -0.506063, 0.000001
23980000, -0.129805, -0.304926, 0.000001
23984000, -0.265195, -0.266840, -0.000000
23988000, -0.165402, -0.260203, -0.000000
23992000, -0.136275, -0.258088, 0.000000
23996000, -0.151503, -0.194263, 0.000001
24000000, -0.112870, -0.113399, 0.000000
24004000, 0.043209, -0.115224, -0.000000
24008000, 0.107346, -0.068860, -0.000001
24012000, 0.183675, -0.261601, -0.000002
24016000, -0.019691, -0.198771, -0.000000
24020000, 0.032395, -0.333835, 0.000001
24024000, -0.017710, -0.372371, 0.000002
24028000, -0.045887, -0.194939, 0.000000
24032000, -0.047762, -0.168323, -0.000001
24036000, 0.015643, -0.117535, -0.000000
24040000, -0.121373, -0.101480, -0.000001
24044000, -0.250295, -0.232321, -0.000000
24048000, -0.090200, -0.111867, 0.000002
24052000, 0.035321, -0.050098, -0.000001
24056000, -0.131652, -0.088544, -0.000003
24060000, -0.172718, -0.023652, 0.000001
24064000, -0.096037, -0.156742, -0.000000
24068000, -0.229313, -0.166633, 0.000001
24072000, -0.178725, 0.022993, -0.000001
24076000, -0.122938, -0.184399, -0.000002
24080000, -0.272713, 0.040575, -0.000000
24084000, -0.302588, -0.010842, -0.000002
24088000, -0.410640, 0.030227, 0.000000
24092000, -0.140109, -0.057427, -0.000001
24096000, -0.250335, -0.197434, 0.000000
24100000, -0.140165, -0.152812, 0.000000
24104000, -0.146785, -0.063555, 0.000001
24108000, -0.031633, -0.133448, 0.000000
24112000, -0.153751, -0.035155, -0.000000
24116000, -0.206556, -0.186304, 0.000001
24120000, -0.218111, -0.225551, -0.000001
24124000, -0.277611, -0.084457, -0.000001
24128000, -0.149140, -0.214891, -0.000002
24132000, -0.238323, -0.227930, 0.000000
24136000, -0.126955, -0.159012, -0.000000
24140000, -0.232328, -0.223958, 0.000000
24144000, -0.129132, -0.358977, 0.000000
24148000, -0.209641, -0.286518, -0.000001
24152000, -0.156365, -0.147329, -0.000000
24156000, -0.224501, -0.142996, 0.000001
24160000, -0.309026, -0.098655, 0.000000
24164000, -0.245803, -0.129344, 0.000001
24168000, -0.274518, -0.006575, -0.000001
24172000, -0.313113, 0.084090, -0.000002
24176000, -0.367336, 0.155834, 0.000000
24180000, -0.395721, 0.060647, 0.000000
24184000, -0.303385, 0.044078, 0.000001
24188000, -0.315528, 0.113153, -0.000001
24192000, -0.176482, 0.034651, -0.000000
24196000, -0.190748, 0.036773, 0.000000
24200000, -0.062659, 0.108486, 0.000001
24204000, 0.017235, 0.083671, 0.000001
24208000, -0.096056, 0.083830, -0.000001
24212000, -0.086155, -0.061802, -0.000001
24216000, -0.180702, 0.029585, -0.000001
24220000, -0.122154, 0.009058, -0.000000
24224000, -0.203955, 0.161817, -0.000001
24228000, -0.209734, 0.204081, -0.000000
24232000, -0.207559, 0.282974, -0.000002
24236000, -0.270971, 0.157723, 0.000001
24240000, -0.108608, 0.010195, 0.000001
24244000, -0.267083, -0.015935, 0.000001
24248000, -0.313896, -0.132413, -0.000002
24252000, -0.391710, 0.053546, 0.000002
24256000, -0.345701, 0.250256, -0.000001
24260000, -0.427882, -0.052681, -0.000000
24264000, -0.373268, -0.147455, -0.000001
24268000, -0.553168, 0.005333, -0.000003
24272000, -0.361640, -0.091268, -0.000002
24276000, -0.400786, -0.083640, -0.000000
24280000, -0.366491, -0.235835, 0.000000
24284000, -0.512884, -0.065896, 0.000001
24288000, -0.458932, -0.162117, 0.000001
24292000, -0.450170, 0.003491, 0.000001
24296000, -0.515392, -0.292142, -0.000002
24300000, -0.523925, -0.338931, 0.000001
24304000, -0.420598, -0.355430, 0.000001
24308000, -0.580823, -0.186191, 0.000000
24312000, -0.300332, -0.267185, -0.000001
24316000, -0.363472, -0.217030, 0.000001
24320000, -0.442908, -0.190182, 0.000001
24324000, -0.434428, -0.174781, 0.000001
24328000, -0.361583, -0.341458, -0.000000
24332000, -0.303888, -0.159276, -0.000000
24336000, -0.297121, -0.214081, 0.000001
24340000, -0.455252, -0.205540, 0.000002
24344000, -0.537056, -0.308241, -0.000000
24348000, -0.499378, -0.237974, 0.000000
24352000, -0.435014, -0.199748, 0.000003
24356000, -0.392512, -0.088533, -0.000003
24360000, -0.222076, -0.192617, 0.000002
24364000, -0.208192, -0.147323, 0.000001
24368000, -0.352812, -0.165834, -0.000001
24372000, -0.306129, -0.308823, -0.000000
24376000, -0.223185, -0.233665, -0.000001
24380000, -0.171427, -0.092579, 0.000001
24384000, -0.059824, -0.219133, -0.000001
24388000, -0.109436, -0.253089, 0.000000
24392000, -0.195106, -0.336090, -0.000000
24396000, -0.243423, -0.440358, -0.000001
24400000, -0.097432, -0.591553, 0.000001
24404000, -0.273206, -0.493076, 0.000000
24408000, -0.265684, -0.592797, -0.000001
24412000, 0.009617, -0.671617, -0.000001
24416000, 0.144205, -0.548125, -0.000000
24420000, 0.022805, -0.525431, 0.000001
24424000, 0.189433, -0.549853, -0.000000
24428000, 0.080718, -0.477507, -0.000003
24432000, 0.086320, -0.535318, 0.000002
24436000, -0.127244, -0.615514, 0.000002
24440000, -0.033988, -0.554653, -0.000000
24444000, -0.017908, -0.679062, 0.000000
24448000, -0.196022, -0.581412, 0.000001
24452000, -0.113784, -0.540435, 0.000000
24456000, -0.066079, -0.530395, 0.000001
24460000, 0.033619, -0.545712, -0.000003
24464000, 0.092984, -0.722379, 0.000000
24468000, -0.097749, -0.556734, -0.000001
24472000, 0.156322, -0.586026, -0.000000
24476000, 0.296942, -0.619024, 0.000001
24480000, 0.217920, -0.632997, -0.000001
24484000, 0.121065, -0.602981, 0.000000
24488000, 0.000914, -0.566913, 0.000001
24492000, 0.207200, -0.439190, 0.000001
24496000, 0.248758, -0.470196, 0.000001
24500000, 0.310955, -0.381165, -0.000002
24504000, 0.054392, -0.496330, -0.000001
24508000, -0.035132, -0.428006, 0.000001
24512000, -0.158120, -0.520796, 0.000001
24516000, -0.000646, -0.545118, -0.000001
24520000, -0.096415, -0.475475, 0.000001
24524000, 0.077424, -0.461383, 0.000001
24528000, 0.065979, -0.510096, -0.000001
24532000, 0.288879, -0.463444, 0.000000
24536000, 0.271040, -0.390345, 0.000001
24540000, 0.282349, -0.434034, -0.000000
24544000, 0.250432, -0.596895, 0.000001
24548000, 0.212405, -0.388909, 0.000002
24552000, 0.266117, -0.426728, 0.000001
24556000, 0.257096, -0.421680, -0.000001
24560000, 0.418196, -0.405389, 0.000004
24564000, 0.333316, -0.603256, -0.000002
24568000, 0.033827, -0.813317, 0.000001
24572000, 0.004919, -0.771737, -0.000000
24576000, 0.015738, -0.642405, -0.000002
24580000, -0.147636, -0.580488, -0.000000
24584000, -0.129267, -0.355359, 0.000001
24588000, -0.390009, -0.401221, 0.000000
24592000, -0.259323, -0.514835, 0.000000
24596000, -0.193218, -0.374846, -0.000000
24600000, -0.207112, -0.146265, 0.000002
24604000, -0.205228, -0.262713, -0.000001
24608000, -0.059326, -0.306490, 0.000000
24612000, 0.020299, -0.322244, 0.000002
24616000, 0.106397, -0.378438, 0.000000
24620000, 0.073577, -0.563500, 0.000001
24624000, -0.093327, -0.681710, 0.000000
24628000, -0.115266, -0.399295, 0.000001
24632000, -0.076268, -0.280721, -0.000000
24636000, 0.040243, -0.168757, 0.000000
24640000, 0.289490, -0.103767, 0.000003
24644000, -0.066945, -0.079635, -0.000001
24648000, -0.067969, -0.325162, 0.000000
24652000, -0.044059, -0.193952, 0.000000
24656000, -0.075681, -0.273088, 0.000001
24660000, 0.047958, -0.328854, -0.000002
24664000, -0.011929, -0.400505, 0.000001
24668000, -0.020306, -0.417195, 0.000001
24672000, 0.071960, -0.176510, 0.000001
24676000, -0.082622, -0.269964, 0.000002
24680000, -0.025713, -0.293801, 0.000001
24684000, -0.169282, -0.324701, 0.000001
24688000, -0.098313, -0.269697, 0.000001
24692000, 0.075739, -0.350784, -0.000000
24696000, -0.063464, -0.506949, -0.000002
24700000, 0.020056, -0.394341, -0.000001
24704000, 0.065602, -0.484237, 0.000003
24708000, 0.073423, -0.566858, 0.000001
24712000, -0.040475, -0.666564, -0.000001
24716000, 0.046366, -0.588322, -0.000002
24720000, 0.083853, -0.757401, -0.000003
24724000, 0.244374, -0.847613, 0.000000
24728000, 0.099323, -0.832181, -0.000000
24732000, 0.100456, -0.591598, 0.000004
24736000, -0.199810, -0.504254, 0.000003
24740000, -0.076576, -0.535391, -0.000001
24744000, -0.063270, -0.369149, 0.000001
24748000, 0.067635, -0.499852, -0.000001
24752000, 0.124089, -0.607092, -0.000001
24756000, 0.070498, -0.561920, 0.000000
24760000, -0.077769, -0.502989, -0.000001
24764000, 0.041136, -0.440559, -0.000000
24768000, -0.031906, -0.271331, -0.000001
24772000, -0.037254, -0.571189, 0.000002
24776000, 0.019325, -0.473398, -0.000000
24780000, -0.173328, -0.598392, -0.000001
24784000, -0.252334, -0.605020, 0.000000
24788000, 0.037843, -0.574375, 0.000001
24792000, 0.018250, -0.463494, 0.000001
24796000, 0.104909, -0.375047, 0.000001
24800000, -0.045919, -0.453098, -0.000002
24804000, 0.039119, -0.443670, 0.000002
24808000, -0.116452, -0.446557, -0.000001
24812000, 0.129831, -0.506132, -0.000000
24816000, 0.002087, -0.471280, -0.000001
24820000, 0.128082, -0.316726, 0.000001
24824000, -0.000639, -0.496591, 0.000001
24828000, -0.128180, -0.588300, 0.000001
24832000, -0.227295, -0.540431, -0.000001
24836000, -0.270486, -0.401659, 0.000001
24840000, -0.189087, -0.302036, -0.000000
24844000, -0.074774, -0.188637, -0.000001
24848000, -0.105482, -0.378559, 0.000002
24852000, -0.040303, -0.406359, -0.000002
24856000, 0.080036, -0.417309, 0.000002
24860000, 0.100341, -0.595580, 0.000002
24864000, 0.043245, -0.559258, 0.000001
24868000, 0.019139, -0.550015, -0.000001
24872000, 0.096693, -0.461728, 0.000000
24876000, -0.077932, -0.466821, 0.000000
24880000, -0.039300, -0.351121, -0.000003
24884000, -0.184328, -0.062262, -0.000001
24888000, -0.080003, -0.144696, -0.000001
24892000, 0.007710, -0.369434, -0.000000
24896000, 0.110367, -0.197032, 0.000001
24900000, 0.237264, -0.158883, -0.000000
24904000, 0.221186, -0.198910, -0.000000
24908000, 0.075816, 0.029862, -0.000001
24912000, 0.034642, 0.052328, 0.000001
24916000, 0.293347, 0.026641, 0.000000
24920000, 0.209483, 0.031388, 0.000000
24924000, 0.354144, -0.009468, 0.000000
24928000, 0.338766, -0.001816, -0.000000
24932000, 0.146618, -0.210531, 0.000001
24936000, 0.167253, -0.109202, -0.000001
24940000, 0.105215, -0.098781, -0.000001
24944000, 0.156624, -0.242434, -0.000000
24948000, 0.167948, -0.214856, -0.000000
24952000, 0.443515, -0.272432, -0.000000
24956000, 0.551022, -0.220054, 0.000000
24960000, 0.270313, -0.311708, 0.000000
24964000, 0.317092, -0.156436, -0.000001
24968000, 0.426605, -0.333744, -0.000002
24972000, 0.183533, 0.051077, 0.000001
24976000, 0.223841, -0.017443, -0.000003
24980000, 0.178987, -0.207145, -0.000000
24984000, 0.163289, -0.137855, 0.000002
24988000, 0.019257, -0.077099, -0.000001
24992000, 0.004317, -0.058911, -0.000000
24996000, 0.111663, -0.017497, 0.000001
25000000, -0.050898, -0.138455, -0.000002
25004000, 0.215397, -0.153431, 0.000003
25008000, 0.180145, -0.064237, 0.000001
25012000, 0.333264, -0.133247, 0.000001
25016000, 0.420422, -0.120686, -0.000001
25020000, 0.420411, -0.057434, 0.000001
25024000, 0.355011, -0.207131, -0.000001
25028000, 0.457902, -0.143788, 0.000000
25032000, 0.308473, -0.220849, -0.000001
25036000, 0.392484, -0.017596, 0.000001
25040000, 0.469231, -0.073627, 0.000002
25044000, 0.362241, 0.034444, 0.000000
25048000, 0.405065, -0.102884, 0.000001
25052000, 0.224914, -0.097411, -0.000001
25056000, 0.301593, -0.035047, 0.000001
25060000, 0.309699, -0.103654, -0.000002
25064000, 0.434700, -0.037493, -0.000001
25068000, 0.187690, -0.178628, -0.000002
25072000, 0.325352, -0.281022, 0.000001
25076000, 0.352772, -0.232574, -0.000002
25080000, 0.375903, -0.233260, -0.000001
25084000, 0.285354, -0.312299, 0.000001
25088000, 0.235073, -0.143452, -0.000000
25092000, 0.192341, -0.053647, 0.000002
25096000, 0.360260, -0.126105, 0.000001
25100000, 0.422916, -0.077999, 0.000000
25104000, 0.481641, -0.144402, 0.000000
25108000, 0.192927, -0.155710, -0.000001
25112000, 0.262632, -0.175977, 0.000002
25116000, 0.291145, -0.209245, -0.000002
25120000, 0.187325, -0.324773, 0.000000
25124000, 0.204025, -0.313641, 0.000001
25128000, 0.300506, -0.285092, 0.000001
25132000, 0.328742, -0.234814, -0.000001
25136000, 0.570434, -0.329431, -0.000002
25140000, 0.549508, -0.245649, -0.000001
25144000, 0.381506, -0.329233, 0.000001
25148000, 0.626979, -0.347705, 0.000001
25152000, 0.540152, -0.379942, -0.000000
25156000, 0.589747, -0.293791, 0.000000
25160000, 0.551334, -0.265379, -0.000000
25164000, 0.571758, -0.356976, 0.000000
25168000, 0.526199, -0.415375, 0.000000
25172000, 0.460046, -0.456031, -0.000002
25176000, 0.251601, -0.642439, 0.000001
25180000, 0.625903, -0.503800, 0.000000
25184000, 0.291341, -0.623831, -0.000001
25188000, 0.343896, -0.425862, -0.000001
25192000, 0.350019, -0.431093, 0.000001
25196000, 0.510321, -0.430818, 0.000002
25200000, 0.608782, -0.249566, 0.000001
25204000, 0.572253, 0.012430, 0.000001
25208000, 0.737569, 0.027983, -0.000001
25212000, 0.763370, 0.050450, 0.000002
25216000, 0.605006, -0.105718, -0.000000
25220000, 0.409780, -0.225151, -0.000001
25224000, 0.688670, -0.111442, -0.000001
25228000, 0.642392, -0.097942, 0.000001
25232000, 0.668728, -0.230360, 0.000000
25236000, 0.670696, 0.004112, 0.000001
25240000, 0.786171, 0.184644, -0.000000
25244000, 0.746758, 0.170970, 0.000000
25248000, 0.619800, 0.127009, 0.000001
25252000, 0.658268, 0.125746, 0.000001
25256000, 0.671681, 0.270977, 0.000001
25260000, 0.735096, 0.203306, -0.000001
25264000, 0.720711, -0.005909, -0.000001
25268000, 0.699893, 0.030797, 0.000000
25272000, 0.718586, 0.146373, -0.000002
25276000, 0.487691, 0.128417, 0.000001
25280000, 0.566985, 0.155134, -0.000000
25284000, 0.554292, 0.279651, -0.000000
25288000, 0.629255, 0.364084, 0.000003
25292000, 0.714360, 0.220942, 0.000002
25296000, 0.670147, 0.388334, -0.000000
25300000, 0.585380, 0.318308, 0.000001
25304000, 0.355781, 0.373528, 0.000001
25308000, 0.338013, 0.325167, -0.000001
25312000, 0.522339, 0.445009, 0.000001
25316000, 0.588068, 0.481619, -0.000000
25320000, 0.663450, 0.261565, 0.000003
25324000, 0.710363, 0.053511, 0.000000
25328000, 0.749475, 0.068601, 0.000000
25332000, 0.653245, 0.080911, -0.000000
25336000, 0.659126, 0.040513, -0.000001
25340000, 0.663098, 0.229703, -0.000000
25344000, 0.673818, 0.467259, -0.000001
25348000, 0.601835, 0.433830, -0.000000
25352000, 0.478934, 0.589485, 0.000000
25356000, 0.395888, 0.578754, 0.000000
25360000, 0.729684, 0.350224, 0.000001
25364000, 0.510220, 0.506044, 0.000000
25368000, 0.414127, 0.323920, 0.000000
25372000, 0.429108, 0.420278, 0.000003
25376000, 0.323112, 0.415431, -0.000001
25380000, 0.396208, 0.142434, 0.000000
25384000, 0.467545, 0.120560, 0.000001
25388000, 0.522825, 0.066298, -0.000000
25392000, 0.602510, 0.113126, 0.000002
25396000, 0.523173, 0.244275, 0.000001
25400000, 0.499767, 0.039215, 0.000002
25404000, 0.584356, -0.106897, -0.000002
25408000, 0.438699, -0.127908, -0.000001
25412000, 0.362218, -0.005663, 0.000003
25416000, 0.393794, -0.208700, 0.000003
25420000, 0.475078, -0.143482, -0.000000
25424000, 0.444497, -0.103182, 0.000000
25428000, 0.355246, -0.103358, -0.000000
25432000, 0.539884, -0.200550, -0.000000
25436000, 0.604244, -0.267761, 0.000000
25440000, 0.619051, -0.072224, 0.000001
25444000, 0.517749, 0.081994, -0.000001
25448000, 0.457223, -0.019149, -0.000000
25452000, 0.487819, 0.179627, 0.000001
25456000, 0.527071, -0.241902, -0.000001
25460000, 0.541232, -0.144090, -0.000002
25464000, 0.488762, -0.112683, -0.000000
25468000, 0.442407, 0.067372, 0.000002
25472000, 0.341381, 0.099439, 0.000003
25476000, 0.352305, 0.010139, -0.000000
25480000, 0.382580, 0.188460, -0.000001
25484000, 0.663851, 0.151125, -0.000003
25488000, 0.615831, 0.189995, -0.000001
25492000, 0.619484, 0.102384, 0.000001
25496000, 0.414759, -0.022825, -0.000001
25500000, 0.407622, 0.063100, -0.000000
25504000, 0.712892, 0.043389, -0.000001
25508000, 0.587151, -0.141365, -0.000000
25512000, 0.746181, 0.020585, -0.000002
25516000, 0.842077, -0.002476, 0.000002
25520000, 0.703597, -0.113441, 0.000000
25524000, 0.727014, -0.003378, -0.000001
25528000, 0.597169, 0.102137, 0.000001
25532000, 0.617806, -0.031041, -0.000003
25536000, 0.576827, 0.013552, -0.000001
25540000, 0.596594, -0.147343, -0.000001
25544000, 0.618403, -0.152786, 0.000000
25548000, 0.643115, -0.269223, 0.000001
25552000, 0.511584, -0.303216, 0.000001
25556000, 0.529993, -0.305465, -0.000000
25560000, 0.456004, -0.197022, 0.000000
25564000, 0.424858, -0.352132, -0.000001
25568000, 0.243984, -0.349463, 0.000000
25572000, 0.271011, -0.357144, -0.000001
25576000, 0.034046, -0.336033, 0.000001
25580000, -0.032622, -0.550689, -0.000002
25584000, 0.134957, -0.393150, -0.000001
25588000, 0.106325, -0.318286, -0.000001
25592000, 0.179828, -0.578510, 0.000001
25596000, -0.311008, -0.555009, -0.000002
25600000, -0.223789, -0.314409, -0.000001
25604000, -0.230218, -0.514309, -0.000001
25608000, -0.134862, -0.372862, -0.000001
25612000, -0.077532, -0.573821, -0.000000
25616000, 0.151481, -0.695205, -0.000002
25620000, 0.242300, -0.722840, 0.000003
25624000, 0.428728, -0.647997, -0.000001
25628000, 0.246180, -0.533095, -0.000000
25632000, 0.144165, -0.569914, -0.000001
25636000, 0.096890, -0.594939, 0.000002
25640000, 0.513719, -0.529311, 0.000001
25644000, 0.241950, -0.643096, 0.000000
25648000, 0.076612, -0.668533, -0.000000
25652000, 0.109559, -0.673935, 0.000002
25656000, 0.060793, -0.719484, -0.000000
25660000, -0.042396, -0.734574, -0.000001
25664000, 0.157673, -0.688110, -0.000002
25668000, 0.110922, -0.784850, 0.000001
25672000, 0.103868, -0.774831, 0.000000
25676000, 0.166142, -0.584913, -0.000000
25680000, 0.151579, -0.748839, 0.000001
25684000, 0.319179, -0.559516, 0.000001
25688000, 0.182640, -0.764633, -0.000000
25692000, 0.135716, -0.920330, -0.000000
25696000, -0.031065, -0.845665, -0.000002
25700000, -0.244475, -0.829275, -0.000000
25704000, 0.006950, -0.889997, 0.000001
25708000, -0.062741, -0.958973, -0.000000
25712000, -0.005533, -0.895143, 0.000002
25716000, 0.285621, -0.912648, 0.000001
25720000, 0.414094, -0.711804, -0.000000
25724000, 0.157802, -0.792943, -0.000000
25728000, 0.230319, -0.913209, 0.000000
25732000, 0.245277, -0.848463, -0.000000
25736000, 0.076655, -0.711368, 0.000000
25740000, 0.102374, -0.751008, -0.000001
25744000, 0.148615, -0.696702, -0.000002
25748000, 0.033858, -0.641728, 0.000001
25752000, -0.198043, -0.629623, 0.000001
25756000, -0.246916, -0.635574, -0.000001
25760000, -0.193754, -0.362249, 0.000001
25764000, -0.287299, -0.383984, -0.000001
25768000, -0.381907, -0.246014, 0.000001
25772000, -0.385769, -0.324850, 0.000001
25776000, -0.335971, -0.172895, -0.000001
25780000, -0.406548, -0.276046, -0.000001
25784000, -0.441455, -0.108684, 0.000001
25788000, -0.539084, -0.027445, 0.000000
25792000, -0.467080, 0.157446, -0.000000
25796000, -0.458578, -0.086229, 0.000002
25800000, -0.521924, -0.267994, -0.000001
25804000, -0.517825, -0.373472, 0.000000
25808000, -0.477836, -0.188185, 0.000000
25812000, -0.434805, -0.077984, -0.000001
25816000, -0.735681, 0.018326, -0.000001
25820000, -0.586738, -0.183268, -0.000001
25824000, -0.618979, -0.160680, -0.000001
25828000, -0.560059, 0.308116, 0.000002
25832000, -0.558823, 0.366874, -0.000002
25836000, -0.503239, 0.228212, 0.000002
25840000, -0.644298, -0.090407, 0.000000
25844000, -0.714499, -0.094201, 0.000001
25848000, -0.558299, 0.042400, -0.000000
25852000, -0.530389, 0.144686, 0.000000
25856000, -0.599900, 0.269142, -0.000003
25860000, -0.491518, 0.037216, 0.000002
25864000, -0.695418, -0.027134, 0.000001
25868000, -0.499235, -0.012555, -0.000000
25872000, -0.550251, -0.072768, -0.000000
25876000, -0.624068, 0.035720, 0.000000
25880000, -0.496734, 0.159942, 0.000000
25884000, -0.565594, 0.363942, -0.000001
25888000, -0.679258, 0.175627, 0.000002
25892000, -0.638585, 0.047909, -0.000000
25896000, -0.547351, 0.122834, 0.000001
25900000, -0.307829, 0.185591, 0.000000
25904000, -0.276590, 0.160958, 0.000002
25908000, -0.211585, 0.063587, 0.000001
25912000, -0.046469, 0.018732, 0.000001
25916000, -0.148879, 0.171818, 0.000000
25920000, -0.056829, 0.055674, -0.000001
25924000, -0.136142, 0.131702, 0.000001
25928000, -0.074302, 0.137781, 0.000001
25932000, -0.207931, 0.160878, 0.000002
25936000, -0.238820, 0.248810, -0.000000
25940000, -0.346597, 0.238506, 0.000001
25944000, -0.071241, 0.070519, 0.000000
25948000, -0.335200, 0.176565, 0.000001
25952000, -0.343147, -0.044346, 0.000001
25956000, -0.473614, -0.240019, 0.000000
25960000, -0.353219, -0.207584, 0.000001
25964000, -0.524353, -0.028299, 0.000001
25968000, -0.506745, 0.004106, -0.000001
25972000, -0.484840, 0.155428, 0.000001
25976000, -0.478829, 0.234021, 0.000000
25980000, -0.397170, 0.401305, -0.000001
25984000, -0.322565, 0.402362, -0.000002
25988000, -0.487221, 0.390890, 0.000000
25992000, -0.436272, 0.329037, 0.000000
25996000, -0.669089, 0.486772, 0.000001
26000000, -0.656031, 0.428291, 0.000001
26004000, -0.635394, 0.620453, 0.000000
26008000, -0.593409, 0.465658, 0.000000
26012000, -0.580397, 0.479900, -0.000001
26016000, -0.528780, 0.568430, 0.000001
26020000, -0.550745, 0.555750, 0.000001
26024000, -0.422924, 0.561236, 0.000002
26028000, -0.523139, 0.396155, 0.000001
26032000, -0.533249, 0.326989, -0.000000
26036000, -0.765874, 0.223301, -0.000003
26040000, -0.681685, 0.357717, 0.000000
26044000, -0.673957, 0.243250, 0.000002
26048000, -0.482181, 0.355434, -0.000000
26052000, -0.505538, 0.463305, -0.000001
26056000, -0.542667, 0.460877, 0.000002
26060000, -0.605039, 0.299329, 0.000001
26064000, -0.948307, 0.156173, -0.000001
26068000, -0.741065, 0.009082, -0.000001
26072000, -0.744374, -0.274788, -0.000002
26076000, -0.691392, -0.241940, -0.000001
26080000, -0.505375, -0.326885, -0.000000
26084000, -0.324488, -0.529239, -0.000001
26088000, -0.358709, -0.437175, -0.000001
26092000, -0.286525, -0.348554, 0.000000
26096000, -0.329263, -0.335236, -0.000001
26100000, -0.293296, -0.392457, -0.000000
26104000, -0.143368, -0.532761, -0.000000
26108000, -0.158856, -0.272600, -0.000000
26112000, -0.186495, -0.211874, -0.000000
26116000, -0.218107, -0.288386, 0.000001
26120000, -0.217173, -0.174506, 0.000000
26124000, -0.205280, -0.071860, 0.000000
26128000, -0.144568, -0.214884, -0.000000
26132000, -0.317571, -0.276665, -0.000002
26136000, -0.443903, -0.194114, 0.000001
26140000, -0.372985, -0.149136, -0.000000
26144000, -0.355394, -0.097526, -0.000001
26148000, -0.281369, -0.038647, 0.000001
26152000, -0.597841, -0.108652, 0.000001
26156000, -0.621633, 0.034024, 0.000000
26160000, -0.541019, 0.046004, 0.000000
26164000, -0.515558, 0.035707, -0.000000
26168000, -0.543160, -0.025585, -0.000001
26172000, -0.596391, -0.041840, 0.000000
26176000, -0.711945, 0.053344, -0.000001
26180000, -0.655576, -0.004775, 0.000000
26184000, -0.631911, 0.078942, 0.000001
26188000, -0.771591, -0.184079, -0.000001
26192000, -0.662729, -0.141425, -0.000000
26196000, -0.741619, 0.051277, 0.000001
26200000, -0.658337, 0.145252, -0.000001
26204000, -0.469938, -0.018641, 0.000000
26208000, -0.394621, 0.059913, 0.000000
26212000, -0.543529, 0.031278, -0.000000
26216000, -0.725451, 0.111024, -0.000001
26220000, -0.737134, 0.166126, 0.000001
26224000, -0.700379, -0.042210, -0.000000
26228000, -0.737361, 0.063722, -0.000001
26232000, -0.782966, -0.150813, 0.000000
26236000, -0.728507, -0.047321, -0.000001
26240000, -0.778840, -0.059454, 0.000001
26244000, -0.815831, -0.276448, -0.000001
26248000, -0.613831, -0.306671, -0.000000
26252000, -0.571263, -0.278620, 0.000000
26256000, -0.374107, -0.402935, -0.000001
26260000, -0.682466, -0.417304, -0.000001
26264000, -0.580804, -0.350133, -0.000002
26268000, -0.623150, -0.407762, -0.000001
26272000, -0.362091, -0.460138, -0.000001
26276000, -0.228997, -0.547746, 0.000001
26280000, -0.461846, -0.587705, 0.000001
26284000, -0.290238, -0.474749, -0.000000
26288000, -0.178487, -0.461357, 0.000002
26292000, -0.282981, -0.597813, 0.000001
26296000, -0.043593, -0.683755, 0.000002
26300000, 0.084934, -0.669054, 0.000001
26304000, 0.379561, -0.670426, -0.000000
26308000, 0.443478, -0.683573, -0.000000
26312000, 0.439149, -0.632462, -0.000000
26316000, 0.562880, -0.511392, 0.000001
26320000, 0.563985, -0.517021, -0.000000
26324000, 0.584664, -0.446356, 0.000000
26328000, 0.581891, -0.486963, 0.000001
26332000, 0.494563, -0.506927, 0.000002
26336000, 0.526573, -0.494141, 0.000001
26340000, 0.596945, -0.319921, -0.000001
26344000, 0.510363, -0.437015, 0.000001
26348000, 0.659329, -0.426278, -0.000001
26352000, 0.833899, -0.423369, -0.000002
26356000, 0.781055, -0.190182, 0.000001
26360000, 0.700895, -0.181454, -0.000001
26364000, 0.799887, -0.270613, -0.000001
26368000, 0.795784, -0.415846, 0.000002
26372000, 0.858205, -0.274920, 0.000000
26376000, 0.813568, -0.179813, 0.000000
26380000, 0.831477, -0.443286, -0.000001
26384000, 0.807943, -0.337236, -0.000001
26388000, 0.802901, -0.293404, -0.000000
26392000, 0.765323, -0.196620, 0.000002
26396000, 0.552563, -0.555170, -0.000001
26400000, 0.423254, -0.574213, 0.000000
26404000, 0.375882, -0.565059, -0.000000
26408000, 0.479432, -0.679619, 0.000002
26412000, 0.457448, -0.371802, -0.000000
26416000, 0.527302, -0.325335, 0.000001
26420000, 0.524453, -0.462848, -0.000002
26424000, 0.344744, -0.512443, -0.000000
26428000, 0.054506, -0.773374, -0.000002
26432000, -0.016407, -0.745322, 0.000000
26436000, -0.010326, -0.698585, 0.000001
26440000, 0.033933, -0.478821, -0.000001
26444000, 0.067415, -0.583470, 0.000001
26448000, 0.047482, -0.605984, 0.000001
26452000, 0.223869, -0.692444, 0.000000
26456000, 0.415366, -0.434708, -0.000000
26460000, 0.763765, -0.314929, 0.000001
26464000, 0.600360, -0.590741, -0.000001
26468000, 0.656202, -0.408294, -0.000001
26472000, 0.437762, -0.493506, -0.000001
26476000, 0.362599, -0.464830, -0.000000
26480000, 0.342110, -0.314976, 0.000002
26484000, 0.283999, -0.432468, -0.000002
26488000, 0.518490, -0.409291, -0.000001
26492000, 0.640032, -0.290819, -0.000002
26496000, 0.415658, -0.457123, -0.000000
26500000, 0.373194, -0.502542, 0.000002
26504000, 0.091403, -0.773180, -0.000001
26508000, 0.020372, -0.474244, -0.000001
26512000, -0.211295, -0.509647, 0.000002
26516000, -0.250350, -0.593237, 0.000002
26520000, -0.366120, -0.561796, 0.000000
26524000, -0.270504, -0.291949, -0.000002
26528000, -0.466965, -0.266366, -0.000001
26532000, -0.381843, -0.456336, 0.000001
26536000, -0.275481, -0.382632, -0.000003
26540000, -0.267560, -0.251000, 0.000001
26544000, -0.254053, -0.112805, 0.000000
26548000, -0.325200, -0.277409, -0.000001
26552000, -0.349751, -0.323169, -0.000001
26556000, -0.444583, -0.266866, -0.000001
26560000, -0.263494, -0.276204, 0.000000
26564000, -0.344684, -0.342289, -0.000002
26568000, -0.324852, -0.494001, -0.000001
26572000, -0.428662, -0.500762, 0.000001
26576000, -0.252832, -0.399678, 0.000001
26580000, -0.161121, -0.356371, -0.000002
26584000, -0.264674, -0.377421, -0.000000
26588000, -0.273078, -0.518425, -0.000001
26592000, -0.252295, -0.466968, 0.000001
26596000, -0.239976, -0.535824, 0.000001
26600000, -0.040041, -0.220865, -0.000001
26604000, -0.021486, -0.174381, 0.000000
26608000, 0.125307, -0.370655, -0.000000
26612000, 0.022897, -0.370663, -0.000001
26616000, -0.069962, -0.302699, 0.000001
26620000, -0.103420, -0.441237, 0.000001
26624000, -0.138884, -0.497721, -0.000001
26628000, -0.141718, -0.351215, 0.000000
26632000, 0.020469, -0.512870, -0.000002
26636000, 0.011497, -0.528544, -0.000001
26640000, 0.020411, -0.647860, -0.000002
26644000, 0.203981, -0.845270, -0.000001
26648000, 0.205632, -0.628547, 0.000001
26652000, 0.364643, -0.692530, -0.000001
26656000, 0.308335, -0.689272, 0.000001
26660000, 0.052767, -0.579120, -0.000001
26664000, 0.118975, -0.668307, 0.000001
26668000, -0.202540, -0.760795, -0.000001
26672000, -0.049032, -0.555394, 0.000000
26676000, -0.134433, -0.613098, 0.000002
26680000, -0.090886, -0.707630, -0.000000
26684000, 0.051730, -0.523520, -0.000001
26688000, 0.031742, -0.429152, -0.000001
26692000, -0.089129, -0.399311, -0.000002
26696000, -0.028847, -0.420559, 0.000002
26700000, -0.003903, -0.424975, 0.000000
26704000, 0.177080, -0.212486, 0.000002
26708000, 0.186916, -0.278666, 0.000001
26712000, 0.124252, -0.327163, 0.000000
26716000, 0.002122, -0.339804, -0.000001
26720000, 0.235824, -0.295277, 0.000000
26724000, 0.223048, -0.440034, 0.000002
26728000, 0.243820, -0.540959, 0.000002
26732000, 0.182079, -0.572038, -0.000001
26736000, 0.282049, -0.572259, -0.000002
26740000, 0.416466, -0.451453, 0.000001
26744000, 0.587718, -0.394796, 0.000001
26748000, 0.589385, -0.367036, 0.000000
26752000, 0.496718, -0.248583, -0.000000
26756000, 0.282539, -0.354642, 0.000001
26760000, 0.219164, -0.304396, -0.000000
26764000, 0.110415, -0.338436, 0.000000
26768000, 0.010438, -0.324398, -0.000000
26772000, -0.186583, -0.426447, -0.000004
26776000, -0.106068, -0.274071, -0.000001
26780000, -0.312044, -0.263272, 0.000002
26784000, -0.243079, 0.070201, -0.000001
26788000, -0.246224, 0.032543, 0.000001
26792000, -0.349773, -0.065452, 0.000001
26796000, -0.616338, 0.076290, 0.000000
26800000, -0.638617, -0.197586, -0.000000
26804000, -0.512161, 0.052846, 0.000003
26808000, -0.540283, -0.045713, 0.000003
26812000, -0.537985, -0.160547, -0.000001
26816000, -0.566538, 0.188473, -0.000003
26820000, -0.610949, -0.071260, 0.000001
26824000, -0.538485, 0.129807, -0.000001
26828000, -0.510954, -0.086523, 0.000000
26832000, -0.470073, 0.151438, 0.000001
26836000, -0.379493, 0.241544, -0.000003
26840000, -0.431043, 0.127967, -0.000001
26844000, -0.376046, 0.100634, -0.000000
26848000, -0.551769, -0.019146, -0.000000
26852000, -0.570642, -0.146067, -0.000000
26856000, -0.679568, -0.134294, 0.000000
26860000, -0.689186, -0.172396, -0.000001
26864000, -0.639047, -0.089320, -0.000001
26868000, -0.467496, 0.059007, -0.000004
26872000, -0.452585, 0.096729, -0.000001
26876000, -0.524660, 0.134991, 0.000000
26880000, -0.490892, 0.118080, 0.000000
26884000, -0.470753, 0.023701, -0.000000
26888000, -0.626673, 0.039354, 0.000000
26892000, -0.769586, -0.033734, -0.000002
26896000, -0.625668, 0.143418, 0.000002
26900000, -0.672420, 0.116324, -0.000000
26904000, -0.590972, -0.010648, 0.000000
26908000, -0.415283, -0.130183, -0.000001
26912000, -0.420992, 0.068686, 0.000002
26916000, -0.526193, 0.033911, -0.000001
26920000, -0.439851, -0.014088, 0.000000
26924000, -0.317941, 0.093406, -0.000001
26928000, -0.308046, -0.018380, 0.000003
26932000, -0.398506, 0.071937, -0.000001
26936000, -0.247496, -0.186164, 0.000001
26940000, -0.307300, -0.291929, 0.000001
26944000, -0.281480, -0.170513, 0.000000
26948000, -0.393122, 0.069069, 0.000000
26952000, -0.407038, -0.007401, 0.000001
26956000, -0.077276, -0.107832, 0.000001
26960000, -0.143335, -0.064495, 0.000002
26964000, -0.129252, 0.169749, -0.000001
26968000, 0.013470, 0.237072, 0.000001
26972000, -0.163000, 0.261947, 0.000001
26976000, -0.291603, 0.134905, 0.000003
26980000, -0.353399, 0.295356, 0.000000
26984000, -0.228089, 0.231252, 0.000000
26988000, -0.362114, 0.221323, -0.000000
26992000, -0.573939, 0.033197, -0.000001
26996000, -0.555900, 0.273943, -0.000000
27000000, -0.441634, 0.402417, 0.000001
27004000, -0.449201, 0.131363, -0.000000
27008000, -0.418956, 0.235990, 0.000000
27012000, -0.225141, 0.125327, 0.000000
27016000, -0.120155, 0.344732, 0.000001
27020000, -0.241701, 0.226707, -0.000001
27024000, -0.249428, 0.152547, -0.000000
27028000, -0.209263, 0.315397, -0.000000
27032000, -0.373583, 0.307048, -0.000002
27036000, -0.228970, 0.353925, -0.000003
27040000, -0.254567, 0.161335, 0.000002
27044000, -0.280852, 0.129220, 0.000000
27048000, -0.075274, 0.456343, 0.000001
27052000, -0.067716, 0.471949, 0.000000
27056000, 0.021109, 0.440205, 0.000001
27060000, -0.032589, 0.420294, 0.000000
27064000, -0.037885, 0.314668, 0.000003
27068000, -0.014505, 0.430631, -0.000001
27072000, 0.134880, 0.409682, 0.000001
27076000, 0.183446, 0.369964, -0.000002
27080000, 0.070115, 0.452673, -0.000000
27084000, 0.099012, 0.561776, 0.000000
27088000, 0.183055, 0.610693, 0.000001
27092000, 0.061872, 0.484161, 0.000001
27096000, 0.066259, 0.425909, -0.000000
27100000, 0.130280, 0.639011, -0.000001
27104000, 0.306724, 0.560261, 0.000001
27108000, 0.324392, 0.417144, 0.000000
27112000, 0.369873, 0.484058, 0.000002
27116000, 0.280205, 0.490374, 0.000001
27120000, 0.262589, 0.585119, -0.000000
27124000, 0.229217, 0.541663, 0.000001
27128000, 0.216987, 0.458611, 0.000001
27132000, 0.152809, 0.558569, -0.000000
27136000, 0.249133, 0.538207, -0.000001
27140000, 0.264046, 0.280719, 0.000002
27144000, 0.443918, 0.398097, -0.000000
27148000, 0.281045, 0.571091, -0.000000
27152000, 0.159277, 0.412558, -0.000001
27156000, 0.272576, 0.577787, 0.000000
27160000, 0.146113, 0.365520, 0.000001
27164000, 0.185912, 0.480369, -0.000001
27168000, 0.210423, 0.500799, -0.000002
27172000, 0.052056, 0.425049, -0.000001
27176000, 0.084881, 0.377500, -0.000001
27180000, -0.126019, 0.386868, 0.000001
27184000, 0.013522, 0.526703, 0.000001
27188000, 0.013120, 0.312494, 0.000000
27192000, 0.055097, 0.436854, -0.000000
27196000, -0.021985, 0.423535, -0.000001
27200000, 0.109291, 0.304261, 0.000000
27204000, -0.159207, 0.190941, -0.000000
27208000, 0.028322, 0.367483, -0.000001
27212000, -0.234096, 0.033433, -0.000000
27216000, -0.238936, 0.087794, -0.000001
27220000, -0.331305, -0.021033, -0.000001
27224000, -0.291779, 0.112072, 0.000001
27228000, -0.189656, 0.272443, 0.000000
27232000, -0.229097, 0.298848, 0.000002
27236000, -0.312621, 0.181526, 0.000001
27240000, -0.282040, 0.233788, -0.000001
27244000, -0.363617, 0.366463, -0.000001
27248000, -0.159129, 0.239344, -0.000000
27252000, -0.369342, 0.322046, -0.000001
27256000, -0.459940, 0.308572, -0.000000
27260000, -0.469360, 0.173122, -0.000001
27264000, -0.674263, 0.053148, -0.000004
27268000, -0.433772, 0.107081, -0.000000
27272000, -0.440770, 0.203654, 0.000001
27276000, -0.362863, 0.064758, 0.000002
27280000, -0.306266, -0.064926, 0.000000
27284000, -0.238601, -0.013986, -0.000001
27288000, -0.117427, 0.104549, 0.000000
27292000, -0.121403, 0.104921, 0.000000
27296000, -0.343331, 0.005717, 0.000002
27300000, -0.340108, -0.071672, 0.000002
27304000, -0.243480, 0.028318, -0.000000
27308000, -0.177723, 0.245937, -0.000000
27312000, -0.043677, 0.265236, 0.000001
27316000, -0.086966, 0.212725, -0.000001
27320000, -0.391664, 0.413594, 0.000002
27324000, -0.219713, 0.411919, 0.000001
27328000, 0.033149, 0.385292, -0.000001
27332000, 0.127327, 0.411906, 0.000001
27336000, 0.118269, 0.312177, 0.000001
27340000, -0.030638, 0.376746, -0.000000
27344000, 0.115848, 0.545955, 0.000001
27348000, -0.199203, 0.508863, -0.000001
27352000, -0.199957, 0.512013, 0.000001
27356000, -0.284808, 0.444932, -0.000000
27360000, -0.341219, 0.431937, -0.000000
27364000, -0.362290, 0.316142, -0.000001
27368000, -0.323436, 0.194274, -0.000000
27372000, -0.228889, 0.269284, -0.000002
27376000, -0.209733, 0.180873, 0.000000
27380000, -0.218681, 0.075220, 0.000001
27384000, -0.107930, -0.087330, -0.000002
27388000, -0.187532, 0.063402, -0.000001
27392000, -0.084289, 0.146683, -0.000000
27396000, 0.025097, 0.294256, 0.000000
27400000, -0.084806, 0.493285, -0.000001
27404000, -0.109231, 0.542179, -0.000001
27408000, -0.141498, 0.459626, -0.000002
27412000, -0.177373, 0.500564, -0.000002
27416000, -0.374675, 0.275812, 0.000001
27420000, -0.396889, 0.434188, 0.000003
27424000, -0.322297, 0.411998, -0.000001
27428000, -0.661497, 0.371513, -0.000003
27432000, -0.520090, 0.396484, -0.000001
27436000, -0.596521, 0.351383, 0.000003
27440000, -0.611459, 0.199217, 0.000001
27444000, -0.248815, 0.426660, 0.000001
27448000, -0.433104, 0.456025, 0.000001
27452000, -0.490100, 0.433649, -0.000001
27456000, -0.576809, 0.459260, -0.000000
27460000, -0.558573, 0.649768, -0.000001
27464000, -0.465357, 0.452253, 0.000000
27468000, -0.525379, 0.610032, 0.000001
27472000, -0.507409, 0.422697, -0.000002
27476000, -0.561981, 0.471312, 0.000001
27480000, -0.595864, 0.507990, 0.000000
27484000, -0.616367, 0.428918, 0.000000
27488000, -0.644623, 0.517365, -0.000000
27492000, -0.509751, 0.535166, 0.000001
27496000, -0.619768, 0.549461, 0.000000
27500000, -0.580359, 0.391847, 0.000002
27504000, -0.540752, 0.458019, -0.000000
27508000, -0.328561, 0.448332, 0.000001
27512000, -0.499606, 0.705197, 0.000000
27516000, -0.285468, 0.859930, -0.000003
27520000, -0.128531, 0.737596, -0.000002
27524000, 0.074166, 0.680698, -0.000000
27528000, 0.095063, 0.742807, 0.000001
27532000, 0.315413, 0.650020, 0.000001
27536000, 0.191350, 0.727146, 0.000002
27540000, 0.475064, 0.586583, 0.000000
27544000, 0.358260, 0.616012, 0.000001
27548000, 0.260557, 0.914333, -0.000000
27552000, 0.154350, 0.807510, -0.000000
27556000, 0.387877, 0.588935, 0.000001
27560000, 0.298511, 0.457411, 0.000001
27564000, 0.279788, 0.360009, 0.000000
27568000, 0.438200, 0.333437, -0.000001
27572000, 0.377210, 0.480036, -0.000001
27576000, 0.348992, 0.458111, -0.000001
27580000, 0.413919, 0.206175, -0.000001
27584000, 0.353757, 0.101248, -0.000001
27588000, 0.450217, 0.056834, 0.000000
27592000, 0.624015, 0.168761, 0.000001
27596000, 0.760221, 0.097935, 0.000001
27600000, 0.681387, -0.004163, 0.000000
27604000, 0.534157, -0.059309, -0.000001
27608000, 0.623557, -0.099831, 0.000002
27612000, 0.708884, -0.342821, -0.000001
27616000, 0.571835, -0.222969, -0.000000
27620000, 0.414680, -0.205162, 0.000000
27624000, 0.519441, -0.297503, -0.000003
27628000, 0.677433, -0.039318, -0.000002
27632000, 0.698455, -0.081911, -0.000001
27636000, 0.570053, -0.111839, 0.000001
27640000, 0.631699, -0.062127, 0.000002
27644000, 0.669498, -0.049153, -0.000001
27648000, 0.372750, 0.085380, -0.000000
27652000, 0.702458, 0.154957, 0.000000
27656000, 0.584851, 0.259165, 0.000001
27660000, 0.352089, 0.395135, -0.000000
27664000, 0.272699, 0.672389, 0.000000
27668000, 0.367665, 0.439631, 0.000001
27672000, 0.445326, 0.450351, -0.000002
27676000, 0.535241, 0.415845, 0.000000
27680000, 0.651156, 0.349826, 0.000001
27684000, 0.472241, 0.296959, 0.000002
27688000, 0.664608, 0.106285, 0.000001
27692000, 0.705747, 0.219077, -0.000001
27696000, 0.599989, 0.011358, 0.000000
27700000, 0.619315, 0.010530, -0.000000
27704000, 0.797238, 0.130916, 0.000000
27708000, 0.929209, 0.157736, -0.000002
27712000, 0.655927, 0.251895, -0.000001
27716000, 0.650225, 0.203878, 0.000001
27720000, 0.500289, 0.238341, 0.000001
27724000, 0.542190, 0.031860, 0.000001
27728000, 0.609728, 0.098037, -0.000001
27732000, 0.513147, 0.001136, -0.000000
27736000, 0.632294, 0.014367, -0.000001
27740000, 0.533278, -0.248309, -0.000001
27744000, 0.320610, 0.155243, -0.000000
27748000, 0.487795, -0.125211, 0.000001
27752000, 0.486373, -0.490774, 0.000001
27756000, 0.451005, -0.189204, 0.000001
27760000, 0.549921, -0.124072, -0.000001
27764000, 0.366889, -0.188254, -0.000001
27768000, 0.531864, -0.043775, 0.000001
27772000, 0.439715, -0.187331, 0.000001
27776000, 0.306495, 0.137044, -0.000001
27780000, 0.288983, 0.253434, -0.000001
27784000, 0.404173, 0.331598, 0.000001
27788000, 0.333053, 0.346854, -0.000001
27792000, 0.353807, 0.431132, -0.000002
27796000, 0.215346, 0.310863, -0.000000
27800000, 0.174957, 0.387283, -0.000001
27804000, 0.111559, 0.354479, 0.000002
27808000, 0.270218, 0.493615, 0.000001
27812000, 0.289042, 0.476211, -0.000001
27816000, 0.097007, 0.444106, 0.000001
27820000, -0.027003, 0.417895, -0.000001
27824000, 0.054654, 0.454484, -0.000001
27828000, -0.040122, 0.418524, 0.000001
27832000, 0.094827, 0.237513, -0.000000
27836000, 0.092028, 0.200589, 0.000001
27840000, 0.018452, 0.422107, -0.000002
27844000, 0.223622, 0.383772, 0.000001
27848000, 0.172192, 0.227103, 0.000001
27852000, 0.192121, 0.193959, 0.000001
27856000, -0.043138, -0.009939, -0.000000
27860000, 0.205866, 0.152831, -0.000000
27864000, 0.035687, 0.073184, -0.000001
27868000, 0.199156, 0.225240, -0.000001
27872000, 0.348315, -0.024375, 0.000003
27876000, 0.463192, 0.242730, 0.000001
27880000, 0.273561, 0.242126, -0.000002
27884000, 0.257101, 0.148896, 0.000001
27888000, 0.486212, -0.002246, -0.000001
27892000, 0.381304, 0.041870, -0.000001
27896000, 0.494311, 0.087624, 0.000001
27900000, 0.199974, 0.172849, -0.000002
27904000, 0.193731, 0.098341, -0.000001
27908000, 0.194645, 0.166873, 0.000000
27912000, 0.268894, 0.349710, -0.000000
27916000, 0.337408, 0.300806, -0.000000
27920000, 0.576687, 0.056113, 0.000000
27924000, 0.453884, -0.064911, 0.000001
27928000, 0.537938, -0.145803, -0.000000
27932000, 0.435674, -0.031472, 0.000002
27936000, 0.518104, -0.028866, 0.000000
27940000, 0.309449, 0.066451, -0.000000
27944000, 0.436626, 0.042626, -0.000002
27948000, 0.468377, -0.099770, 0.000001
27952000, 0.515093, -0.156917, -0.000000
27956000, 0.507506, 0.061337, 0.000001
27960000, 0.467377, -0.025024, -0.000001
27964000, 0.294477, -0.062145, -0.000000
27968000, 0.237778, -0.290934, 0.000001
27972000, 0.486440, -0.226868, 0.000001
27976000, 0.313824, -0.313708, -0.000001
27980000, 0.315725, -0.437448, 0.000001
27984000, 0.285959, -0.439145, -0.000001
27988000, 0.278326, -0.526537, -0.000002
27992000, 0.291633, -0.336122, -0.000002
27996000, 0.456670, -0.310504, -0.000000
28000000, 0.507765, -0.312554, -0.000001
28004000, 0.396228, -0.522186, 0.000003
28008000, 0.701546, -0.228650, -0.000001
28012000, 0.372316, -0.199251, -0.000002
28016000, 0.456772, -0.432672, 0.000002
28020000, 0.422802, -0.401090, 0.000003
28024000, 0.250374, -0.474404, 0.000000
28028000, 0.243069, -0.461929, -0.000000
28032000, 0.361212, -0.423755, -0.000000
28036000, 0.601132, -0.467005, 0.000000
28040000, 0.657239, -0.401685, 0.000001
28044000, 0.713611, -0.272594, 0.000001
28048000, 0.679040, -0.143385, -0.000000
28052000, 0.635520, -0.203052, 0.000000
28056000, 0.532161, -0.190003, 0.000000
28060000, 0.434431, -0.281151, 0.000001
28064000, 0.644931, -0.142064, 0.000001
28068000, 0.594227, -0.192731, -0.000000
28072000, 0.368959, -0.266350, 0.000000
28076000, 0.573568, -0.292758, -0.000002
28080000, 0.464451, -0.388463, -0.000000
28084000, 0.501898, -0.411054, -0.000000
28088000, 0.246288, -0.573278, 0.000001
28092000, 0.193230, -0.761347, -0.000000
28096000, 0.182739, -0.739230, 0.000002
28100000, 0.062017, -0.681166, 0.000002
28104000, 0.025728, -0.801032, 0.000000
28108000, 0.310478, -0.749762, 0.000002
28112000, 0.441073, -0.597932, 0.000000
28116000, 0.574049, -0.346349, -0.000003
28120000, 0.360215, -0.773904, -0.000001
28124000, 0.379541, -0.730110, -0.000001
28128000, 0.156332, -0.729280, 0.000001
28132000, 0.092423, -0.709499, -0.000001
28136000, 0.336587, -0.536306, -0.000002
28140000, 0.292389, -0.607656, 0.000001
28144000, 0.771757, -0.484819, 0.000001
28148000, 0.744555, -0.310072, -0.000001
28152000, 0.732467, -0.360159, 0.000000
28156000, 0.616177, -0.390513, 0.000001
28160000, 0.691862, -0.321121, -0.000001
28164000, 0.661396, -0.149285, -0.000001
28168000, 0.642119, 0.008498, 0.000001
28172000, 0.751656, -0.013319, -0.000001
28176000, 0.734721, -0.069209, 0.000000
28180000, 0.745569, -0.054717, 0.000000
28184000, 0.864236, 0.157162, 0.000000
28188000, 0.899694, -0.052215, -0.000000
28192000, 0.848998, -0.169580, -0.000002
28196000, 0.740647, -0.254863, -0.000001
28200000, 0.689502, -0.207976, -0.000000
28204000, 0.684168, -0.133476, 0.000001
28208000, 0.575979, -0.228436, 0.000000
28212000, 0.638874, -0.124672, -0.000001
28216000, 0.583243, -0.216056, 0.000000
28220000, 0.349077, -0.211735, 0.000001
28224000, 0.649021, -0.147149, -0.000001
28228000, 0.733102, -0.037541, -0.000001
28232000, 0.772045, -0.148294, 0.000001
28236000, 0.746340, -0.168539, 0.000001
28240000, 0.773152, -0.095845, -0.000001
28244000, 0.746412, 0.207656, 0.000001
28248000, 0.792780, 0.304913, -0.000000
28252000, 0.639519, 0.286048, 0.000001
28256000, 0.796418, 0.069690, -0.000001
28260000, 0.730036, 0.302142, 0.000000
28264000, 0.837405, 0.323233, -0.000000
28268000, 0.524855, 0.579499, 0.000001
28272000, 0.595807, 0.336848, 0.000001
28276000, 0.557839, 0.541245, 0.000003
28280000, 0.644714, 0.564956, 0.000000
28284000, 0.421679, 0.696453, 0.000000
28288000, 0.371474, 0.607176, -0.000002
28292000, 0.435827, 0.384892, 0.000002
28296000, 0.420063, 0.556321, 0.000001
28300000, 0.361163, 0.436185, -0.000000
28304000, 0.164007, 0.419340, -0.000001
28308000, 0.518379, 0.521490, -0.000000
28312000, 0.231471, 0.618782, 0.000002
28316000, 0.488779, 0.500659, -0.000001
28320000, 0.369045, 0.484646, -0.000002
28324000, 0.372802, 0.650588, 0.000000
28328000, 0.542813, 0.680394, -0.000001
28332000, 0.385055, 0.340172, -0.000001
28336000, 0.296105, 0.628550, 0.000000
28340000, 0.118764, 0.641094, 0.000002
28344000, 0.170879, 0.561992, 0.000001
28348000, 0.361261, 0.505096, -0.000001
28352000, 0.461042, 0.796249, 0.000001
28356000, 0.396515, 0.711695, -0.000002
28360000, 0.510851, 0.514881, 0.000000
28364000, 0.338271, 0.665869, -0.000002
28368000, 0.285062, 0.741100, -0.000001
28372000, 0.222118, 0.638076, 0.000000
28376000, 0.087491, 0.784271, -0.000001
28380000, 0.080344, 0.748827, 0.000000
28384000, 0.048928, 0.516678, -0.000002
28388000, -0.191265, 0.607350, 0.000001
28392000, -0.191415, 0.434252, 0.000001
28396000, -0.104290, 0.472983, -0.000000
28400000, -0.033381, 0.502782, 0.000002
28404000, -0.118150, 0.478782, -0.000002
28408000, -0.070368, 0.403092, 0.000001
28412000, -0.104979, 0.465659, 0.000001
28416000, 0.114254, 0.344296, -0.000000
28420000, 0.132127, 0.164934, -0.000002
28424000, 0.024519, 0.398924, -0.000000
28428000, 0.139800, 0.215520, 0.000002
28432000, 0.068960, 0.195554, 0.000001
28436000, -0.039446, 0.176469, 0.000002
28440000, -0.082468, 0.140757, 0.000001
28444000, -0.065491, 0.226645, -0.000001
28448000, 0.184125, 0.306641, 0.000000
28452000, 0.328535, 0.248703, 0.000000
28456000, 0.101068, 0.263281, -0.000000
28460000, 0.144401, 0.261897, -0.000003
28464000, 0.300710, 0.227715, 0.000001
28468000, 0.314548, 0.213936, -0.000001
28472000, 0.331527, 0.171178, -0.000001
28476000, 0.322172, 0.048160, 0.000000
28480000, 0.207877, -0.374195, -0.000002
28484000, 0.363516, -0.288636, 0.000000
28488000, 0.190851, -0.209447, 0.000002
28492000, 0.204099, -0.210667, 0.000001
28496000, 0.120894, -0.160823, 0.000002
28500000, -0.023354, -0.197858, -0.000000
28504000, 0.067225, -0.261853, -0.000000
28508000, 0.172052, -0.110527, -0.000000
28512000, 0.098418, -0.156103, -0.000002
28516000, 0.202392, 0.101971, 0.000000
28520000, 0.262701, 0.077100, 0.000001
28524000, 0.234802, -0.060776, 0.000002
28528000, 0.181360, -0.378418, 0.000002
28532000, 0.195183, -0.173736, 0.000001
28536000, 0.246156, 0.011360, 0.000002
28540000, 0.148831, 0.002098, -0.000000
28544000, 0.359642, -0.203546, -0.000000
28548000, 0.407667, -0.202838, -0.000000
28552000, 0.298731, -0.227732, 0.000001
28556000, 0.306949, -0.481590, -0.000001
28560000, 0.134283, -0.473392, 0.000000
28564000, 0.020093, -0.575687, -0.000001
28568000, -0.053629, -0.543904, -0.000001
28572000, 0.164815, -0.478631, -0.000001
28576000, 0.086413, -0.596069, 0.000001
28580000, -0.056886, -0.363836, -0.000003
28584000, -0.110688, -0.505662, 0.000002
28588000, -0.074210, -0.476979, 0.000002
28592000, -0.069230, -0.481194, 0.000000
28596000, 0.197547, -0.623098, -0.000002
28600000, 0.256817, -0.522813, -0.000001
28604000, 0.182806, -0.662385, -0.000000
28608000, 0.081685, -0.697117, 0.000001
28612000, 0.269058, -0.537113, -0.000001
28616000, 0.283575, -0.572421, 0.000000
28620000, -0.000774, -0.419682, 0.000002
28624000, 0.024685, -0.520040, 0.000001
28628000, -0.031828, -0.492441, 0.000001
28632000, -0.056236, -0.296833, -0.000001
28636000, -0.147346, -0.282422, 0.000002
28640000, -0.181671, -0.275614, 0.000001
28644000, -0.201691, -0.215413, 0.000000
28648000, -0.160498, -0.103065, 0.000000
28652000, -0.165985, -0.054326, 0.000000
28656000, -0.086770, -0.125281, -0.000001
28660000, -0.202421, -0.118681, 0.000001
28664000, -0.182438, -0.077103, -0.000001
28668000, -0.157798, -0.048176, -0.000000
28672000, 0.029913, -0.115563, -0.000001
28676000, 0.048151, -0.267904, -0.000000
28680000, -0.030806, -0.396733, -0.000000
28684000, -0.143919, -0.304053, 0.000000
28688000, -0.046595, -0.422797, 0.000002
28692000, -0.200153, -0.180327, 0.000001
28696000, -0.151908, -0.394397, 0.000002
28700000, -0.054321, -0.356182, 0.000000
28704000, -0.309186, -0.514546, 0.000000
28708000, -0.420885, -0.316141, -0.000002
28712000, -0.374956, -0.401344, -0.000002
28716000, -0.184868, -0.320799, 0.000001
28720000, -0.175417, -0.383302, -0.000000
28724000, -0.087765, -0.483373, -0.000001
28728000, -0.138183, -0.468932, -0.000001
28732000, -0.059623, -0.575377, 0.000001
28736000, -0.247845, -0.633200, -0.000000
28740000, -0.126332, -0.665088, -0.000002
28744000, -0.263432, -0.588961, -0.000001
28748000, -0.259934, -0.679300, 0.000001
28752000, -0.360617, -0.732500, -0.000001
28756000, -0.303698, -0.516627, -0.000001
28760000, -0.370659, -0.611691, 0.000001
28764000, -0.372137, -0.589267, -0.000000
28768000, -0.266743, -0.539859, -0.000001
28772000, -0.326809, -0.564927, 0.000000
28776000, -0.226471, -0.443648, 0.000001
28780000, -0.372866, -0.560418, -0.000001
28784000, -0.351806, -0.384889, 0.000001
28788000, -0.347055, -0.535987, -0.000000
28792000, -0.231570, -0.564339, -0.000001
28796000, -0.298289, -0.470953, -0.000000
28800000, -0.362024, -0.521412, 0.000001
28804000, -0.302670, -0.504811, -0.000002
28808000, -0.406624, -0.570324, 0.000000
28812000, -0.357317, -0.501866, 0.000001
28816000, -0.155426, -0.768557, -0.000001
28820000, 0.181797, -0.695256, 0.000000
28824000, 0.231210, -0.633884, -0.000000
28828000, 0.282224, -0.581983, -0.000002
28832000, 0.379516, -0.489279, 0.000000
28836000, 0.225422, -0.624352, 0.000000
28840000, 0.526351, -0.460150, -0.000002
28844000, 0.645612, -0.482317, 0.000000
28848000, 0.606075, -0.213274, 0.000001
28852000, 0.512196, -0.191142, -0.000000
28856000, 0.466626, -0.099397, 0.000000
28860000, 0.599810, -0.267952, -0.000002
28864000, 0.688651, -0.255777, -0.000001
28868000, 0.677160, -0.337379, 0.000001
28872000, 0.666162, -0.380862, 0.000001
28876000, 0.595962, -0.551443, -0.000002
28880000, 0.487500, -0.569426, -0.000002
28884000, 0.402799, -0.647017, 0.000001
28888000, 0.665765, -0.551535, 0.000001
28892000, 0.649838, -0.560862, 0.000002
28896000, 0.471005, -0.391636, 0.000001
28900000, 0.545418, -0.752220, 0.000001
28904000, 0.545403, -0.706554, -0.000000
28908000, 0.633600, -0.605133, 0.000003
28912000, 0.758115, -0.713899, 0.000000
28916000, 0.611359, -0.691064, 0.000003
28920000, 0.601990, -0.789599, -0.000000
28924000, 0.671660, -0.747412, -0.000001
28928000, 0.812492, -0.434915, 0.000001
28932000, 0.600558, -0.613451, 0.000000
28936000, 0.587784, -0.735991, 0.000001
28940000, 0.621570, -0.906625, -0.000001
28944000, 0.715365, -0.811936, -0.000002
28948000, 0.344958, -0.917056, -0.000000
28952000, 0.531581, -0.618202, 0.000000
28956000, 0.459714, -0.453759, -0.000000
28960000, 0.639082, -0.453118, 0.000002
28964000, 0.664673, -0.253781, -0.000001
28968000, 0.791709, -0.179884, 0.000000
28972000, 0.709870, 0.163841, 0.000003
28976000, 0.747083, 0.251138, 0.000001
28980000, 0.815347, 0.247833, 0.000001
28984000, 0.656620, 0.409600, -0.000000
28988000, 0.503078, 0.357070, 0.000001
28992000, 0.573519, 0.437253, -0.000000
28996000, 0.537167, 0.482177, -0.000000
29000000, 0.575028, 0.441006, 0.000000
29004000, 0.825781, 0.473276, -0.000001
29008000, 0.559696, 0.504821, 0.000001
29012000, 0.418347, 0.523017, 0.000000
29016000, 0.394968, 0.492789, -0.000000
29020000, 0.570509, 0.215688, -0.000000
29024000, 0.420430, 0.133435, 0.000001
29028000, 0.349766, 0.271581, 0.000001
29032000, 0.287459, 0.295214, -0.000000
29036000, 0.525786, 0.202054, 0.000002
29040000, 0.487574, 0.279991, 0.000000
29044000, 0.478867, 0.295079, 0.000001
29048000, 0.407007, 0.506703, 0.000002
29052000, 0.387631, 0.632521, -0.000001
29056000, 0.301081, 0.517148, -0.000001
29060000, 0.467592, 0.342566, -0.000000
29064000, 0.256361, 0.166439, -0.000001
29068000, 0.319412, 0.218903, -0.000001
29072000, 0.101707, 0.213187, 0.000000
29076000, 0.081679, 0.239404, -0.000002
29080000, 0.073533, 0.081410, -0.000000
29084000, -0.010647, 0.089152, -0.000002
29088000, 0.170297, -0.011956, -0.000000
29092000, -0.053329, -0.234509, 0.000002
29096000, -0.098139, -0.139642, 0.000002
29100000, -0.021032, -0.156828, -0.000000
29104000, 0.192249, -0.176327, -0.000002
29108000, -0.098794, -0.175980, 0.000001
29112000, 0.128267, -0.183099, -0.000001
29116000, 0.170110, 0.007721, 0.000001
29120000, 0.001949, -0.023787, 0.000001
29124000, -0.098315, -0.019494, -0.000000
29128000, -0.048162, -0.169058, -0.000002
29132000, -0.092067, -0.021541, 0.000000
29136000, -0.232910, -0.192628, 0.000002
29140000, -0.121394, -0.219558, 0.000002
29144000, -0.135781, 0.004260, 0.000001
29148000, -0.218317, -0.036741, 0.000001
29152000, -0.191775, 0.152678, 0.000000
29156000, 0.002687, 0.142826, 0.000000
29160000, 0.064775, 0.068112, 0.000000
29164000, 0.329884, 0.056861, -0.000000
29168000, 0.157941, 0.121326, -0.000001
29172000, -0.040967, -0.027359, 0.000001
29176000, -0.021216, 0.070724, 0.000000
29180000, 0.143707, 0.089416, 0.000001
29184000, 0.185197, 0.090764, 0.000001
29188000, 0.371386, 0.033428, 0.000001
29192000, 0.552454, 0.058807, -0.000001
29196000, 0.494215, -0.142288, -0.000001
29200000, 0.272237, -0.241622, -0.000002
29204000, 0.212525, -0.102495, 0.000001
29208000, 0.547589, 0.016443, -0.000002
29212000, 0.521868, -0.201222, 0.000000
29216000, 0.544345, -0.157163, 0.000000
29220000, 0.558861, 0.033554, 0.000001
29224000, 0.528446, 0.194578, 0.000001
29228000, 0.344028, 0.444866, 0.000001
29232000, 0.510994, 0.391156, 0.000000
29236000, 0.555696, 0.439750, -0.000001
29240000, 0.556074, 0.354384, 0.000000
29244000, 0.362697, 0.388162, -0.000000
29248000, 0.413009, 0.562708, 0.000001
29252000, 0.247819, 0.706492, 0.000000
29256000, -0.010382, 0.671963, -0.000000
29260000, -0.053047, 0.648941, -0.000001
29264000, 0.090482, 0.632115, -0.000001
29268000, 0.154570, 0.711955, 0.000003
29272000, 0.157343, 0.764822, -0.000001
29276000, 0.048230, 0.866299, -0.000000
29280000, 0.104287, 0.784933, -0.000001
29284000, -0.165024, 0.748476, 0.000000
29288000, -0.224915, 0.907218, 0.000000
29292000, 0.329802, 0.762908, -0.000001
29296000, 0.188849, 0.806754, -0.000000
29300000, 0.132905, 0.702974, -0.000001
29304000, 0.031048, 0.980919, -0.000001
29308000, 0.109519, 0.705971, 0.000000
29312000, 0.176217, 0.659226, -0.000001
29316000, 0.157568, 0.498439, -0.000000
29320000, 0.228318, 0.694931, -0.000002
29324000, 0.035280, 0.495880, 0.000002
29328000, 0.152586, 0.279085, 0.000000
29332000, 0.238177, 0.444178, 0.000000
29336000, 0.341565, 0.471118, 0.000001
29340000, 0.320264, 0.380416, 0.000001
29344000, 0.375418, 0.360282, 0.000000
29348000, 0.458896, 0.369255, -0.000000
29352000, 0.322775, 0.202660, 0.000000
29356000, 0.219667, 0.218939, -0.000000
29360000, 0.226820, 0.136049, 0.000000
29364000, 0.463528, 0.325423, 0.000001
29368000, 0.337258, 0.588108, 0.000001
29372000, 0.317484, 0.337393, -0.000003
29376000, 0.189441, 0.436237, -0.000002
29380000, 0.322963, 0.380892, 0.000000
29384000, 0.375176, 0.504285, 0.000001
29388000, 0.649220, 0.399946, -0.000001
29392000, 0.752811, 0.320621, 0.000002
29396000, 0.518814, 0.526106, 0.000001
29400000, 0.559855, 0.532787, -0.000000
29404000, 0.545384, 0.355682, -0.000000
29408000, 0.452936, 0.540219, 0.000001
29412000, 0.260163, 0.391555, 0.000001
29416000, 0.297432, 0.498915, -0.000000
29420000, -0.018494, 0.498816, 0.000000
29424000, 0.013875, 0.455408, 0.000001
29428000, 0.147922, 0.630379, -0.000002
29432000, -0.094374, 0.717072, 0.000000
29436000, -0.349724, 0.609532, 0.000002
29440000, -0.220066, 0.740931, 0.000002
29444000, -0.162243, 0.581932, -0.000001
29448000, -0.244129, 0.762294, 0.000001
29452000, -0.328883, 0.622490, -0.000001
29456000, -0.472852, 0.482670, -0.000000
29460000, -0.400387, 0.704735, -0.000001
29464000, -0.238565, 0.670559, -0.000001
29468000, -0.181203, 0.141452, 0.000001
29472000, -0.291561, 0.085134, 0.000001
29476000, -0.111288, 0.335172, 0.000001
29480000, -0.307158, 0.417242, 0.000001
29484000, -0.295213, 0.179585, 0.000000
29488000, -0.292948, 0.156292, -0.000001
29492000, -0.550626, 0.180937, -0.000000
29496000, -0.560291, 0.182673, -0.000000
29500000, -0.414946, 0.251806, -0.000002
29504000, -0.435025, 0.434359, 0.000002
29508000, -0.145944, 0.339158, -0.000004
29512000, -0.405452, 0.568938, -0.000000
29516000, -0.517057, 0.545871, 0.000000
29520000, -0.662626, 0.391390, 0.000001
29524000, -0.676014, 0.438026, -0.000000
29528000, -0.709893, 0.319132, 0.000001
29532000, -0.640200, 0.540385, -0.000001
29536000, -0.450981, 0.522356, -0.000001
29540000, -0.573179, 0.441450, 0.000000
29544000, -0.528125, 0.528860, -0.000002
29548000, -0.469376, 0.471779, -0.000000
29552000, -0.578472, 0.291495, -0.000000
29556000, -0.552606, 0.446358, 0.000001
29560000, -0.326782, 0.499316, -0.000001
29564000, -0.136273, 0.252227, 0.000002
29568000, -0.350231, 0.323331, 0.000001
29572000, -0.384383, 0.417825, 0.000002
29576000, -0.500723, 0.330194, 0.000003
29580000, -0.389351, 0.525936, 0.000001
29584000, -0.559700, 0.489811, -0.000001
29588000, -0.424250, 0.498059, -0.000000
29592000, -0.398275, 0.608528, 0.000002
29596000, -0.571069, 0.511909, 0.000000
29600000, -0.254132, 0.477864, 0.000000
29604000, -0.407341, 0.574461, 0.000001
29608000, -0.486936, 0.530332, -0.000000
29612000, -0.558493, 0.713095, 0.000000
29616000, -0.654929, 0.475000, 0.000001
29620000, -0.607858, 0.330844, -0.000000
29624000, -0.648272, 0.422179, -0.000001
29628000, -0.769514, 0.212728, 0.000000
29632000, -0.719983, 0.064045, 0.000000
29636000, -0.754871, -0.079025, 0.000003
29640000, -0.819204, -0.055344, 0.000002
29644000, -0.743784, 0.021642, 0.000001
29648000, -0.748050, -0.037283, -0.000001
29652000, -0.672969, -0.259774, -0.000001
29656000, -0.728885, -0.103208, -0.000002
29660000, -0.907131, -0.139443, 0.000000
29664000, -0.811278, -0.388123, 0.000002
29668000, -0.865282, -0.331806, 0.000001
29672000, -0.737621, -0.476786, 0.000001
29676000, -0.680016, -0.308465, 0.000000
29680000, -0.579503, -0.384745, -0.000000
29684000, -0.741639, -0.133255, -0.000002
29688000, -0.705042, -0.197765, 0.000002
29692000, -0.804266, -0.214058, 0.000002
29696000, -0.837348, -0.359406, -0.000001
29700000, -0.893572, -0.203083, -0.000000
29704000, -0.843296, -0.120050, -0.000001
29708000, -0.853439, -0.159419, -0.000001
29712000, -0.952797, -0.026565, 0.000001
29716000, -0.784357, 0.038346, -0.000000
29720000, -0.769026, -0.128955, 0.000001
29724000, -0.897586, -0.016813, 0.000000
29728000, -0.803121, 0.055450, 0.000002
29732000, -0.915657, -0.275742, -0.000000
29736000, -0.739452, -0.353130, 0.000000
29740000, -0.732033, -0.327404, 0.000001
29744000, -0.909887, -0.278036, -0.000000
29748000, -0.736813, -0.156621, -0.000000
29752000, -0.776014, -0.111717, 0.000002
29756000, -0.782943, -0.195854, -0.000000
29760000, -0.701091, -0.148958, 0.000002
29764000, -0.647675, -0.141227, 0.000000
29768000, -0.567633, -0.237753, -0.000000
29772000, -0.520704, -0.254681, -0.000001
29776000, -0.608360, -0.199945, -0.000000
29780000, -0.324769, -0.484938, 0.000001
29784000, -0.327587, -0.517116, 0.000000
29788000, -0.424285, -0.655871, 0.000001
29792000, -0.343051, -0.627507, 0.000001
29796000, -0.371237, -0.522012, 0.000001
29800000, -0.364147, -0.467482, -0.000001
29804000, -0.547245, -0.279894, 0.000000
29808000, -0.552999, -0.184795, 0.000000
29812000, -0.459197, -0.167700, -0.000000
29816000, -0.431695, -0.287291, 0.000000
29820000, -0.348944, -0.402418, -0.000002
29824000, -0.619923, -0.388158, 0.000000
29828000, -0.491875, -0.317615, 0.000000
29832000, -0.381814, -0.366374, -0.000000
29836000, -0.289270, -0.371526, 0.000001
29840000, -0.348703, -0.167320, -0.000001
29844000, -0.264655, -0.176426, 0.000002
29848000, -0.353859, -0.198490, 0.000001
29852000, -0.149412, -0.284706, 0.000000
29856000, -0.216884, -0.264838, 0.000001
29860000, -0.327172, -0.199853, -0.000000
29864000, -0.344517, -0.238695, 0.000002
29868000, -0.527484, -0.393025, 0.000001
29872000, -0.577782, -0.399059, 0.000001
29876000, -0.445726, -0.309410, -0.000002
29880000, -0.380699, -0.320712, 0.000000
29884000, -0.291264, -0.547668, 0.000002
29888000, -0.250320, -0.566854, -0.000000
29892000, -0.357170, -0.375345, -0.000002
29896000, -0.344735, -0.516452, -0.000002
29900000, -0.311947, -0.591955, -0.000000
29904000, -0.336693, -0.647453, -0.000003
29908000, -0.402908, -0.705024, 0.000000
29912000, -0.230201, -0.654680, 0.000000
29916000, -0.146121, -0.637779, 0.000001
29920000, -0.128090, -0.622763, 0.000001
29924000, -0.200423, -0.691813, 0.000000
29928000, -0.179427, -0.671059, -0.000001
29932000, -0.086685, -0.643699, 0.000000
29936000, -0.184361, -0.782150, -0.000000
29940000, -0.221748, -0.903204, 0.000000
29944000, 0.224875, -0.787327, 0.000000
29948000, 0.335145, -0.622213, -0.000001
29952000, 0.286081, -0.654903, 0.000001
29956000, 0.371714, -0.639647, -0.000001
29960000, 0.570563, -0.648210, -0.000001
29964000, 0.395184, -0.591303, 0.000002
29968000, 0.277984, -0.653642, 0.000001
29972000, 0.492692, -0.545532, 0.000000
29976000, 0.468686, -0.593280, -0.000002
29980000, 0.477448, -0.578849, -0.000001
29984000, 0.315203, -0.380599, 0.000000
29988000, 0.533248, -0.292526, 0.000002
29992000, 0.471736, -0.097487, -0.000001
29996000, 0.532553, -0.227850, -0.000002
30000000, 0.665247, -0.348840, -0.000001
30004000, 0.634184, -0.319603, -0.000000
30008000, 0.543178, -0.332889, -0.000000
30012000, 0.655356, -0.188340, 0.000002
30016000, 0.748465, -0.234679, -0.000000
30020000, 0.707696, -0.172154, 0.000001
30024000, 0.647002, -0.186838, 0.000002
30028000, 0.798094, -0.066267, -0.000000
30032000, 0.818200, 0.029642, -0.000001
30036000, 0.854425, -0.240372, -0.000002
30040000, 0.796413, -0.065301, 0.000001
30044000, 0.793712, 0.283849, 0.000002
30048000, 0.731596, 0.194674, 0.000000
30052000, 0.690819, 0.410484, -0.000001
30056000, 0.830547, 0.341264, -0.000001
30060000, 0.774991, 0.143686, 0.000000
30064000, 0.798088, 0.346163, 0.000001
30068000, 0.730095, 0.282869, -0.000002
30072000, 0.604057, 0.361281, 0.000001
30076000, 0.710966, 0.307954, -0.000000
30080000, 0.653880, 0.446504, -0.000001
30084000, 0.651119, 0.216887, -0.000000
30088000, 0.472057, 0.320750, -0.000000
30092000, 0.577051, 0.093677, -0.000001
30096000, 0.528010, 0.016289, -0.000000
30100000, 0.589162, -0.049866, 0.000000
30104000, 0.554535, 0.135954, -0.000000
30108000, 0.451600, 0.116054, 0.000000
30112000, 0.500216, 0.288422, -0.000001
30116000, 0.482448, 0.246279, -0.000000
30120000, 0.354204, 0.366885, -0.000002
30124000, 0.298381, 0.257261, 0.000000
30128000, 0.512762, 0.318159, 0.000001
30132000, 0.329216, 0.078400, -0.000002
30136000, 0.259341, 0.220752, 0.000000
30140000, 0.181743, 0.152689, 0.000002
30144000, 0.273160, 0.261716, -0.000000
30148000, 0.053371, 0.340157, -0.000000
30152000, 0.191475, 0.394710, -0.000001
30156000, 0.112937, 0.556009, 0.000000
30160000, 0.218696, 0.776542, -0.000001
30164000, -0.155226, 0.641663, -0.000001
30168000, -0.057556, 0.546227, -0.000001
30172000, -0.079685, 0.679849, 0.000001
30176000, -0.011404, 0.509702, -0.000002
30180000, -0.088735, 0.395193, 0.000001
30184000, -0.143715, 0.269257, 0.000001
30188000, -0.321758, 0.211172, -0.000001
30192000, -0.356912, 0.272641, -0.000001
30196000, -0.259175, 0.273021, -0.000001
30200000, -0.376277, 0.306858, -0.000001
30204000, -0.317369, 0.429537, 0.000002
30208000, -0.337975, 0.520071, 0.000002
30212000, -0.210682, 0.415983, 0.000000
30216000, -0.053408, 0.751804, -0.000001
30220000, 0.003207, 0.721680, -0.000001
30224000, 0.147021, 0.688912, 0.000001
30228000, 0.271444, 0.673316, 0.000002
30232000, 0.360572, 0.577902, -0.000001
30236000, 0.470140, 0.268355, 0.000002
30240000, 0.495495, 0.262752, 0.000001
30244000, 0.326481, 0.233570, -0.000002
30248000, 0.478278, 0.159795, -0.000001
30252000, 0.361718, 0.347572, 0.000002
30256000, 0.555353, 0.216830, 0.000002
30260000, 0.638250, 0.373904, -0.000000
30264000, 0.616857, 0.221892, 0.000001
30268000, 0.340266, 0.205271, -0.000000
30272000, 0.106095, 0.226087, -0.000002
30276000, 0.065075, 0.174268, -0.000001
30280000, 0.015320, 0.241614, -0.000001
30284000, 0.095618, 0.277250, 0.000001
30288000, 0.122704, 0.321495, 0.000001
30292000, 0.043922, 0.164706, -0.000000
30296000, -0.044934, 0.059814, 0.000001
30300000, -0.165130, 0.020987, -0.000001
30304000, -0.061795, -0.161517, 0.000001
30308000, -0.081992, -0.149835, 0.000001
30312000, 0.127054, -0.012690, -0.000002
30316000, 0.121238, 0.098153, -0.000001
30320000, -0.049887, 0.044652, -0.000000
30324000, 0.043823, 0.168876, -0.000002
30328000, -0.126104, 0.200836, -0.000000
30332000, -0.007819, 0.082337, -0.000001
30336000, 0.114246, -0.021704, -0.000000
30340000, 0.089121, 0.142830, -0.000000
30344000, 0.109772, 0.010579, -0.000001
30348000, 0.217112, 0.129363, 0.000003
30352000, 0.220532, -0.009680, 0.000000
30356000, 0.117739, 0.091838, -0.000002
30360000, 0.041942, 0.036931, -0.000001
30364000, -0.031088, 0.421599, 0.000001
30368000, -0.160727, 0.321151, -0.000001
30372000, -0.188511, 0.549132, -0.000002
30376000, -0.330564, 0.338784, -0.000000
30380000, -0.363321, 0.518531, -0.000000
30384000, -0.192264, 0.397867, 0.000000
30388000, -0.158747, 0.369031, 0.000000
30392000, 0.036155, 0.422442, 0.000001
30396000, 0.143963, 0.027193, -0.000001
30400000, -0.069557, 0.174340, 0.000000
30404000, -0.180638, 0.118707, -0.000000
30408000, -0.229223, 0.132014, -0.000000
30412000, -0.292563, 0.083433, -0.000000
30416000, -0.048442, 0.121933, -0.000002
30420000, -0.272635, 0.368270, -0.000001
30424000, -0.102590, 0.425797, 0.000000
30428000, -0.007300, 0.384039, 0.000000
30432000, -0.117316, 0.587398, 0.000001
30436000, -0.042473, 0.508094, -0.000000
30440000, -0.040296, 0.576613, 0.000002
30444000, -0.053786, 0.335299, 0.000002
30448000, 0.087479, 0.713013, 0.000001
30452000, 0.091230, 0.563811, -0.000002
30456000, -0.082967, 0.480656, 0.000002
30460000, -0.124549, 0.702507, 0.000000
30464000, -0.095778, 0.772757, 0.000000
30468000, -0.457931, 0.610980, -0.000001
30472000, -0.211949, 0.704693, 0.000001
30476000, -0.080972, 0.731421, -0.000001
30480000, -0.054315, 0.644655, -0.000001
30484000, -0.061149, 0.689952, -0.000001
30488000, -0.165414, 0.749835, 0.000000
30492000, -0.165963, 0.777458, 0.000002
30496000, 0.015204, 0.840582, 0.000001
30500000, 0.070919, 0.758289, -0.000002
30504000, -0.078887, 0.696849, -0.000000
30508000, -0.174481, 0.677259, -0.000000
30512000, -0.086303, 0.795512, -0.000001
30516000, -0.191129, 0.749093, 0.000003
30520000, -0.267061, 0.603155, 0.000001
30524000, -0.226925, 0.559998, 0.000001
30528000, -0.214535, 0.620976, -0.000002
30532000, -0.079196, 0.685363, -0.000001
30536000, -0.139768, 0.739249, 0.000002
30540000, -0.001977, 0.726527, 0.000002
30544000, -0.270570, 0.665595, 0.000001
30548000, -0.056678, 0.784363, 0.000001
30552000, -0.240475, 0.552857, -0.000000
30556000, -0.136788, 0.425610, 0.000000
30560000, -0.188675, 0.590112, -0.000002
30564000, -0.366200, 0.598649, -0.000002
30568000, -0.235037, 0.642791, 0.000001
30572000, -0.215424, 0.637094, -0.000000
30576000, -0.223478, 0.744991, 0.000002
30580000, -0.332664, 0.746674, 0.000002
30584000, -0.170806, 0.724811, 0.000000
30588000, -0.272286, 0.629683, -0.000002
30592000, -0.214843, 0.517315, 0.000001
30596000, -0.389976, 0.658618, 0.000003
30600000, -0.290915, 0.676332, -0.000000
30604000, -0.385749, 0.722549, -0.000001
30608000, -0.503446, 0.632708, -0.000000
30612000, -0.493073, 0.652549, -0.000000
30616000, -0.492797, 0.485810, 0.000002
30620000, -0.355742, 0.598089, -0.000001
30624000, -0.323994, 0.665220, 0.000000
30628000, -0.293858, 0.665517, -0.000000
30632000, -0.257617, 0.691618, -0.000001
30636000, -0.189267, 0.933046, -0.000001
30640000, -0.308532, 0.746589, 0.000000
30644000, 0.033028, 0.901170, -0.000001
30648000, 0.134403, 0.963722, 0.000000
30652000, 0.066628, 0.906361, 0.000000
30656000, -0.361419, 0.837604, -0.000000
30660000, -0.152564, 0.783963, 0.000001
30664000, 0.043637, 0.820670, -0.000002
30668000, -0.011365, 0.883535, 0.000000
30672000, 0.242686, 0.718318, 0.000002
30676000, 0.366121, 0.677154, -0.000001
30680000, 0.461058, 0.662009, -0.000000
30684000, 0.521998, 0.610110, -0.000000
30688000, 0.445674, 0.335451, -0.000001
30692000, 0.562578, 0.364417, -0.000000
30696000, 0.662513, 0.456495, 0.000000
30700000, 0.534260, 0.556076, -0.000000
30704000, 0.311827, 0.589575, -0.000001
30708000, 0.302449, 0.766351, 0.000001
30712000, 0.125408, 0.836049, 0.000003
30716000, 0.261842, 0.759491, 0.000001
30720000, 0.308429, 0.775037, -0.000001
30724000, 0.501035, 0.619909, 0.000000
30728000, 0.304663, 0.741807, 0.000000
30732000, 0.371922, 0.758301, 0.000000
30736000, 0.392833, 0.587367, -0.000002
30740000, 0.283946, 0.485418, -0.000001
30744000, 0.292315, 0.521897, 0.000001
30748000, 0.282361, 0.578288, -0.000000
30752000, 0.474262, 0.484139, -0.000001
30756000, 0.585459, 0.356429, 0.000000
30760000, 0.553128, 0.630246, 0.000000
30764000, 0.471178, 0.633365, -0.000000
30768000, 0.446226, 0.614764, 0.000001
30772000, 0.415523, 0.473829, 0.000001
30776000, 0.463481, 0.499578, 0.000001
30780000, 0.331987, 0.745416, -0.000001
30784000, 0.233482, 0.723666, -0.000000
30788000, 0.169845, 0.613178, -0.000003
30792000, -0.120987, 0.648369, -0.000002
30796000, -0.007003, 0.630355, -0.000000
30800000, -0.162841, 0.739474, 0.000000
30804000, -0.044563, 0.788315, -0.000002
30808000, -0.130348, 0.669089, 0.000002
30812000, -0.238696, 0.549516, 0.000000
30816000, -0.337240, 0.348782, -0.000001
30820000, -0.360716, 0.543598, -0.000001
30824000, -0.251608, 0.665695, 0.000000
30828000, -0.185342, 0.665451, -0.000000
30832000, -0.277970, 0.535843, 0.000002
30836000, -0.286314, 0.718922, 0.000001
30840000, -0.334448, 0.693534, -0.000002
30844000, -0.386130, 0.625639, -0.000000
30848000, -0.049362, 0.867843, -0.000000
30852000, 0.115697, 0.823438, -0.000001
30856000, 0.100091, 0.897245, 0.000000
30860000, 0.031172, 0.807852, -0.000000
30864000, -0.117126, 1.008488, -0.000001
30868000, 0.009041, 0.901476, -0.000001
30872000, 0.135961, 0.930442, 0.000000
30876000, 0.105519, 0.971739, -0.000001
30880000, 0.002533, 0.926572, 0.000001
30884000, 0.005400, 0.884087, 0.000002
30888000, -0.324909, 0.801911, 0.000000
30892000, -0.370219, 0.697289, -0.000001
30896000, -0.395820, 0.738028, 0.000001
30900000, -0.573841, 0.650621, -0.000001
30904000, -0.737268, 0.517255, 0.000002
30908000, -0.701477, 0.498746, 0.000000
30912000, -0.523268, 0.331128, -0.000001
30916000, -0.654869, 0.354479, 0.000000
30920000, -0.629942, 0.360285, -0.000002
30924000, -0.555983, 0.225945, 0.000000
30928000, -0.476250, 0.345275, -0.000002
30932000, -0.474048, 0.224495, -0.000002
30936000, -0.641698, 0.047006, -0.000002
30940000, -0.670241, -0.116946, 0.000001
30944000, -0.806365, -0.055342, 0.000001
30948000, -0.768296, -0.009290, -0.000001
30952000, -0.729393, -0.003012, -0.000000
30956000, -0.774367, -0.028665, -0.000001
30960000, -0.678838, 0.024599, 0.000001
30964000, -0.688200, -0.185475, -0.000000
30968000, -0.390119, -0.381554, 0.000001
30972000, -0.583694, -0.198471, -0.000000
30976000, -0.694942, -0.272394, 0.000000
30980000, -0.703308, -0.124652, -0.000001
30984000, -0.519956, -0.176251, 0.000000
30988000, -0.616472, -0.325786, 0.000001
30992000, -0.601682, -0.358110, 0.000001
30996000, -0.754281, -0.231473, -0.000000
31000000, -0.562810, -0.122126, -0.000000
31004000, -0.780466, -0.209442, 0.000001
31008000, -0.711792, -0.383423, -0.000001
31012000, -0.671612, -0.284318, 0.000001
31016000, -0.708069, -0.483426, -0.000000
31020000, -0.727992, -0.043172, 0.000001
31024000, -0.799639, 0.084063, -0.000000
31028000, -0.770608, 0.013207, 0.000000
31032000, -0.840091, -0.025088, 0.000001
31036000, -0.871250, -0.092883, -0.000000
31040000, -0.847081, -0.129191, 0.000000
31044000, -0.891289, -0.050692, -0.000000
31048000, -0.891255, -0.237991, -0.000000
31052000, -0.790482, 0.114283, -0.000000
31056000, -0.783536, 0.331919, 0.000003
31060000, -0.626760, 0.484809, -0.000002
31064000, -0.648096, 0.386121, -0.000002
31068000, -0.542914, 0.488464, 0.000002
31072000, -0.600994, 0.370703, 0.000002
31076000, -0.481752, 0.221466, 0.000000
31080000, -0.743257, 0.196390, 0.000002
31084000, -0.751881, 0.208082, 0.000001
31088000, -0.667428, 0.290429, -0.000001
31092000, -0.722286, 0.177925, 0.000002
31096000, -0.705572, 0.193457, -0.000001
31100000, -0.767488, 0.339887, 0.000001
31104000, -0.525394, 0.348974, 0.000002
31108000, -0.511011, 0.358936, -0.000001
31112000, -0.603941, 0.425870, -0.000001
31116000, -0.471008, 0.492966, 0.000001
31120000, -0.575672, 0.510711, 0.000000
31124000, -0.619049, 0.513597, 0.000000
31128000, -0.475655, 0.619769, 0.000000
31132000, -0.690409, 0.669354, -0.000001
31136000, -0.711800, 0.533227, 0.000001
31140000, -0.794439, 0.582318, 0.000001
31144000, -0.766009, 0.488280, 0.000000
31148000, -0.683586, 0.522686, 0.000000
31152000, -0.503145, 0.616394, 0.000001
31156000, -0.446942, 0.522077, -0.000003
31160000, -0.501683, 0.459938, -0.000001
31164000, -0.534865, 0.615906, -0.000002
31168000, -0.339207, 0.780431, 0.000002
31172000, -0.008529, 0.765131, 0.000001
31176000, 0.488068, 0.668397, -0.000002
31180000, 0.455612, 0.964285, -0.000000
31184000, 0.098078, 0.795835, -0.000001
31188000, 0.149902, 0.650950, -0.000001
31192000, 0.054294, 0.787849, -0.000000
31196000, -0.165179, 0.485990, -0.000001
31200000, 0.038063, 0.579215, -0.000002
31204000, -0.002462, 0.695309, -0.000000
31208000, 0.140164, 0.688919, -0.000002
31212000, 0.096860, 0.646689, -0.000001
31216000, -0.019235, 0.650242, -0.000001
31220000, -0.182304, 0.586207, 0.000001
31224000, -0.282030, 0.674591, -0.000000
31228000, -0.265244, 0.528931, -0.000001
31232000, -0.290960, 0.495067, -0.000000
31236000, -0.302736, 0.297410, -0.000001
31240000, -0.375635, 0.123573, 0.000000
31244000, -0.195364, 0.090640, -0.000001
31248000, -0.285086, 0.036868, -0.000002
31252000, -0.246650, -0.028290, 0.000001
31256000, -0.362212, -0.115477, 0.000001
31260000, -0.304814, 0.003814, 0.000001
31264000, -0.359542, -0.003540, 0.000002
31268000, -0.340069, 0.115770, 0.000001
31272000, -0.276056, 0.321494, 0.000001
31276000, -0.299806, 0.396608, 0.000001
31280000, -0.429618, 0.313810, -0.000001
31284000, -0.430284, 0.108483, -0.000000
31288000, -0.451515, 0.190071, 0.000000
31292000, -0.363648, 0.136083, 0.000001
31296000, -0.236210, 0.150376, -0.000001
31300000, -0.673749, 0.235701, 0.000000
31304000, -0.418809, 0.181743, 0.000001
31308000, -0.549729, -0.009887, 0.000001
31312000, -0.631625, -0.034890, 0.000000
31316000, -0.609787, -0.029150, -0.000001
31320000, -0.557224, -0.202370, -0.000003
31324000, -0.513511, -0.316242, -0.000002
31328000, -0.526287, -0.262521, -0.000001
31332000, -0.639916, -0.250185, 0.000000
31336000, -0.223624, -0.421337, -0.000002
31340000, -0.243894, -0.580427, -0.000000
31344000, -0.364410, -0.447232, -0.000001
31348000, -0.427614, -0.287107, -0.000001
31352000, -0.417022, -0.469535, 0.000002
31356000, -0.528395, -0.283240, -0.000000
31360000, -0.396845, -0.386609, -0.000001
31364000, -0.513487, -0.062769, -0.000001
31368000, -0.420186, -0.014539, -0.000001
31372000, -0.373061, 0.079302, 0.000002
31376000, -0.348875, 0.179384, -0.000001
31380000, -0.368822, 0.098465, -0.000002
31384000, -0.584733, 0.084590, 0.000001
31388000, -0.430122, 0.251891, 0.000000
31392000, -0.435844, 0.324773, -0.000000
31396000, -0.383127, 0.461537, -0.000000
31400000, -0.403076, 0.385620, -0.000000
31404000, -0.402064, 0.605961, -0.000001
31408000, -0.321282, 0.469868, -0.000002
31412000, -0.427747, 0.487886, 0.000000
31416000, -0.475761, 0.525021, 0.000001
31420000, -0.690235, 0.364459, -0.000002
31424000, -0.661876, 0.538257, -0.000001
31428000, -0.557500, 0.442431, 0.000002
31432000, -0.591965, 0.197838, -0.000001
31436000, -0.440953, 0.134152, 0.000001
31440000, -0.606880, 0.101740, -0.000003
31444000, -0.439360, -0.100393, 0.000001
31448000, -0.664885, -0.118358, 0.000001
31452000, -0.424290, -0.240184, -0.000000
31456000, -0.377061, -0.310410, 0.000000
31460000, -0.444684, -0.206901, -0.000001
31464000, -0.478135, -0.288459, -0.000001
31468000, -0.590655, -0.229332, -0.000001
31472000, -0.415847, -0.333382, -0.000000
31476000, -0.411945, -0.105804, 0.000001
31480000, -0.470345, -0.013459, -0.000002
31484000, -0.412813, 0.040031, 0.000001
31488000, -0.298382, -0.105424, -0.000001
31492000, -0.417099, -0.205464, -0.000001
31496000, -0.334976, -0.080049, 0.000001
31500000, -0.336876, -0.226139, 0.000001
31504000, -0.501834, -0.261121, 0.000001
31508000, -0.728151, -0.143939, 0.000000
31512000, -0.515508, -0.520569, 0.000001
31516000, -0.402185, -0.606099, -0.000001
31520000, -0.344716, -0.503410, 0.000002
31524000, -0.472205, -0.357440, 0.000001
31528000, -0.582256, -0.446755, -0.000001
31532000, -0.539843, -0.240990, 0.000001
31536000, -0.390338, -0.221542, 0.000002
31540000, -0.385881, -0.298794, -0.000001
31544000, -0.396868, -0.264442, 0.000001
31548000, -0.572154, -0.326507, -0.000000
31552000, -0.724312, -0.205275, 0.000000
31556000, -0.775573, -0.148774, 0.000002
31560000, -0.520576, -0.392315, 0.000001
31564000, -0.369933, -0.324762, 0.000002
31568000, -0.349191, -0.225152, -0.000000
31572000, -0.303852, -0.327638, -0.000001
31576000, -0.228969, -0.357531, -0.000002
31580000, -0.294337, -0.408742, 0.000000
31584000, -0.407389, -0.239934, -0.000000
31588000, -0.638847, -0.049259, 0.000002
31592000, -0.792743, 0.081992, 0.000002
31596000, -0.619586, 0.124809, -0.000001
31600000, -0.477668, 0.175155, -0.000000
31604000, -0.527240, 0.192585, -0.000000
31608000, -0.577448, 0.207816, -0.000002
31612000, -0.639503, 0.204230, 0.000001
31616000, -0.544612, 0.281857, -0.000002
31620000, -0.593490, 0.430956, -0.000000
31624000, -0.611445, 0.391093, 0.000000
31628000, -0.614156, 0.522048, -0.000002
31632000, -0.632415, 0.467690, 0.000002
31636000, -0.651064, 0.598804, 0.000000
31640000, -0.578975, 0.613848, -0.000000
31644000, -0.767777, 0.323491, -0.000001
31648000, -0.787605, 0.514376, 0.000001
31652000, -0.585456, 0.750953, -0.000000
31656000, -0.620021, 0.674711, -0.000001
31660000, -0.858187, 0.570057, 0.000002
31664000, -0.884228, 0.370683, -0.000001
31668000, -0.826683, 0.395329, -0.000002
31672000, -0.785561, 0.064408, -0.000001
31676000, -0.888219, 0.129196, -0.000000
31680000, -0.845806, 0.107256, 0.000001
31684000, -0.627114, -0.121597, 0.000000
31688000, -0.660190, 0.054860, 0.000001
31692000, -0.601049, -0.156536, -0.000000
31696000, -0.494242, -0.251064, 0.000001
31700000, -0.485439, -0.297346, -0.000001
31704000, -0.462254, -0.281425, 0.000000
31708000, -0.124455, -0.137811, -0.000001
31712000, -0.191571, -0.021397, 0.000000
31716000, -0.377803, -0.193558, -0.000003
31720000, -0.379383, 0.017764, 0.000001
31724000, -0.450513, -0.028403, 0.000000
31728000, -0.553740, -0.100457, -0.000002
31732000, -0.518407, -0.217362, -0.000001
31736000, -0.475243, -0.117451, 0.000001
31740000, -0.528113, -0.090369, 0.000001
31744000, -0.625280, -0.109285, 0.000001
31748000, -0.521313, 0.083680, -0.000000
31752000, -0.439958, 0.063093, 0.000001
31756000, -0.518254, -0.067269, -0.000000
31760000, -0.540518, -0.024498, -0.000001
31764000, -0.535643, 0.334232, 0.000001
31768000, -0.482081, 0.407304, 0.000001
31772000, -0.292384, 0.459550, 0.000000
31776000, -0.366103, 0.519135, -0.000001
31780000, -0.398791, 0.406773, 0.000001
31784000, -0.514973, 0.306125, 0.000002
31788000, -0.525180, 0.101346, -0.000002
31792000, -0.489710, 0.070797, -0.000001
31796000, -0.621396, 0.123917, 0.000002
31800000, -0.597958, 0.333038, -0.000002
31804000, -0.543434, 0.292047, -0.000001
31808000, -0.663344, 0.129313, -0.000000
31812000, -0.473178, 0.288925, 0.000001
31816000, -0.568960, 0.166255, 0.000001
31820000, -0.378925, 0.356243, -0.000000
31824000, -0.438350, 0.354379, 0.000001
31828000, -0.602168, 0.124642, -0.000000
31832000, -0.512202, 0.124469, 0.000000
31836000, -0.464873, 0.167953, 0.000001
31840000, -0.457524, 0.065550, -0.000000
31844000, -0.402294, 0.117130, -0.000001
31848000, -0.562542, 0.318914, 0.000002
31852000, -0.361387, 0.340816, 0.000000
31856000, -0.212030, 0.454375, -0.000000
31860000, -0.228108, 0.556924, -0.000001
31864000, -0.007418, 0.382546, -0.000000
31868000, -0.114603, 0.413131, -0.000002
31872000, 0.130905, 0.483109, -0.000002
31876000, 0.026942, 0.513238, -0.000001
31880000, -0.153480, 0.525239, 0.000002
31884000, -0.031385, 0.559678, 0.000000
31888000, -0.072729, 0.511733, 0.000002
31892000, -0.169101, 0.684952, 0.000001
31896000, -0.151596, 0.519912, 0.000000
31900000, -0.190861, 0.552752, -0.000000
31904000, -0.024964, 0.681974, -0.000000
31908000, -0.353172, 0.580360, 0.000000
31912000, -0.265588, 0.560823, -0.000000
31916000, -0.348573, 0.662747, 0.000001
31920000, -0.300253, 0.607740, -0.000002
31924000, -0.217181, 0.625501, -0.000001
31928000, -0.146016, 0.693945, 0.000000
31932000, 0.051209, 0.791662, 0.000000
31936000, -0.004069, 0.673676, 0.000001
31940000, -0.067044, 0.642299, 0.000001
31944000, -0.066785, 0.593316, 0.000003
31948000, -0.356632, 0.502730, -0.000001
31952000, -0.214688, 0.621283, -0.000002
31956000, -0.205117, 0.597187, -0.000000
31960000, -0.315298, 0.707103, -0.000000
31964000, -0.307602, 0.858659, -0.000002
31968000, -0.136799, 0.710488, -0.000001
31972000, -0.380317, 0.675281, -0.000000
31976000, -0.217855, 0.650355, 0.000000
31980000, -0.196860, 0.438747, -0.000000
31984000, -0.102826, 0.585048, 0.000002
31988000, 0.152775, 0.425937, -0.000001
31992000, 0.135496, 0.530989, -0.000001
31996000, 0.326616, 0.612129, 0.000001
32000000, 0.267236, 0.399576, 0.000001
32004000, 0.332238, 0.451920, -0.000001
32008000, -0.039835, 0.475967, -0.000002
32012000, -0.108995, 0.345989, 0.000002
32016000, -0.154446, 0.246307, -0.000000
32020000, -0.226144, -0.077830, 0.000000
32024000, 0.128105, 0.052935, -0.000004
32028000, 0.028457, 0.071830, 0.000000
32032000, 0.053510, -0.014503, -0.000002
32036000, 0.022781, 0.234818, -0.000000
32040000, 0.091547, 0.326096, 0.000001
32044000, 0.078639, 0.372762, 0.000000
32048000, 0.202223, 0.352404, -0.000001
32052000, 0.246555, 0.329423, -0.000000
32056000, 0.286024, 0.296633, -0.000000
32060000, 0.439362, 0.208493, -0.000000
32064000, 0.617144, 0.198995, 0.000000
32068000, 0.592638, 0.342512, 0.000000
32072000, 0.490063, 0.356231, 0.000002
32076000, 0.588314, 0.508016, 0.000000
32080000, 0.095392, 0.438400, 0.000000
32084000, 0.382531, 0.325751, -0.000001
32088000, 0.386978, 0.210215, -0.000000
32092000, 0.348115, 0.340050, 0.000000
32096000, 0.401539, 0.182406, 0.000001
32100000, 0.290096, 0.126794, -0.000000
32104000, 0.511426, 0.188232, 0.000001
32108000, 0.539221, 0.198381, -0.000001
32112000, 0.531696, 0.183860, 0.000001
32116000, 0.528787, 0.232494, 0.000001
32120000, 0.543350, 0.310254, 0.000000
32124000, 0.690367, 0.229126, -0.000001
32128000, 0.570604, 0.110212, 0.000001
32132000, 0.524161, 0.267015, -0.000000
32136000, 0.488714, 0.343278, -0.000001
32140000, 0.314963, 0.175265, 0.000002
32144000, 0.301077, 0.062326, -0.000002
32148000, 0.322279, 0.036615, 0.000000
32152000, 0.354615, -0.184509, -0.000001
32156000, 0.397783, -0.102327, 0.000001
32160000, 0.396612, -0.197950, -0.000000
32164000, 0.524329, -0.420055, 0.000001
32168000, 0.506097, -0.177583, 0.000000
32172000, 0.579883, -0.447182, 0.000002
32176000, 0.615310, -0.474048, 0.000001
32180000, 0.784081, -0.379691, -0.000001
32184000, 0.538649, -0.410962, -0.000000
32188000, 0.678334, -0.234459, 0.000002
32192000, 0.696344, -0.318857, 0.000002
32196000, 0.655814, -0.453559, 0.000001
32200000, 0.429687, -0.715105, 0.000001
32204000, 0.273010, -0.556938, 0.000000
32208000, 0.596927, -0.552065, 0.000002
32212000, 0.726534, -0.490327, 0.000001
32216000, 0.553368, -0.555310, -0.000000
32220000, 0.534663, -0.581250, -0.000000
32224000, 0.241102, -0.656644, -0.000001
32228000, 0.088289, -0.627334, -0.000001
32232000, -0.075513, -0.614202, 0.000001
32236000, 0.028840, -0.637277, 0.000000
32240000, -0.158486, -0.615629, -0.000000
32244000, -0.263137, -0.698552, -0.000000
32248000, -0.304280, -0.581512, 0.000001
32252000, -0.019353, -0.616936, -0.000000
32256000, 0.107390, -0.480649, 0.000002
32260000, 0.071028, -0.815036, -0.000000
32264000, -0.021428, -0.660163, -0.000000
32268000, 0.027648, -0.532295, 0.000002
32272000, 0.117001, -0.711916, -0.000001
32276000, 0.037282, -0.642061, 0.000002
32280000, 0.130313, -0.761125, -0.000000
32284000, 0.077797, -0.639268, -0.000000
32288000, -0.117358, -0.630347, 0.000001
32292000, -0.345270, -0.606970, -0.000000
32296000, -0.413030, -0.414234, -0.000000
32300000, -0.586930, -0.356473, -0.000002
32304000, -0.558433, -0.054849, -0.000001
32308000, -0.474742, -0.191295, -0.000001
32312000, -0.440009, -0.308823, -0.000002
32316000, -0.596740, -0.291529, 0.000001
32320000, -0.367596, -0.270421, 0.000001
32324000, -0.492555, -0.401921, 0.000003
32328000, -0.661455, -0.364951, -0.000001
32332000, -0.735227, -0.313118, -0.000002
32336000, -0.613610, -0.155990, -0.000002
32340000, -0.698508, -0.224324, -0.000000
32344000, -0.707603, -0.126318, -0.000001
32348000, -0.686493, -0.006843, 0.000001
32352000, -0.540370, -0.134425, -0.000000
32356000, -0.741990, -0.203515, 0.000000
32360000, -0.663080, -0.129333, -0.000000
32364000, -0.458042, -0.244426, -0.000000
32368000, -0.503016, -0.142876, 0.000001
32372000, -0.506080, -0.121539, 0.000001
32376000, -0.603338, -0.402225, -0.000000
32380000, -0.520542, -0.200097, 0.000002
32384000, -0.456364, -0.079111, -0.000001
32388000, -0.390925, -0.132994, 0.000000
32392000, -0.608003, -0.170985, 0.000002
32396000, -0.349366, -0.064319, -0.000001
32400000, -0.428635, -0.062099, 0.000002
32404000, -0.444650, -0.029978, -0.000002
32408000, -0.437598, 0.021535, -0.000000
32412000, -0.382401, 0.001701, -0.000002
32416000, -0.465924, 0.184401, -0.000002
32420000, -0.364609, 0.006064, -0.000002
32424000, -0.455345, -0.149691, -0.000000
32428000, -0.502080, 0.038074, -0.000001
32432000, -0.668794, 0.118984, 0.000001
32436000, -0.431925, -0.020479, 0.000001
32440000, -0.695648, -0.009244, 0.000001
32444000, -0.563904, 0.439150, 0.000002
32448000, -0.432185, 0.595428, 0.000000
32452000, -0.463016, 0.496092, -0.000001
32456000, -0.509261, 0.500492, 0.000003
32460000, -0.326905, 0.634377, -0.000001
32464000, -0.212619, 0.573082, -0.000000
32468000, -0.149929, 0.592897, 0.000002
32472000, 0.101430, 0.621388, -0.000000
32476000, 0.265515, 0.590804, 0.000002
32480000, 0.025505, 0.632411, -0.000000
32484000, -0.295284, 0.502030, 0.000000
32488000, -0.438794, 0.361961, -0.000001
32492000, -0.182444, 0.614155, -0.000001
32496000, -0.012045, 0.437761, -0.000001
32500000, 0.143827, 0.592422, 0.000001
32504000, -0.023229, 0.423975, 0.000000
32508000, 0.059367, 0.549154, 0.000000
32512000, 0.107047, 0.601080, -0.000001
32516000, 0.069483, 0.668649, -0.000000
32520000, 0.351167, 0.536833, 0.000001
32524000, 0.407447, 0.464849, 0.000001
32528000, 0.264303, 0.619043, -0.000001
32532000, 0.215617, 0.441998, 0.000000
32536000, 0.375860, 0.478057, -0.000000
32540000, 0.213729, 0.269871, 0.000001
32544000, 0.268863, 0.208318, 0.000001
32548000, 0.220704, 0.297023, -0.000000
32552000, 0.317067, 0.192249, 0.000001
32556000, 0.453986, 0.069254, 0.000002
32560000, 0.468784, 0.245822, 0.000000
32564000, 0.566820, 0.125177, 0.000001
32568000, 0.590484, 0.389588, -0.000000
32572000, 0.505300, 0.313931, 0.000001
32576000, 0.628995, 0.119143, -0.000002
32580000, 0.480450, 0.281102, -0.000001
32584000, 0.465913, 0.344856, -0.000001
32588000, 0.611404, 0.226466, 0.000001
32592000, 0.581714, 0.227228, 0.000000
32596000, 0.644504, 0.093139, 0.000001
32600000, 0.586580, 0.173553, 0.000000
32604000, 0.611360, 0.290940, 0.000000
32608000, 0.637068, -0.065355, -0.000001
32612000, 0.607547, 0.075588, -0.000000
32616000, 0.529677, 0.095894, 0.000000
32620000, 0.524460, -0.161741, 0.000000
32624000, 0.505904, -0.013422, 0.000001
32628000, 0.413155, 0.184405, -0.000001
32632000, 0.361949, 0.156367, -0.000001
32636000, 0.333462, 0.050571, -0.000001
32640000, 0.378507, 0.207768, -0.000000
32644000, 0.446131, 0.077588, -0.000002
32648000, 0.580634, 0.093512, -0.000001
32652000, 0.693510, -0.004125, 0.000001
32656000, 0.594675, 0.173277, 0.000001
32660000, 0.331845, -0.079404, 0.000001
32664000, 0.457294, 0.409951, -0.000001
32668000, 0.510829, 0.289061, 0.000000
32672000, 0.338225, 0.136699, -0.000002
32676000, 0.318456, 0.201442, 0.000001
32680000, 0.189420, 0.231349, -0.000003
32684000, 0.320068, 0.188283, 0.000002
32688000, 0.211764, 0.413887, 0.000001
32692000, 0.191795, 0.487973, -0.000001
32696000, 0.255725, 0.576518, -0.000000
32700000, 0.038832, 0.538835, 0.000001
32704000, 0.046963, 0.480962, 0.000002
32708000, 0.227018, 0.285498, -0.000000
32712000, 0.244243, 0.428686, -0.000000
32716000, 0.394806, 0.274660, 0.000000
32720000, 0.539273, 0.271788, 0.000000
32724000, 0.549926, 0.120828, -0.000001
32728000, 0.430371, 0.294480, -0.000000
32732000, 0.480806, 0.240184, -0.000001
32736000, 0.560935, 0.077138, 0.000002
32740000, 0.686755, 0.109343, 0.000000
32744000, 0.647083, 0.067995, 0.000000
32748000, 0.662432, 0.495316, 0.000000
32752000, 0.287288, 0.598646, 0.000000
32756000, 0.250794, 0.586188, -0.000001
32760000, 0.627353, 0.451063, -0.000001
32764000, 0.675265, 0.521990, -0.000003
32768000, 0.366359, 0.653408, 0.000002
32772000, 0.274880, 0.646995, -0.000000
32776000, 0.024464, 0.718301, 0.000003
32780000, -0.063278, 0.749750, -0.000000
32784000, 0.312482, 0.734356, 0.000001
32788000, 0.316950, 0.828203, -0.000000
32792000, 0.109544, 0.746796, 0.000001
32796000, 0.009025, 0.773788, -0.000002
32800000, 0.163342, 0.728552, 0.000001
32804000, 0.338405, 0.678321, 0.000000
32808000, 0.259040, 0.435895, 0.000002
32812000, 0.435522, 0.521708, -0.000003
32816000, 0.400611, 0.653768, -0.000002
32820000, 0.566945, 0.645694, -0.000000
32824000, 0.388217, 0.700459, -0.000001
32828000, 0.369549, 0.784299, 0.000001
32832000, 0.213013, 0.566728, 0.000001
32836000, 0.069134, 0.430817, -0.000001
32840000, 0.149347, 0.499268, 0.000002
32844000, 0.246884, 0.540181, 0.000002
32848000, 0.281735, 0.367569, -0.000000
32852000, -0.038827, 0.322364, 0.000002
32856000, 0.146500, 0.249980, -0.000001
32860000, 0.075626, 0.270202, 0.000001
32864000, -0.063714, 0.371963, -0.000001
32868000, -0.257367, 0.266011, -0.000002
32872000, -0.321085, 0.198630, 0.000001
32876000, -0.486643, 0.178687, -0.000000
32880000, -0.449957, 0.224139, -0.000001
32884000, -0.519795, 0.233848, -0.000000
32888000, -0.298364, 0.088372, -0.000002
32892000, -0.476708, 0.129229, 0.000003
32896000, -0.345937, 0.112291, 0.000001
32900000, -0.426825, 0.174321, 0.000000
32904000, -0.414363, -0.008554, -0.000001
32908000, -0.528826, -0.115279, 0.000000
32912000, -0.407640, -0.136158, -0.000001
32916000, -0.665745, -0.395408, -0.000000
32920000, -0.509599, -0.171121, 0.000000
32924000, -0.521235, -0.142098, -0.000000
32928000, -0.288847, -0.061614, -0.000001
32932000, -0.371325, 0.085580, 0.000001
32936000, -0.558356, 0.006128, -0.000001
32940000, -0.419278, -0.097522, 0.000001
32944000, -0.435861, 0.187674, 0.000002
32948000, -0.537381, -0.052405, -0.000001
32952000, -0.520758, -0.181261, 0.000002
32956000, -0.392651, -0.471350, -0.000001
32960000, -0.443944, -0.391367, 0.000000
32964000, -0.403008, -0.498659, -0.000002
32968000, -0.404190, -0.457726, -0.000001
32972000, -0.232331, -0.415223, 0.000002
32976000, -0.405270, -0.511699, 0.000002
32980000, -0.244012, -0.438339, -0.000000
32984000, -0.159054, -0.373197, 0.000002
32988000, -0.191931, -0.302430, 0.000001
32992000, -0.398655, -0.429396, 0.000001
32996000, -0.449187, -0.331676, 0.000000
33000000, -0.190979, -0.532469, -0.000002
33004000, -0.229179, -0.570840, 0.000000
33008000, -0.275967, -0.550778, -0.000000
33012000, -0.104725, -0.509958, -0.000001
33016000, 0.076034, -0.484008, -0.000000
33020000, 0.224217, -0.328981, 0.000001
33024000, 0.086333, -0.471502, 0.000001
33028000, 0.174192, -0.492499, 0.000001
33032000, 0.061084, -0.576528, 0.000001
33036000, 0.062904, -0.583766, -0.000001
33040000, -0.059451, -0.675962, -0.000001
33044000, -0.163483, -0.444265, -0.000000
33048000, -0.000739, -0.640589, -0.000002
33052000, -0.015368, -0.532496, 0.000001
33056000, -0.042881, -0.601317, 0.000001
33060000, -0.091650, -0.323437, -0.000000
33064000, -0.085526, -0.396637, -0.000001
33068000, -0.159770, -0.370786, -0.000002
33072000, -0.380162, -0.093391, -0.000001
33076000, -0.352940, -0.115710, 0.000002
33080000, -0.177117, -0.443223, -0.000001
33084000, -0.176621, -0.158915, -0.000001
33088000, -0.374522, -0.048193, -0.000001
33092000, -0.321750, -0.071083, 0.000003
33096000, -0.365183, -0.135661, 0.000000
33100000, -0.427777, 0.067564, 0.000001
33104000, -0.515586, 0.073987, 0.000001
33108000, -0.414960, 0.325386, 0.000001
33112000, -0.396411, 0.140851, -0.000000
33116000, -0.445699, 0.053372, 0.000000
33120000, -0.411994, 0.051633, 0.000001
33124000, -0.491121, 0.150584, -0.000000
33128000, -0.436426, -0.018597, -0.000001
33132000, -0.465893, 0.297813, 0.000001
33136000, -0.389007, 0.283957, -0.000001
33140000, -0.425381, 0.188487, -0.000002
33144000, -0.509398, 0.087101, 0.000001
33148000, -0.420724, 0.282016, -0.000004
33152000, -0.187954, 0.314376, -0.000001
33156000, -0.311716, 0.278542, 0.000001
33160000, -0.274849, 0.423591, -0.000001
33164000, -0.488253, 0.061009, 0.000001
33168000, -0.696730, -0.208284, -0.000001
33172000, -0.690178, -0.130729, -0.000000
33176000, -0.654026, -0.383519, 0.000002
33180000, -0.331400, -0.551874, -0.000000
33184000, -0.331628, -0.615355, -0.000002
33188000, -0.167448, -0.661428, -0.000000
33192000, -0.134661, -0.535505, -0.000001
33196000, -0.368899, -0.520251, 0.000002
33200000, -0.153511, -0.416900, 0.000000
33204000, -0.108515, -0.603804, -0.000001
33208000, 0.042033, -0.577997, 0.000001
33212000, -0.059016, -0.474737, -0.000000
33216000, -0.235968, -0.539518, -0.000001
33220000, -0.134733, -0.513119, -0.000002
33224000, -0.264745, -0.320639, -0.000000
33228000, -0.071643, -0.559778, -0.000001
33232000, -0.148637, -0.618390, -0.000000
33236000, -0.244122, -0.500442, 0.000000
33240000, -0.404360, -0.326607, 0.000000
33244000, -0.500714, -0.303389, 0.000003
33248000, -0.437948, -0.380403, -0.000001
33252000, -0.433749, -0.298337, 0.000001
33256000, -0.536371, -0.476693, 0.000001
33260000, -0.607811, -0.288364, 0.000001
33264000, -0.444092, -0.449733, 0.000001
33268000, -0.422396, -0.547933, -0.000002
33272000, -0.422536, -0.474656, -0.000001
33276000, -0.402592, -0.428487, 0.000000
33280000, -0.401677, -0.541386, -0.000002
33284000, -0.250476, -0.473465, 0.000000
33288000, -0.231037, -0.514902, -0.000001
33292000, -0.373493, -0.718841, -0.000000
33296000, -0.219189, -0.614991, 0.000001
33300000, -0.315113, -0.703793, -0.000004
33304000, -0.301596, -0.704112, -0.000001
33308000, -0.381816, -0.714237, 0.000003
33312000, -0.377186, -0.671821, 0.000000
33316000, -0.592428, -0.557057, -0.000000
33320000, -0.398156, -0.635126, 0.000001
33324000, -0.544851, -0.708609, -0.000001
33328000, -0.584786, -0.429464, -0.000002
33332000, -0.686041, -0.461684, -0.000000
33336000, -0.610979, -0.354229, -0.000000
33340000, -0.499589, -0.435588, -0.000000
33344000, -0.500644, -0.653450, 0.000001
33348000, -0.808065, -0.362446, 0.000001
33352000, -0.771578, -0.339806, 0.000000
33356000, -0.550873, -0.750723, -0.000002
33360000, -0.190184, -0.745338, 0.000000
33364000, -0.570755, -0.721653, -0.000000
33368000, -0.230025, -0.646517, 0.000003
33372000, -0.179861, -0.661173, 0.000002
33376000, -0.027265, -0.601690, -0.000001
33380000, -0.205450, -0.564515, 0.000000
33384000, 0.084846, -0.640528, 0.000001
33388000, 0.018169, -0.718875, -0.000002
33392000, -0.008755, -0.783139, -0.000000
33396000, -0.002401, -0.583111, -0.000000
33400000, -0.101602, -0.458236, -0.000004
33404000, -0.074809, -0.598334, 0.000000
33408000, -0.123066, -0.458435, 0.000002
33412000, -0.332999, -0.571009, -0.000001
33416000, -0.374171, -0.399709, 0.000001
33420000, -0.412096, -0.395102, 0.000002
33424000, -0.309820, -0.227659, 0.000000
33428000, -0.272010, -0.331315, -0.000000
33432000, -0.416986, -0.426572, -0.000001
33436000, -0.302681, -0.394099, 0.000001
33440000, -0.337990, -0.499189, -0.000001
33444000, -0.136220, -0.398415, 0.000002
33448000, -0.213176, -0.560010, -0.000001
33452000, -0.104942, -0.527413, -0.000001
33456000, -0.253714, -0.771729, -0.000000
33460000, -0.568401, -0.697012, 0.000002
33464000, -0.454633, -0.632121, 0.000002
33468000, -0.561235, -0.450352, -0.000001
33472000, -0.569365, -0.281152, 0.000001
33476000, -0.597031, -0.480759, 0.000001
33480000, -0.699127, -0.317439, 0.000001
33484000, -0.509457, -0.472583, 0.000002
33488000, -0.595466, -0.289140, -0.000001
33492000, -0.467648, -0.470529, 0.000002
33496000, -0.013531, -0.548938, -0.000001
33500000, -0.062671, -0.570739, -0.000001
33504000, -0.133534, -0.572828, 0.000000
33508000, -0.044619, -0.529159, 0.000000
33512000, -0.087311, -0.358605, -0.000001
33516000, 0.142585, -0.550414, 0.000002
33520000, 0.121095, -0.377366, -0.000001
33524000, 0.163375, -0.461293, 0.000001
33528000, -0.076928, -0.661730, -0.000001
33532000, -0.069355, -0.271359, 0.000002
33536000, -0.095523, -0.323077, 0.000000
33540000, -0.199062, -0.211140, 0.000000
33544000, -0.039423, -0.577085, -0.000002
33548000, -0.124184, -0.430514, 0.000000
33552000, -0.080117, -0.215979, -0.000002
33556000, -0.132450, -0.135535, -0.000001
33560000, -0.145205, 0.052869, -0.000001
33564000, 0.108490, 0.006356, -0.000001
33568000, -0.244370, -0.066197, 0.000000
33572000, -0.216825, 0.073160, 0.000001
33576000, -0.254119, 0.088969, 0.000001
33580000, -0.110797, 0.113562, -0.000002
33584000, 0.037825, -0.003273, 0.000001
33588000, 0.162667, 0.079850, 0.000000
33592000, 0.035285, -0.112639, -0.000001
33596000, 0.092624, -0.058490, -0.000001
33600000, -0.073668, 0.092111, 0.000000
33604000, -0.090843, 0.151255, -0.000000
33608000, 0.138955, 0.243671, 0.000001
33612000, 0.028582, 0.309603, 0.000000
33616000, 0.041013, 0.239677, 0.000000
33620000, 0.118469, 0.176778, -0.000001
33624000, -0.077490, 0.302248, 0.000001
33628000, -0.183676, 0.246632, 0.000001
33632000, -0.102983, 0.407464, -0.000000
33636000, -0.057290, 0.329092, 0.000003
33640000, 0.051211, 0.501856, 0.000001
33644000, 0.219375, 0.657557, -0.000001
33648000, 0.191797, 0.563170, 0.000001
33652000, 0.207084, 0.499912, 0.000001
33656000, 0.264342, 0.394021, -0.000000
33660000, 0.293237, 0.354738, -0.000001
33664000, 0.063518, 0.360800, -0.000000
33668000, -0.089272, 0.357726, 0.000001
33672000, -0.434165, 0.312932, -0.000001
33676000, -0.463383, 0.366565, 0.000000
33680000, -0.142159, 0.351783, -0.000001
33684000, 0.068972, 0.428997, -0.000001
33688000, -0.108058, 0.435046, -0.000000
33692000, -0.006844, 0.462367, -0.000002
33696000, -0.093729, 0.476157, 0.000000
33700000, 0.033755, 0.366526, -0.000001
33704000, 0.127542, 0.403894, -0.000002
33708000, 0.156373, 0.638753, 0.000001
33712000, 0.192144, 0.592315, 0.000001
33716000, 0.411038, 0.559022, 0.000000
33720000, 0.224866, 0.426431, -0.000001
33724000, 0.477441, 0.201695, 0.000001
33728000, 0.388268, 0.132325, -0.000000
33732000, 0.410950, 0.117695, 0.000000
33736000, 0.281802, 0.125881, 0.000000
33740000, 0.137424, 0.391888, -0.000002
33744000, 0.205386, 0.481297, -0.000001
33748000, 0.236633, 0.540554, 0.000002
33752000, 0.081368, 0.243711, 0.000001
33756000, 0.253965, 0.162920, 0.000001
33760000, 0.217066, 0.403307, -0.000001
33764000, 0.076048, 0.482591, 0.000000
33768000, 0.060413, 0.116797, 0.000000
33772000, 0.072512, 0.144872, 0.000002
33776000, -0.021673, 0.414165, -0.000000
33780000, 0.055956, 0.400296, 0.000001
33784000, 0.016142, 0.500931, -0.000000
33788000, -0.006452, 0.385554, -0.000002
33792000, -0.117080, 0.409319, 0.000001
33796000, 0.204788, 0.456386, 0.000001
33800000, 0.299089, 0.381509, 0.000001
33804000, 0.173637, 0.339585, -0.000000
33808000, 0.288163, 0.205528, -0.000000
33812000, 0.270285, 0.389610, 0.000001
33816000, 0.203479, 0.468402, 0.000000
33820000, 0.174683, 0.562429, -0.000001
33824000, 0.288004, 0.411504, -0.000000
33828000, 0.073284, 0.282568, -0.000001
33832000, 0.263791, 0.386147, -0.000000
33836000, -0.141535, 0.374597, 0.000000
33840000, -0.242550, 0.419219, 0.000002
33844000, -0.220530, 0.586494, 0.000001
33848000, -0.216130, 0.524910, 0.000001
33852000, -0.489752, 0.516248, -0.000002
33856000, -0.573358, 0.267647, 0.000000
33860000, -0.704340, 0.358307, -0.000000
33864000, -0.621992, 0.165026, -0.000002
33868000, -0.349709, 0.423485, -0.000001
33872000, -0.079400, 0.291586, -0.000001
33876000, -0.115521, 0.012269, -0.000002
33880000, 0.062217, -0.219864, 0.000002
33884000, 0.029200, -0.075814, 0.000001
33888000, 0.059547, -0.033286, -0.000001
33892000, 0.103513, 0.023326, -0.000000
33896000, 0.083056, 0.006077, 0.000000
33900000, -0.014000, -0.005689, 0.000000
33904000, 0.196747, 0.007357, -0.000000
33908000, 0.040303, -0.055174, 0.000001
33912000, 0.048917, -0.259806, 0.000000
33916000, 0.050756, -0.241227, -0.000000
33920000, 0.171442, -0.363752, 0.000000
33924000, 0.201128, -0.292641, -0.000001
33928000, 0.030031, -0.247376, 0.000000
33932000, -0.119637, -0.127439, -0.000001
33936000, -0.010212, -0.020755, 0.000002
33940000, -0.189199, 0.087887, -0.000001
33944000, -0.204757, 0.090972, 0.000000
33948000, -0.098963, -0.016070, 0.000001
33952000, -0.106246, 0.023076, -0.000001
33956000, -0.184141, 0.135276, -0.000002
33960000, 0.094495, 0.063718, -0.000000
33964000, 0.303732, 0.190172, 0.000000
33968000, 0.183168, 0.163330, -0.000001
33972000, 0.053165, 0.099271, 0.000002
33976000, 0.155351, 0.126641, 0.000001
33980000, 0.068168, 0.263539, 0.000001
33984000, -0.170054, 0.328568, 0.000000
33988000, -0.009661, 0.235455, -0.000001
33992000, -0.137824, 0.125599, 0.000002
33996000, 0.189647, 0.324073, -0.000000
34000000, -0.210970, 0.268968, -0.000002
34004000, -0.441333, 0.285269, -0.000001
34008000, -0.397724, 0.573669, -0.000001
34012000, -0.448227, 0.523019, 0.000000
34016000, -0.244710, 0.507997, 0.000001
34020000, -0.441122, 0.565471, 0.000002
34024000, -0.541242, 0.464007, 0.000001
34028000, -0.550731, 0.405579, -0.000002
34032000, -0.515498, 0.468544, -0.000001
34036000, -0.541467, 0.511487, -0.000001
34040000, -0.689891, 0.301447, -0.000001
34044000, -0.638394, 0.156217, -0.000001
34048000, -0.556280, 0.168620, -0.000001
34052000, -0.360133, 0.028000, -0.000001
34056000, -0.227395, -0.027642, 0.000000
34060000, -0.344984, -0.070992, 0.000000
34064000, -0.137357, -0.101969, 0.000000
34068000, -0.509450, -0.127774, 0.000001
34072000, -0.642753, -0.032476, 0.000000
34076000, -0.625433, 0.141892, -0.000000
34080000, -0.549336, 0.121290, -0.000001
34084000, -0.361648, 0.027679, 0.000001
34088000, -0.311493, 0.074965, 0.000000
34092000, -0.331496, -0.010901, 0.000001
34096000, -0.445052, -0.087688, -0.000001
34100000, -0.388171, -0.056651, -0.000001
34104000, -0.230602, -0.039870, 0.000000
34108000, -0.459506, -0.055793, -0.000002
34112000, -0.609072, -0.175552, -0.000002
34116000, -0.522925, -0.170548, 0.000002
34120000, -0.336904, -0.069844, 0.000001
34124000, -0.243150, -0.148243, 0.000000
34128000, -0.124723, 0.107895, -0.000000
34132000, -0.069618, 0.079409, 0.000001
34136000, 0.009729, 0.127269, -0.000000
34140000, 0.188695, 0.009063, -0.000000
34144000, 0.150109, 0.262533, -0.000001
34148000, 0.297120, 0.181678, -0.000000
34152000, 0.178258, 0.282766, -0.000000
34156000, 0.188818, 0.227755, 0.000000
34160000, -0.038417, 0.173552, 0.000002
34164000, -0.158742, 0.044704, -0.000000
34168000, -0.175199, 0.124655, -0.000001
34172000, 0.050646, 0.122370, -0.000001
34176000, -0.065304, 0.241431, 0.000000
34180000, -0.146094, 0.334508, 0.000001
34184000, -0.057007, 0.132741, 0.000002
34188000, -0.095677, 0.132659, 0.000002
34192000, -0.202033, 0.065999, -0.000000
34196000, -0.064962, 0.156587, -0.000000
34200000, -0.074433, 0.322141, -0.000000
34204000, -0.200232, 0.337636, -0.000001
34208000, -0.220425, 0.033150, 0.000002
34212000, -0.059310, 0.010545, -0.000000
34216000, -0.076877, 0.071421, 0.000000
34220000, -0.206353, -0.008540, -0.000002
34224000, -0.149378, 0.186896, 0.000000
34228000, -0.030212, 0.132601, -0.000001
34232000, -0.084511, 0.080808, 0.000001
34236000, 0.037767, 0.074509, 0.000001
34240000, -0.117454, -0.035294, -0.000000
34244000, -0.059162, 0.028530, 0.000001
34248000, 0.018194, -0.194108, 0.000002
34252000, -0.128078, -0.198505, -0.000001
34256000, -0.263597, -0.045544, -0.000001
34260000, -0.321123, -0.237166, -0.000001
34264000, -0.265873, -0.031173, -0.000002
34268000, -0.345622, -0.100933, 0.000001
34272000, -0.429160, -0.179688, 0.000003
34276000, -0.602700, -0.015597, 0.000000
34280000, -0.442228, -0.089880, -0.000001
34284000, -0.374654, -0.094141, -0.000000
34288000, -0.400505, -0.013648, -0.000003
34292000, -0.070671, -0.212675, 0.000001
34296000, -0.284689, -0.319688, 0.000003
34300000, -0.660281, -0.330131, -0.000001
34304000, -0.593425, -0.335874, 0.000000
34308000, -0.562757, -0.416671, 0.000001
34312000, -0.379544, -0.465483, -0.000001
34316000, -0.574361, -0.448581, -0.000002
34320000, -0.481923, -0.327365, -0.000001
34324000, -0.689546, -0.379184, 0.000000
34328000, -0.804259, -0.489887, -0.000000
34332000, -0.631075, -0.700663, -0.000001
34336000, -0.485737, -0.600338, 0.000002
34340000, -0.491221, -0.595376, 0.000002
34344000, -0.402977, -0.632259, 0.000002
34348000, -0.281996, -0.799558, -0.000001
34352000, -0.408402, -0.689282, 0.000001
34356000, -0.406704, -0.657783, -0.000000
34360000, -0.449112, -0.580768, 0.000001
34364000, -0.601600, -0.717728, 0.000000
34368000, -0.378757, -0.627704, -0.000000
34372000, -0.625306, -0.606386, 0.000001
34376000, -0.557376, -0.529671, 0.000000
34380000, -0.885272, -0.385003, -0.000000
34384000, -0.512695, -0.180866, 0.000000
34388000, -0.767796, -0.367939, 0.000001
34392000, -0.718443, -0.416298, 0.000000
34396000, -0.669615, -0.390528, -0.000003
34400000, -0.604745, -0.459546, -0.000001
34404000, -0.505946, -0.165459, 0.000001
34408000, -0.561671, -0.482483, -0.000000
34412000, -0.567390, -0.413917, -0.000001
34416000, -0.492398, -0.644455, -0.000000
34420000, -0.615470, -0.607850, -0.000001
34424000, -0.629684, -0.413756, 0.000001
34428000, -0.743568, -0.273971, 0.000002
34432000, -0.784226, -0.469461, -0.000000
34436000, -0.721904, -0.535037, -0.000003
34440000, -0.712836, -0.771549, -0.000002
34444000, -0.818897, -0.544211, 0.000001
34448000, -0.715985, -0.634103, 0.000001
34452000, -0.706130, -0.413846, -0.000003
34456000, -0.712064, -0.415907, 0.000001
34460000, -0.691260, -0.328599, -0.000001
34464000, -0.672469, -0.513495, 0.000001
34468000, -0.683827, -0.228186, -0.000001
34472000, -0.687024, -0.334414, 0.000001
34476000, -0.583353, -0.454358, 0.000001
34480000, -0.516280, -0.434654, 0.000000
34484000, -0.562354, -0.536747, 0.000001
34488000, -0.426481, -0.492559, 0.000002
34492000, -0.691188, -0.581543, 0.000001
34496000, -0.515194, -0.651558, -0.000000
34500000, -0.472401, -0.715795, -0.000001
34504000, -0.297878, -0.734341, -0.000001
34508000, -0.485733, -0.713276, 0.000000
34512000, -0.554001, -0.782003, 0.000002
34516000, -0.355070, -0.869815, 0.000000
34520000, -0.180745, -0.792588, -0.000001
34524000, -0.074354, -0.741750, -0.000000
34528000, -0.306586, -0.831936, -0.000000
34532000, -0.123224, -0.830498, 0.000001
34536000, -0.006406, -0.937017, 0.000001
34540000, 0.112500, -0.841422, 0.000002
34544000, 0.115061, -0.849879, 0.000000
34548000, 0.299450, -0.704588, 0.000001
34552000, 0.337570, -0.923580, -0.000001
34556000, -0.133452, -0.823918, -0.000002
34560000, -0.073462, -0.903678, -0.000000
34564000, 0.025297, -0.888901, -0.000001
34568000, -0.364751, -0.742783, 0.000001
34572000, -0.246221, -0.829457, -0.000002
34576000, -0.151870, -0.975851, -0.000000
34580000, -0.207767, -0.789114, 0.000001
34584000, -0.137132, -0.654770, 0.000002
34588000, -0.317396, -0.692711, 0.000001
34592000, -0.454436, -0.645906, -0.000002
34596000, -0.401034, -0.700969, 0.000001
34600000, -0.172323, -0.748450, -0.000002
34604000, -0.404716, -0.551591, 0.000001
34608000, -0.487405, -0.611253, 0.000001
34612000, -0.286008, -0.607008, 0.000001
34616000, -0.309507, -0.602675, -0.000001
34620000, -0.340379, -0.567219, -0.000000
34624000, -0.144535, -0.699596, 0.000000
34628000, -0.192947, -0.723567, 0.000001
34632000, -0.195061, -0.831832, -0.000000
34636000, -0.347571, -0.615499, -0.000001
34640000, -0.359386, -0.633872, 0.000000
34644000, -0.051154, -0.605853, 0.000002
34648000, -0.090328, -0.554542, -0.000000
34652000, -0.218374, -0.489592, 0.000000
34656000, -0.119636, -0.435762, 0.000001
34660000, -0.271820, -0.240958, 0.000000
34664000, -0.383090, -0.424329, -0.000001
34668000, -0.356070, -0.472361, 0.000000
34672000, -0.496815, -0.445294, -0.000001
34676000, -0.657324, -0.366097, -0.000000
34680000, -0.430974, -0.309037, 0.000000
34684000, -0.466078, -0.379918, 0.000001
34688000, -0.563894, -0.254460, 0.000000
34692000, -0.664159, -0.295534, -0.000001
34696000, -0.694076, -0.349675, 0.000001
34700000, -0.809837, -0.192812, 0.000000
34704000, -0.640384, -0.274530, -0.000003
34708000, -0.719240, -0.387958, 0.000002
34712000, -0.521528, -0.409324, -0.000001
34716000, -0.739403, -0.376201, -0.000000
34720000, -0.629997, -0.331755, -0.000001
34724000, -0.720503, -0.074585, 0.000000
34728000, -0.637424, -0.099223, -0.000002
34732000, -0.601674, 0.167683, -0.000001
34736000, -0.460423, -0.039226, -0.000003
34740000, -0.404923, 0.118687, 0.000001
34744000, -0.301513, 0.151533, -0.000001
34748000, -0.166528, 0.171931, 0.000002
34752000, -0.259595, 0.166855, 0.000001
34756000, -0.156271, 0.175401, -0.000001
34760000, -0.278897, -0.012228, 0.000000
34764000, -0.202246, 0.092940, -0.000002
34768000, -0.053001, 0.041423, -0.000001
34772000, -0.202932, 0.071112, 0.000001
34776000, -0.118081, 0.146774, -0.000001
34780000, -0.398204, 0.210911, -0.000001
34784000, -0.457963, 0.123268, -0.000001
34788000, -0.519320, 0.048620, -0.000000
34792000, -0.358781, -0.026733, -0.000001
34796000, -0.279503, -0.197713, -0.000001
34800000, -0.168686, -0.211939, -0.000002
34804000, -0.483021, -0.279120, 0.000000
34808000, -0.497167, -0.150737, -0.000002
34812000, -0.667869, -0.229030, 0.000002
34816000, -0.729373, -0.083014, -0.000001
34820000, -0.653278, -0.296200, -0.000000
34824000, -0.662983, -0.133076, -0.000001
34828000, -0.518865, -0.161890, 0.000001
34832000, -0.597676, -0.091205, -0.000001
34836000, -0.753633, -0.116714, 0.000001
34840000, -0.728973, -0.500985, -0.000001
34844000, -0.746515, -0.269139, 0.000000
34848000, -0.798290, -0.294334, 0.000002
34852000, -0.601623, -0.237642, 0.000003
34856000, -0.659978, -0.352459, -0.000002
34860000, -0.733144, -0.003371, 0.000000
34864000, -0.730810, 0.308507, 0.000001
34868000, -0.632994, 0.115356, 0.000000
34872000, -0.647177, 0.279525, 0.000001
34876000, -0.667385, 0.232160, 0.000001
34880000, -0.783059, 0.238411, 0.000001
34884000, -0.732389, 0.206117, -0.000002
34888000, -0.564285, 0.604095, -0.000001
34892000, -0.611693, 0.665922, 0.000000
34896000, -0.646455, 0.611702, 0.000001
34900000, -0.583207, 0.300334, -0.000000
34904000, -0.755142, 0.381710, -0.000000
34908000, -0.759734, 0.114098, -0.000000
34912000, -0.705325, 0.232498, -0.000000
34916000, -0.637735, -0.039548, -0.000000
34920000, -0.385007, -0.106468, 0.000000
34924000, -0.412768, -0.211291, 0.000000
34928000, -0.665243, -0.001494, 0.000003
34932000, -0.648027, -0.043447, 0.000001
34936000, -0.545247, -0.115151, 0.000001
34940000, -0.649297, -0.099333, -0.000001
34944000, -0.654924, -0.099313, 0.000002
34948000, -0.576954, 0.107576, -0.000001
34952000, -0.658725, -0.034945, -0.000001
34956000, -0.664299, 0.069036, -0.000000
34960000, -0.675475, -0.150145, -0.000001
34964000, -0.537384, -0.657118, -0.000000
34968000, -0.446142, -0.524474, -0.000002
34972000, -0.591058, -0.429271, -0.000003
34976000, -0.332028, -0.398818, -0.000001
34980000, -0.530746, -0.414140, 0.000002
34984000, -0.402394, -0.374506, -0.000000
34988000, -0.490509, -0.393165, -0.000000
34992000, -0.626325, -0.157904, -0.000000
34996000, -0.638826, -0.187125, 0.000000
35000000, -0.535440, 0.088205, -0.000001
35004000, -0.621659, 0.216216, 0.000001
35008000, -0.706396, 0.111555, 0.000001
35012000, -0.819835, 0.184866, -0.000002
35016000, -0.650959, 0.117145, 0.000001
35020000, -0.773403, 0.322503, -0.000002
35024000, -0.822965, 0.513122, -0.000000
35028000, -0.692593, 0.626229, 0.000000
35032000, -0.733170, 0.573659, -0.000000
35036000, -0.682859, 0.427616, 0.000000
35040000, -0.625163, 0.597504, -0.000000
35044000, -0.640746, 0.654214, -0.000001
35048000, -0.619130, 0.712677, 0.000002
35052000, -0.845482, 0.301304, 0.000003
35056000, -0.731827, 0.132739, -0.000001
35060000, -0.799688, 0.275243, -0.000001
35064000, -1.050887, 0.022074, 0.000002
35068000, -0.959702, -0.067967, -0.000002
35072000, -0.840156, -0.010415, -0.000002
35076000, -0.664280, -0.017090, -0.000001
35080000, -0.883920, -0.162431, -0.000001
35084000, -0.933167, -0.225067, -0.000001
35088000, -0.804066, -0.288575, 0.000000
35092000, -0.740773, -0.432240, -0.000000
35096000, -0.844461, -0.379695, 0.000000
35100000, -0.723539, -0.364262, 0.000001
35104000, -0.544960, -0.553799, -0.000002
35108000, -0.490111, -0.543169, 0.000001
35112000, -0.603975, -0.314767, -0.000001
35116000, -0.431747, -0.257507, -0.000000
35120000, -0.549820, -0.349133, -0.000001
35124000, -0.330440, -0.528829, 0.000001
35128000, -0.372051, -0.585912, 0.000001
35132000, -0.197469, -0.591418, 0.000001
35136000, -0.189267, -0.503453, -0.000000
35140000, -0.399129, -0.634085, -0.000001
35144000, -0.442235, -0.459758, 0.000000
35148000, -0.472057, -0.323631, -0.000001
35152000, -0.315038, -0.263363, 0.000001
35156000, -0.334291, -0.086333, -0.000000
35160000, -0.462988, -0.068523, -0.000002
35164000, -0.528515, -0.286019, 0.000000
35168000, -0.465492, -0.195792, 0.000002
35172000, -0.478726, -0.103710, -0.000002
35176000, -0.635030, -0.291667, -0.000001
35180000, -0.659959, -0.209398, 0.000001
35184000, -0.765120, -0.383463, 0.000000
35188000, -0.528268, -0.465460, -0.000001
35192000, -0.693066, -0.388448, 0.000001
35196000, -0.464649, -0.399547, -0.000001
35200000, -0.336470, -0.270548, -0.000001
35204000, -0.428266, -0.472135, -0.000000
35208000, -0.341034, -0.402570, -0.000001
35212000, -0.309970, -0.345392, 0.000002
35216000, -0.438877, -0.541184, -0.000001
35220000, -0.577791, -0.196000, -0.000001
35224000, -0.634822, -0.052222, 0.000000
35228000, -0.527000, -0.168017, 0.000000
35232000, -0.614893, -0.253898, -0.000002
35236000, -0.461938, -0.206424, -0.000001
35240000, -0.481617, -0.055458, 0.000000
35244000, -0.680584, 0.119793, 0.000001
35248000, -0.696750, 0.207556, -0.000000
35252000, -0.767100, 0.205113, -0.000001
35256000, -0.762434, 0.207666, 0.000002
35260000, -0.701489, 0.277301, 0.000001
35264000, -0.697936, 0.160932, -0.000000
35268000, -0.796374, 0.040415, 0.000002
35272000, -0.748382, -0.054203, -0.000000
35276000, -0.734819, -0.027962, -0.000001
35280000, -0.566047, -0.024424, 0.000000
35284000, -0.739486, -0.106907, -0.000001
35288000, -0.693088, -0.210260, 0.000002
35292000, -0.615392, -0.351158, 0.000000
35296000, -0.870985, -0.112893, -0.000001
35300000, -0.875278, 0.007531, 0.000001
35304000, -0.856661, 0.044833, 0.000002
35308000, -0.756873, -0.162119, -0.000000
35312000, -0.821351, -0.225010, -0.000000
35316000, -0.738192, -0.368660, 0.000000
35320000, -0.569551, -0.362639, -0.000001
35324000, -0.677608, -0.115377, 0.000001
35328000, -0.657228, -0.525857, 0.000002
35332000, -0.801088, -0.360406, -0.000002
35336000, -0.593794, -0.310812, 0.000000
35340000, -0.635010, -0.388188, 0.000002
35344000, -0.703833, -0.443853, -0.000001
35348000, -0.655568, -0.263589, -0.000001
35352000, -0.512549, -0.382253, -0.000001
35356000, -0.551302, -0.538233, -0.000000
35360000, -0.493279, -0.516177, -0.000001
35364000, -0.578594, -0.470462, -0.000001
35368000, -0.536538, -0.486672, 0.000002
35372000, -0.436144, -0.618635, -0.000001
35376000, -0.289459, -0.713583, -0.000001
35380000, -0.477168, -0.662929, -0.000001
35384000, -0.531075, -0.602780, 0.000002
35388000, -0.733186, -0.352641, 0.000001
35392000, -0.500983, -0.113948, 0.000000
35396000, -0.533568, 0.093138, 0.000001
35400000, -0.569819, -0.203696, 0.000001
35404000, -0.423389, -0.345839, -0.000001
35408000, -0.258771, -0.046436, 0.000004
35412000, -0.461402, -0.147988, -0.000001
35416000, -0.441174, 0.126506, 0.000001
35420000, -0.490828, 0.195171, 0.000000
35424000, -0.475611, 0.471326, -0.000001
35428000, -0.552704, 0.275674, 0.000001
35432000, -0.425931, 0.236970, -0.000002
35436000, -0.324403, 0.443150, -0.000000
35440000, -0.228798, 0.360254, -0.000000
35444000, -0.234089, 0.491568, -0.000000
35448000, -0.400242, 0.374166, -0.000001
35452000, -0.295971, 0.340764, 0.000000
35456000, -0.370330, 0.340051, -0.000003
35460000, -0.176979, 0.015449, 0.000002
35464000, -0.372822, 0.047057, 0.000002
35468000, -0.513377, -0.116437, 0.000000
35472000, -0.242309, 0.063826, -0.000001
35476000, -0.114722, 0.156852, -0.000001
35480000, -0.183942, 0.013149, -0.000003
35484000, -0.385999, 0.137803, -0.000001
35488000, -0.411593, -0.045360, 0.000000
35492000, -0.357344, -0.094074, 0.000001
35496000, -0.173143, 0.042631, 0.000002
35500000, -0.064297, 0.273767, 0.000000
35504000, -0.353337, -0.001925, -0.000001
35508000, -0.408543, 0.118706, 0.000001
35512000, -0.537534, -0.031574, 0.000001
35516000, -0.629349, -0.009115, 0.000000
35520000, -0.614865, -0.128899, -0.000002
35524000, -0.394342, -0.086955, 0.000001
35528000, -0.405955, -0.205329, -0.000000
35532000, -0.565101, -0.129462, 0.000001
35536000, -0.482757, -0.039194, 0.000002
35540000, -0.384247, -0.032291, -0.000000
35544000, -0.428394, -0.050439, 0.000001
35548000, -0.579321, -0.069757, -0.000001
35552000, -0.372656, 0.133314, -0.000001
35556000, -0.490691, -0.200732, -0.000001
35560000, -0.726103, -0.113780, 0.000001
35564000, -0.606404, -0.130789, 0.000001
35568000, -0.582744, 0.106639, -0.000002
35572000, -0.431299, 0.262704, -0.000000
35576000, -0.553385, 0.178567, 0.000001
35580000, -0.587188, -0.069991, 0.000002
35584000, -0.462675, -0.036780, 0.000000
35588000, -0.600344, -0.088872, 0.000002
35592000, -0.595166, -0.035462, -0.000001
35596000, -0.387474, -0.165385, -0.000002
35600000, -0.584581, -0.253748, -0.000001
35604000, -0.604391, -0.282876, 0.000000
35608000, -0.475058, -0.180847, -0.000001
35612000, -0.470194, -0.101365, -0.000001
35616000, -0.592383, -0.261459, -0.000000
35620000, -0.736169, -0.218390, 0.000000
35624000, -0.664212, -0.399275, 0.000000
35628000, -0.536305, -0.511017, 0.000000
35632000, -0.684275, -0.262975, 0.000001
35636000, -0.660737, -0.134751, -0.000000
35640000, -0.625322, 0.014860, -0.000003
35644000, -0.604226, 0.046434, 0.000001
35648000, -0.490582, 0.055634, -0.000000
35652000, -0.536834, 0.155981, 0.000002
35656000, -0.606688, 0.026867, -0.000001
35660000, -0.636079, -0.163802, -0.000001
35664000, -0.639070, -0.044938, -0.000002
35668000, -0.431560, 0.154905, -0.000001
35672000, -0.563988, 0.086873, 0.000000
35676000, -0.331060, 0.228338, -0.000001
35680000, -0.327823, 0.270364, -0.000001
35684000, -0.127092, 0.412971, -0.000001
35688000, -0.031897, 0.275940, 0.000002
35692000, 0.018453, 0.142364, 0.000001
35696000, -0.155944, 0.175448, -0.000000
35700000, -0.322227, 0.229738, -0.000001
35704000, -0.376921, 0.213644, 0.000001
35708000, -0.403442, 0.158542, -0.000000
35712000, -0.579971, 0.278773, -0.000000
35716000, -0.489324, 0.217110, 0.000000
35720000, -0.507739, 0.159161, 0.000001
35724000, -0.329954, 0.142366, 0.000002
35728000, -0.250672, 0.285641, 0.000002
35732000, -0.280880, 0.359846, 0.000000
35736000, -0.079997, 0.407615, -0.000001
35740000, -0.186812, 0.418312, 0.000001
35744000, -0.387025, 0.332552, -0.000001
35748000, -0.151380, 0.186797, 0.000002
35752000, -0.134581, 0.293378, -0.000000
35756000, -0.228154, 0.304472, -0.000000
35760000, -0.326879, 0.210884, 0.000003
35764000, -0.448456, 0.174102, -0.000001
35768000, -0.293038, 0.226656, -0.000001
35772000, -0.342364, 0.255172, 0.000000
35776000, -0.210150, 0.359898, 0.000001
35780000, -0.147708, 0.220795, -0.000001
35784000, -0.216980, -0.101263, -0.000000
35788000, -0.138412, -0.026592, 0.000001
35792000, -0.317529, -0.071371, -0.000004
35796000, -0.003092, -0.162910, 0.000001
35800000, 0.042590, -0.296630, -0.000001
35804000, -0.109270, -0.131199, 0.000001
35808000, -0.351880, -0.245214, 0.000002
35812000, -0.159933, -0.289263, 0.000001
35816000, -0.040214, -0.235206, -0.000002
35820000, -0.081862, -0.069239, -0.000002
35824000, -0.125572, -0.155334, -0.000000
35828000, -0.121709, -0.098532, -0.000001
35832000, -0.072416, -0.114402, 0.000000
35836000, -0.114500, -0.081006, -0.000001
35840000, -0.097394, -0.144727, -0.000000
35844000, -0.085933, -0.201829, -0.000000
35848000, -0.073911, -0.124377, 0.000001
35852000, -0.161681, -0.544074, -0.000000
35856000, -0.194924, -0.648057, -0.000000
35860000, -0.285543, -0.466998, -0.000001
35864000, -0.165607, -0.224612, 0.000001
35868000, -0.083334, -0.287066, -0.000002
35872000, -0.123539, -0.541982, -0.000000
35876000, -0.146600, -0.747932, -0.000000
35880000, -0.307068, -0.417808, -0.000000
35884000, -0.042618, -0.495732, -0.000001
35888000, -0.091586, -0.415840, 0.000002
35892000, 0.052549, -0.395363, 0.000002
35896000, -0.017626, -0.465427, -0.000000
35900000, -0.118884, -0.440215, 0.000001
35904000, -0.133382, -0.487623, -0.000000
35908000, -0.221412, -0.334523, 0.000000
35912000, -0.079395, -0.263616, 0.000000
35916000, 0.210782, -0.352186, 0.000000
35920000, 0.075640, -0.358038, 0.000001
35924000, -0.038654, -0.411909, -0.000001
35928000, -0.137402, -0.162577, -0.000001
35932000, -0.093020, -0.233376, -0.000000
35936000, 0.016339, -0.327696, -0.000000
35940000, 0.019410, -0.377502, 0.000000
35944000, -0.062464, -0.438054, 0.000001
35948000, -0.566089, -0.122569, -0.000002
35952000, -0.571243, -0.210071, -0.000002
35956000, -0.349515, -0.352914, -0.000002
35960000, -0.366382, -0.528291, -0.000000
35964000, -0.165001, -0.381209, -0.000001
35968000, -0.302148, -0.453277, -0.000001
35972000, -0.055289, -0.214448, 0.000002
35976000, 0.168723, -0.310603, -0.000001
35980000, 0.207622, -0.467121, -0.000001
35984000, 0.287112, -0.340575, 0.000001
35988000, 0.263130, -0.255422, 0.000000
35992000, 0.223200, -0.027994, 0.000001
35996000, 0.286181, -0.048094, 0.000000
36000000, 0.420982, -0.058297, -0.000000
36004000, 0.220860, -0.176694, 0.000001
36008000, 0.191142, -0.255813, -0.000001
36012000, 0.203778, -0.267321, -0.000001
36016000, 0.377467, -0.151487, 0.000000
36020000, 0.314683, -0.071374, 0.000001
36024000, -0.044044, -0.219350, -0.000002
36028000, 0.026576, -0.271108, 0.000001
36032000, 0.098150, -0.307132, 0.000000
36036000, 0.224387, -0.112127, -0.000001
36040000, 0.268053, -0.067066, 0.000001
36044000, 0.422461, 0.132909, -0.000001
36048000, 0.419970, -0.081161, -0.000001
36052000, 0.372556, 0.004744, -0.000001
36056000, 0.293094, 0.028783, -0.000001
36060000, 0.317262, 0.073197, -0.000000
36064000, 0.390258, 0.300714, 0.000001
36068000, 0.275214, 0.160564, -0.000000
36072000, 0.269773, 0.390753, 0.000003
36076000, 0.210477, 0.117711, 0.000001
36080000, 0.301274, 0.020207, 0.000000
36084000, 0.424043, -0.000812, 0.000000
36088000, 0.394687, 0.024045, 0.000000
36092000, 0.511715, -0.038778, -0.000001
36096000, 0.460308, -0.097618, -0.000001
36100000, 0.617323, -0.335824, 0.000001
36104000, 0.611845, -0.292295, 0.000001
36108000, 0.605349, -0.224978, 0.000002
36112000, 0.531918, -0.316688, 0.000001
36116000, 0.565447, -0.400666, -0.000002
36120000, 0.625830, -0.211516, -0.000000
36124000, 0.648243, -0.261610, -0.000001
36128000, 0.707616, -0.015398, -0.000002
36132000, 0.512447, 0.066089, -0.000001
36136000, 0.560433, 0.107470, -0.000003
36140000, 0.736780, 0.241515, -0.000000
36144000, 0.649935, 0.248616, 0.000002
36148000, 0.496857, 0.270309, 0.000001
36152000, 0.476208, 0.444862, 0.000002
36156000, 0.548013, 0.444047, -0.000002
36160000, 0.579598, 0.317758, -0.000000
36164000, 0.534744, 0.378935, -0.000001
36168000, 0.590763, 0.283521, 0.000001
36172000, 0.522659, 0.456962, -0.000002
36176000, 0.498990, 0.503842, 0.000001
36180000, 0.475449, 0.422149, -0.000003
36184000, 0.601896, 0.302542, 0.000000
36188000, 0.723635, 0.476123, 0.000001
36192000, 0.736476, 0.467855, -0.000001
36196000, 0.780514, 0.325242, -0.000001
36200000, 0.912704, 0.331125, 0.000000
36204000, 0.783395, 0.387719, -0.000002
36208000, 0.842426, 0.319253, -0.000001
36212000, 0.784546, 0.400173, 0.000000
36216000, 0.649806, 0.033715, -0.000000
36220000, 0.785356, 0.055039, -0.000002
36224000, 0.609387, -0.312624, -0.000001
36228000, 0.526389, -0.455965, -0.000003
36232000, 0.490199, -0.535944, 0.000000
36236000, 0.653973, -0.328233, -0.000001
36240000, 0.736698, -0.207283, -0.000002
36244000, 0.664717, -0.192739, -0.000001
36248000, 0.692370, -0.130203, 0.000001
36252000, 0.674481, -0.378431, 0.000001
36256000, 0.774109, -0.427829, -0.000001
36260000, 0.754299, -0.584843, -0.000002
36264000, 0.680619, -0.278586, -0.000002
36268000, 0.638467, -0.484710, -0.000000
36272000, 0.580956, -0.551263, 0.000001
36276000, 0.626203, -0.608257, -0.000001
36280000, 0.600918, -0.656662, -0.000002
36284000, 0.515813, -0.749916, 0.000000
36288000, 0.411779, -0.803524, 0.000002
36292000, 0.291818, -0.854656, 0.000001
36296000, 0.047300, -0.730596, 0.000002
36300000, 0.113547, -0.820320, -0.000001
36304000, 0.369143, -0.512704, 0.000001
36308000, 0.734091, -0.221877, 0.000001
36312000, 0.557248, -0.065493, 0.000001
36316000, 0.580944, -0.203737, -0.000001
36320000, 0.432464, -0.095469, -0.000002
36324000, 0.383804, -0.085111, -0.000000
36328000, 0.283019, 0.045635, 0.000001
36332000, 0.439926, -0.126832, 0.000002
36336000, 0.436901, -0.137438, 0.000001
36340000, 0.500286, -0.161841, 0.000001
36344000, 0.494080, -0.151773, -0.000000
36348000, 0.302091, -0.180198, -0.000002
36352000, 0.330767, -0.340703, -0.000000
36356000, 0.492032, -0.241731, -0.000000
36360000, 0.257686, -0.344278, -0.000000
36364000, 0.312324, -0.298587, -0.000003
36368000, 0.299755, -0.177193, 0.000001
36372000, 0.280756, -0.098631, -0.000001
36376000, 0.284928, -0.139995, 0.000002
36380000, 0.066590, -0.064074, -0.000000
36384000, 0.081330, 0.018977, 0.000002
36388000, 0.228119, -0.122579, 0.000000
36392000, 0.033916, -0.311808, 0.000001
36396000, 0.083984, -0.111129, -0.000000
36400000, 0.262595, -0.175321, -0.000002
36404000, 0.237948, -0.151902, 0.000001
36408000, 0.188071, -0.266044, -0.000000
36412000, 0.234950, -0.210079, 0.000000
36416000, 0.290207, -0.376890, -0.000002
36420000, 0.309171, -0.385521, -0.000001
36424000, 0.200001, -0.265006, -0.000001
36428000, 0.387300, -0.251624, 0.000001
36432000, 0.583227, -0.278477, -0.000001
36436000, 0.262463, -0.298244, -0.000000
36440000, 0.299417, -0.309207, 0.000000
36444000, 0.310265, -0.370968, 0.000000
36448000, 0.284930, -0.366748, 0.000001
36452000, 0.065391, -0.136993, 0.000001
36456000, 0.000901, -0.090900, -0.000000
36460000, 0.036567, -0.229174, 0.000000
36464000, -0.122925, -0.064740, -0.000001
36468000, -0.078763, -0.253249, 0.000001
36472000, 0.001553, -0.166769, -0.000002
36476000, -0.054803, 0.012859, -0.000000
36480000, -0.147288, 0.020904, 0.000002
36484000, 0.028570, -0.075515, 0.000000
36488000, 0.008945, -0.390899, -0.000001
36492000, -0.001698, -0.258319, -0.000001
36496000, -0.031142, -0.310327, 0.000003
36500000, -0.101067, -0.536294, 0.000001
36504000, 0.033249, -0.488426, 0.000001
36508000, 0.022099, -0.209629, 0.000000
36512000, -0.032845, -0.300693, -0.000003
36516000, -0.076047, -0.237704, 0.000001
36520000, -0.054580, -0.179309, 0.000001
36524000, -0.013399, -0.289829, 0.000001
36528000, 0.032945, -0.304905, -0.000002
36532000, 0.079104, -0.110028, -0.000002
36536000, 0.000407, -0.410640, 0.000001
36540000, -0.037804, -0.228976, 0.000000
36544000, -0.205815, -0.264019, 0.000001
36548000, -0.060238, -0.141352, 0.000001
36552000, 0.219904, -0.179904, -0.000000
36556000, 0.173446, -0.234393, 0.000001
36560000, 0.084729, -0.384498, -0.000001
36564000, 0.062701, -0.350251, -0.000002
36568000, 0.271332, -0.396248, -0.000000
36572000, 0.411838, -0.218470, 0.000001
36576000, 0.512061, -0.217013, -0.000000
36580000, 0.250623, -0.297487, 0.000000
36584000, 0.330939, -0.269342, -0.000001
36588000, 0.289948, -0.248359, -0.000001
36592000, 0.088042, -0.233665, -0.000002
36596000, 0.339132, -0.116089, 0.000003
36600000, 0.235446, -0.067554, 0.000000
36604000, 0.315349, -0.053409, 0.000002
36608000, 0.291156, -0.006492, -0.000001
36612000, 0.324452, -0.282566, 0.000000
36616000, 0.346706, -0.348758, -0.000001
36620000, 0.305090, -0.268715, 0.000002
36624000, 0.220824, -0.167831, 0.000002
36628000, 0.119472, -0.154517, -0.000000
36632000, 0.117701, -0.320546, 0.000001
36636000, 0.064792, -0.290437, 0.000001
36640000, 0.045022, -0.289519, -0.000001
36644000, 0.139227, -0.220894, 0.000001
36648000, 0.392292, -0.335386, -0.000001
36652000, 0.505635, -0.198820, 0.000001
36656000, 0.405702, -0.390948, -0.000001
36660000, 0.392339, -0.253903, -0.000001
36664000, 0.599119, -0.546486, 0.000001
36668000, 0.611848, -0.322531, 0.000001
36672000, 0.563628, -0.365984, 0.000001
36676000, 0.745351, -0.246262, 0.000000
36680000, 0.721586, -0.229525, 0.000002
36684000, 0.790099, -0.306358, 0.000002
36688000, 0.807852, -0.117001, 0.000001
36692000, 0.780395, -0.110556, -0.000001
36696000, 0.748333, -0.168239, -0.000001
36700000, 0.863248, -0.115569, 0.000000
36704000, 0.691718, -0.240207, -0.000004
36708000, 0.756898, -0.362439, -0.000001
36712000, 0.643847, -0.213552, 0.000001
36716000, 0.572962, -0.191678, 0.000000
36720000, 0.487958, -0.156107, -0.000001
36724000, 0.419023, -0.112394, 0.000001
36728000, 0.369269, -0.169800, -0.000001
36732000, 0.331338, -0.270356, 0.000001
36736000, 0.453784, -0.233243, 0.000003
36740000, 0.582924, -0.089469, -0.000000
36744000, 0.587332, -0.015786, 0.000004
36748000, 0.477839, -0.287657, -0.000000
36752000, 0.548874, -0.105219, 0.000000
36756000, 0.533273, -0.161433, 0.000000
36760000, 0.730041, 0.007269, -0.000000
36764000, 0.833818, -0.119139, -0.000000
36768000, 0.960021, -0.110609, 0.000001
36772000, 0.849892, -0.322330, 0.000001
36776000, 0.844023, -0.327793, -0.000002
36780000, 0.744704, -0.379638, 0.000000
36784000, 0.769041, -0.331312, 0.000000
36788000, 0.608360, -0.147770, -0.000000
36792000, 0.571818, 0.057906, -0.000000
36796000, 0.477041, 0.408759, -0.000003
36800000, 0.506204, 0.359964, 0.000001
36804000, 0.385408, 0.150630, 0.000000
36808000, 0.467358, 0.156090, 0.000001
36812000, 0.569313, 0.175963, 0.000001
36816000, 0.502191, 0.075745, -0.000000
36820000, 0.548458, 0.153996, -0.000001
36824000, 0.669141, 0.114985, 0.000002
36828000, 0.566845, -0.091590, 0.000001
36832000, 0.542672, -0.261536, 0.000001
36836000, 0.552790, -0.256888, 0.000000
36840000, 0.531868, -0.211243, -0.000002
36844000, 0.530621, -0.158628, 0.000000
36848000, 0.429504, 0.107146, -0.000000
36852000, 0.436420, 0.141013, -0.000003
36856000, 0.411013, 0.311503, -0.000000
36860000, 0.351624, 0.403221, 0.000001
36864000, 0.348071, 0.361867, 0.000000
36868000, 0.425886, 0.192160, 0.000001
36872000, 0.456364, 0.210122, -0.000002
36876000, 0.447630, 0.197139, 0.000000
36880000, 0.494850, 0.194095, -0.000000
36884000, 0.353068, 0.224684, -0.000002
36888000, 0.489633, 0.201528, -0.000000
36892000, 0.390035, 0.227666, -0.000001
36896000, 0.286834, 0.006168, 0.000001
36900000, 0.371974, -0.020384, -0.000001
36904000, 0.445519, -0.169915, 0.000001
36908000, 0.416338, 0.009310, -0.000001
36912000, 0.358144, -0.033533, -0.000003
36916000, 0.456639, -0.021609, 0.000000
36920000, 0.309801, -0.063909, 0.000001
36924000, 0.069625, -0.108619, -0.000000
36928000, 0.005602, -0.129998, -0.000002
36932000, -0.002476, -0.021017, -0.000003
36936000, 0.023600, 0.004070, -0.000002
36940000, -0.135501, 0.092088, -0.000000
36944000, 0.218598, -0.125657, 0.000003
36948000, 0.084805, 0.056295, 0.000001
36952000, 0.161055, 0.053931, -0.000000
36956000, 0.185735, -0.074028, 0.000000
36960000, 0.310860, -0.042856, 0.000002
36964000, 0.124753, -0.054488, 0.000000
36968000, 0.069936, -0.150511, -0.000002
36972000, 0.007647, 0.027300, -0.000000
36976000, 0.110097, -0.079377, 0.000000
36980000, 0.210341, -0.120574, -0.000002
36984000, 0.206588, -0.195932, 0.000002
36988000, 0.231736, -0.276641, -0.000000
36992000, 0.311083, -0.139444, -0.000000
36996000, 0.455801, -0.118672, -0.000001
37000000, 0.465425, -0.026902, -0.000003
37004000, 0.336847, 0.027118, 0.000000
37008000, 0.330250, 0.091684, -0.000002
37012000, 0.417039, -0.119064, -0.000001
37016000, 0.419715, -0.010267, 0.000001
37020000, 0.429352, 0.047531, 0.000001
37024000, 0.312108, -0.041130, 0.000001
37028000, 0.390326, 0.100593, 0.000002
37032000, 0.409770, 0.200394, 0.000001
37036000, 0.486059, 0.316031, 0.000001
37040000, 0.605255, 0.269279, 0.000001
37044000, 0.533175, 0.208681, -0.000002
37048000, 0.645494, 0.054452, 0.000001
37052000, 0.517724, 0.179939, -0.000001
37056000, 0.535231, 0.143761, -0.000001
37060000, 0.635154, 0.181979, 0.000001
37064000, 0.557481, -0.084033, -0.000000
37068000, 0.543279, -0.142599, 0.000002
37072000, 0.559038, -0.081494, -0.000002
37076000, 0.601710, -0.118924, 0.000000
37080000, 0.413732, -0.076559, 0.000001
37084000, 0.612214, -0.060573, 0.000000
37088000, 0.832805, 0.074709, -0.000001
37092000, 0.793494, 0.078483, -0.000001
37096000, 0.825692, 0.059909, -0.000002
37100000, 0.725346, -0.057766, 0.000001
37104000, 0.721668, -0.133884, 0.000001
37108000, 0.582121, -0.086293, -0.000003
37112000, 0.545838, -0.042190, -0.000001
37116000, 0.501334, -0.071388, 0.000002
37120000, 0.433608, 0.113782, -0.000002
37124000, 0.371893, 0.082046, -0.000001
37128000, 0.521197, 0.024292, 0.000001
37132000, 0.440692, -0.185842, 0.000001
37136000, 0.565191, -0.371984, 0.000000
37140000, 0.464666, -0.284797, 0.000001
37144000, 0.324040, -0.165923, 0.000000
37148000, 0.404718, -0.169623, -0.000000
37152000, 0.384321, -0.442081, 0.000000
37156000, 0.261992, -0.354110, -0.000001
37160000, 0.384430, -0.350596, 0.000001
37164000, 0.360888, -0.412198, -0.000002
37168000, 0.194227, -0.659815, 0.000002
37172000, 0.026809, -0.506822, 0.000002
37176000, 0.089147, -0.633408, -0.000000
37180000, 0.119537, -0.596107, 0.000000
37184000, 0.103477, -0.460301, 0.000000
37188000, 0.222528, -0.488336, 0.000001
37192000, 0.197975, -0.657840, 0.000001
37196000, 0.155495, -0.571337, -0.000001
37200000, 0.295959, -0.412718, 0.000001
37204000, 0.531235, -0.456376, 0.000000
37208000, 0.501524, -0.506204, -0.000001
37212000, 0.604206, -0.271205, 0.000002
37216000, 0.447402, -0.274362, 0.000000
37220000, 0.571030, -0.305124, 0.000002
37224000, 0.480791, -0.266930, -0.000001
37228000, 0.473405, -0.368300, -0.000001
37232000, 0.632746, -0.296352, -0.000002
37236000, 0.384136, -0.270006, 0.000000
37240000, 0.519613, -0.242906, 0.000000
37244000, 0.463146, -0.341852, -0.000002
37248000, 0.398042, -0.289195, -0.000001
37252000, 0.255352, -0.382001, -0.000001
37256000, 0.462434, -0.219189, 0.000002
37260000, 0.373914, -0.237925, 0.000000
37264000, 0.429462, -0.087828, 0.000002
37268000, 0.500099, -0.125184, -0.000001
37272000, 0.476670, -0.191737, 0.000000
37276000, 0.322502, 0.023195, 0.000002
37280000, 0.454612, -0.123381, 0.000000
37284000, 0.365871, -0.138965, -0.000002
37288000, 0.409886, -0.048859, -0.000001
37292000, 0.456909, -0.023347, 0.000001
37296000, 0.224872, 0.065236, 0.000001
37300000, 0.204918, 0.086338, -0.000000
37304000, 0.142789, 0.101920, 0.000000
37308000, 0.155733, 0.017099, -0.000001
37312000, 0.332798, 0.073740, -0.000001
37316000, 0.116539, 0.026998, 0.000002
37320000, 0.308893, 0.238995, 0.000001
37324000, 0.406135, 0.214857, 0.000000
37328000, 0.374658, 0.031586, 0.000002
37332000, 0.490558, 0.060935, 0.000000
37336000, 0.457889, 0.020924, 0.000002
37340000, 0.621498, -0.108983, -0.000003
37344000, 0.782350, -0.174066, 0.000001
37348000, 0.777850, 0.178410, -0.000000
37352000, 0.678377, 0.176597, -0.000001
37356000, 0.566528, 0.150572, -0.000002
37360000, 0.668967, 0.241368, -0.000001
37364000, 0.820268, 0.066866, -0.000002
37368000, 0.700486, 0.203218, -0.000001
37372000, 0.641604, 0.069772, 0.000001
37376000, 0.463267, -0.041302, 0.000001
37380000, 0.667672, 0.043888, -0.000000
37384000, 0.491312, 0.201336, -0.000001
37388000, 0.554757, 0.180507, -0.000002
37392000, 0.637063, 0.111942, 0.000001
37396000, 0.614633, 0.299019, -0.000002
37400000, 0.741004, 0.107428, 0.000001
37404000, 0.799954, 0.093873, -0.000001
37408000, 0.652823, -0.036177, -0.000001
37412000, 0.865820, -0.003427, 0.000001
37416000, 0.816142, 0.132285, -0.000000
37420000, 0.692612, 0.360751, 0.000000
37424000, 0.675335, 0.282549, -0.000002
37428000, 0.543895, 0.342708, -0.000002
37432000, 0.653814, 0.411862, 0.000001
37436000, 0.703450, 0.577678, -0.000001
37440000, 0.498643, 0.467757, 0.000000
37444000, 0.558160, 0.433799, 0.000001
37448000, 0.584167, 0.420008, 0.000000
37452000, 0.556808, 0.419878, 0.000000
37456000, 0.518096, 0.520976, -0.000002
37460000, 0.627890, 0.376928, 0.000000
37464000, 0.568095, 0.611514, 0.000001
37468000, 0.526203, 0.439191, -0.000001
37472000, 0.373871, 0.346646, -0.000000
37476000, 0.466699, 0.487882, 0.000003
37480000, 0.317249, 0.538894, -0.000000
37484000, 0.407362, 0.642081, -0.000001
37488000, 0.177766, 0.670960, 0.000002
37492000, 0.280010, 0.558924, 0.000001
37496000, 0.491805, 0.571463, 0.000000
37500000, 0.352435, 0.665310, 0.000000
37504000, 0.662880, 0.614414, -0.000001
37508000, 0.651833, 0.424771, -0.000000
37512000, 0.613790, 0.399256, 0.000000
37516000, 0.699322, 0.184916, 0.000001
37520000, 0.566391, 0.432206, -0.000000
37524000, 0.595643, 0.052167, -0.000001
37528000, 0.652189, 0.118439, -0.000000
37532000, 0.619793, -0.107997, 0.000001
37536000, 0.562888, -0.078425, 0.000000
37540000, 0.389467, -0.130688, 0.000001
37544000, 0.376671, -0.145013, 0.000001
37548000, 0.382577, -0.071616, 0.000002
37552000, 0.345605, -0.010924, -0.000000
37556000, 0.379880, 0.137553, 0.000000
37560000, 0.287552, 0.057617, 0.000002
37564000, 0.386400, -0.043394, 0.000002
37568000, 0.363458, 0.191185, -0.000001
37572000, 0.471036, -0.025824, -0.000000
37576000, 0.451347, 0.020635, 0.000001
37580000, 0.342688, 0.055382, 0.000001
37584000, 0.563966, -0.037305, 0.000000
37588000, 0.585228, -0.422451, -0.000002
37592000, 0.643469, -0.426998, 0.000001
37596000, 0.606528, -0.168013, -0.000002
37600000, 0.509305, -0.254250, -0.000000
37604000, 0.402784, -0.296759, 0.000001
37608000, 0.394217, -0.324293, 0.000000
37612000, 0.608053, -0.414337, -0.000001
37616000, 0.298573, -0.496800, -0.000001
37620000, 0.194145, -0.565926, 0.000001
37624000, 0.229588, -0.431671, 0.000000
37628000, 0.295732, -0.530526, -0.000001
37632000, 0.325698, -0.137499, 0.000001
37636000, 0.439011, -0.218598, 0.000002
37640000, 0.431009, -0.438935, 0.000000
37644000, 0.294064, -0.202819, 0.000001
37648000, 0.416776, -0.128845, -0.000003
37652000, 0.422031, 0.103756, 0.000001
37656000, 0.387028, 0.138567, 0.000001
37660000, 0.217268, 0.229403, 0.000001
37664000, 0.251730, 0.047230, 0.000001
37668000, 0.334001, 0.071524, -0.000000
37672000, 0.122341, 0.113982, 0.000001
37676000, 0.136852, 0.172162, -0.000001
37680000, 0.222548, 0.190294, -0.000001
37684000, 0.115455, 0.054417, 0.000000
37688000, 0.291739, -0.020192, -0.000000
37692000, 0.269857, 0.062492, 0.000001
37696000, 0.193340, 0.037431, -0.000000
37700000, 0.231962, 0.033055, -0.000000
37704000, 0.346902, -0.005509, -0.000002
37708000, 0.392666, 0.093695, 0.000000
37712000, 0.252589, -0.033489, -0.000001
37716000, 0.382869, -0.071025, -0.000000
37720000, 0.313125, -0.132463, 0.000000
37724000, 0.378648, -0.236589, -0.000000
37728000, 0.342299, -0.149620, -0.000000
37732000, 0.259149, -0.052679, 0.000001
37736000, 0.118925, 0.128534, -0.000002
37740000, 0.228983, -0.029618, 0.000000
37744000, 0.055209, -0.026823, -0.000004
37748000, 0.224226, 0.084200, -0.000001
37752000, 0.113343, 0.157111, 0.000001
37756000, 0.101602, 0.103831, -0.000000
37760000, -0.012260, 0.021860, 0.000001
37764000, -0.106294, 0.006148, -0.000000
37768000, -0.062431, 0.292189, 0.000001
37772000, 0.057647, 0.320763, -0.000002
37776000, 0.015401, 0.334725, -0.000000
37780000, -0.257913, 0.212291, 0.000001
37784000, -0.061084, 0.079804, 0.000000
37788000, -0.106160, 0.091588, -0.000001
37792000, -0.159046, 0.163730, 0.000001
37796000, -0.161382, 0.106076, -0.000001
37800000, -0.355410, 0.128254, 0.000000
37804000, -0.331968, 0.240076, 0.000000
37808000, -0.116614, 0.454283, 0.000001
37812000, -0.013812, 0.255828, -0.000000
37816000, -0.056456, 0.356995, -0.000002
37820000, -0.137397, 0.164682, 0.000001
37824000, 0.023841, 0.155666, 0.000001
37828000, -0.066059, 0.311630, -0.000000
37832000, -0.149670, 0.214843, 0.000000
37836000, -0.134307, 0.157483, 0.000001
37840000, -0.296725, 0.252548, 0.000004
37844000, -0.562468, 0.065370, 0.000001
37848000, -0.355744, 0.094629, 0.000001
37852000, -0.291019, 0.118449, -0.000001
37856000, 0.041921, 0.260120, -0.000002
37860000, -0.045477, 0.241843, -0.000001
37864000, -0.103209, 0.281758, -0.000001
37868000, -0.083867, 0.304698, 0.000001
37872000, -0.007433, 0.291046, -0.000001
37876000, -0.102726, 0.252276, -0.000000
37880000, -0.007552, 0.132571, -0.000002
37884000, -0.069098, 0.176451, 0.000001
37888000, -0.052722, 0.248049, -0.000001
37892000, -0.080719, 0.234635, -0.000000
37896000, -0.224632, 0.028265, 0.000000
37900000, -0.207406, -0.079048, 0.000000
37904000, -0.124412, -0.013432, 0.000001
37908000, 0.030939, 0.112181, -0.000000
37912000, -0.453828, -0.033325, 0.000001
37916000, -0.284499, -0.022888, 0.000000
37920000, -0.241862, 0.079626, -0.000001
37924000, -0.261276, 0.041232, -0.000001
37928000, -0.144813, 0.161218, -0.000000
37932000, -0.131521, 0.004333, 0.000001
37936000, -0.168123, -0.003838, 0.000000
37940000, -0.071547, 0.007763, 0.000000
37944000, -0.396993, -0.066272, 0.000001
37948000, -0.256519, 0.024383, -0.000000
37952000, -0.165136, 0.075758, 0.000001
37956000, -0.136326, 0.088164, -0.000001
37960000, -0.314694, -0.158384, -0.000001
37964000, -0.323452, -0.236098, 0.000001
37968000, -0.225331, -0.320121, 0.000001
37972000, -0.312790, -0.262970, -0.000002
37976000, -0.196517, 0.114589, 0.000000
37980000, -0.212249, 0.024741, -0.000001
37984000, -0.106224, 0.182281, 0.000002
37988000, 0.003084, 0.097185, 0.000001
37992000, -0.030223, 0.080164, -0.000001
37996000, -0.060631, 0.026763, 0.000001
38000000, -0.097752, 0.001126, 0.000003
38004000, -0.080674, 0.090113, 0.000001
38008000, 0.173155, 0.097308, -0.000001
38012000, -0.076313, 0.092461, -0.000000
38016000, -0.078488, 0.176066, 0.000000
38020000, 0.154421, 0.272026, 0.000000
38024000, 0.250819, 0.365932, 0.000000
38028000, 0.199280, 0.250276, -0.000000
38032000, 0.061566, 0.319541, 0.000000
38036000, -0.119711, 0.046815, -0.000000
38040000, -0.056738, 0.240550, -0.000000
38044000, -0.061369, 0.213893, -0.000001
38048000, -0.147349, 0.283496, -0.000001
38052000, 0.017503, -0.011141, 0.000001
38056000, 0.030840, 0.074748, -0.000001
38060000, 0.030515, 0.069550, -0.000000
38064000, 0.032301, 0.005153, -0.000002
38068000, -0.096629, 0.073544, -0.000000
38072000, -0.141224, 0.128803, 0.000000
38076000, -0.213803, 0.198127, 0.000000
38080000, -0.137384, 0.296763, -0.000001
38084000, -0.144174, 0.237824, -0.000001
38088000, -0.067869, 0.126145, -0.000001
38092000, 0.049686, 0.221355, -0.000001
38096000, -0.173174, 0.219138, 0.000000
38100000, -0.140028, 0.177302, 0.000002
38104000, -0.100486, 0.152697, -0.000000
38108000, -0.152937, 0.111558, -0.000002
38112000, -0.088337, -0.002438, -0.000000
38116000, -0.261937, -0.128987, -0.000002
38120000, -0.138575, 0.008946, 0.000002
38124000, -0.206200, -0.008014, -0.000001
38128000, -0.307749, 0.019882, 0.000001
38132000, -0.142134, 0.058804, -0.000000
38136000, 0.014978, 0.153026, -0.000002
38140000, 0.002763, 0.208323, 0.000002
38144000, 0.242100, 0.179791, 0.000000
38148000, 0.061903, 0.172802, -0.000001
38152000, 0.001241, 0.133753, -0.000001
38156000, -0.004056, 0.276043, 0.000001
38160000, -0.216472, 0.254611, 0.000000
38164000, -0.160711, 0.097454, 0.000000
38168000, -0.167773, 0.246807, 0.000001
38172000, -0.268022, 0.058276, 0.000000
38176000, -0.019110, 0.124350, 0.000001
38180000, 0.034616, 0.302286, 0.000001
38184000, -0.003088, 0.254931, 0.000000
38188000, -0.030590, 0.282957, 0.000000
38192000, -0.383158, 0.361174, 0.000001
38196000, -0.217771, 0.290474, -0.000001
38200000, -0.084934, 0.342119, -0.000000
38204000, -0.300509, 0.511886, -0.000002
38208000, -0.381443, 0.598923, -0.000000
38212000, -0.310592, 0.538454, -0.000001
38216000, -0.398004, 0.253891, -0.000000
38220000, -0.349105, 0.333224, -0.000000
38224000, -0.211040, 0.207578, 0.000000
38228000, -0.265427, 0.229277, -0.000001
38232000, -0.185330, 0.038385, 0.000000
38236000, -0.340378, 0.071069, 0.000001
38240000, -0.282633, -0.027570, 0.000000
38244000, -0.316884, -0.187061, -0.000001
38248000, -0.131425, -0.216292, 0.000000
38252000, -0.149810, -0.342238, -0.000000
38256000, -0.240612, -0.255960, 0.000001
38260000, -0.250439, -0.255325, 0.000000
38264000, -0.242068, -0.314988, -0.000000
38268000, -0.161677, -0.256479, -0.000000
38272000, -0.310444, -0.178231, 0.000001
38276000, -0.376909, -0.295776, 0.000002
38280000, -0.107504, -0.163230, 0.000001
38284000, -0.185315, -0.241525, -0.000002
38288000, -0.370055, -0.067579, -0.000000
38292000, -0.363627, -0.260885, -0.000001
38296000, -0.534914, -0.340273, -0.000001
38300000, -0.503154, -0.195676, 0.000001
38304000, -0.609472, -0.245641, 0.000000
38308000, -0.565619, -0.263210, -0.000001
38312000, -0.421305, -0.201465, 0.000002
38316000, -0.384904, -0.220117, -0.000001
38320000, -0.386013, -0.075195, 0.000001
38324000, -0.344503, -0.164880, -0.000000
38328000, -0.484969, -0.222832, -0.000000
38332000, -0.237274, -0.147786, -0.000001
38336000, -0.209929, 0.069470, 0.000004
38340000, -0.274634, 0.135479, 0.000000
38344000, -0.358665, -0.102728, -0.000002
38348000, -0.351618, -0.173161, 0.000000
38352000, -0.442708, 0.061339, -0.000000
38356000, -0.452743, 0.013492, 0.000001
38360000, -0.386761, -0.054931, 0.000001
38364000, -0.432565, -0.025275, -0.000001
38368000, -0.433464, 0.014079, -0.000001
38372000, -0.445509, 0.087049, 0.000001
38376000, -0.285715, 0.049100, 0.000001
38380000, -0.234016, 0.146679, -0.000001
38384000, -0.266419, 0.180050, -0.000000
38388000, -0.215060, 0.176692, 0.000000
38392000, -0.186730, 0.198314, 0.000001
38396000, -0.034505, 0.117012, 0.000001
38400000, -0.098913, 0.095530, -0.000002
38404000, -0.229675, -0.014799, -0.000002
38408000, 0.000226, -0.133847, 0.000001
38412000, -0.152228, -0.051891, -0.000000
38416000, 0.003781, -0.075837, -0.000003
38420000, -0.110966, -0.095123, 0.000003
38424000, 0.129971, -0.186193, -0.000001
38428000, -0.031354, -0.147612, 0.000001
38432000, -0.028700, -0.051229, 0.000000
38436000, 0.225997, -0.019564, 0.000000
38440000, 0.215657, -0.119346, -0.000002
38444000, 0.000971, 0.079503, -0.000000
38448000, -0.106994, 0.124088, -0.000000
38452000, -0.083779, 0.143583, 0.000002
38456000, 0.225626, 0.252418, -0.000001
38460000, 0.260213, 0.103060, -0.000001
38464000, 0.295835, 0.073101, 0.000001
38468000, 0.306844, -0.181557, -0.000000
38472000, 0.177717, -0.169432, 0.000002
38476000, 0.220868, -0.095800, -0.000000
38480000, 0.069528, -0.251810, 0.000001
38484000, 0.212351, -0.386320, 0.000001
38488000, 0.225707, 0.043583, -0.000001
38492000, 0.230929, -0.155804, 0.000001
38496000, 0.236078, 0.054674, 0.000000
38500000, 0.139168, 0.094879, 0.000001
38504000, 0.206697, 0.227590, -0.000001
38508000, 0.423340, 0.228780, 0.000001
38512000, 0.198286, 0.264049, 0.000001
38516000, 0.043716, 0.238043, -0.000000
38520000, 0.176755, 0.206673, 0.000001
38524000, 0.086818, 0.227724, 0.000001
38528000, 0.088087, 0.251783, -0.000001
38532000, -0.133280, 0.256003, 0.000000
38536000, -0.429799, 0.393984, -0.000001
38540000, -0.346431, 0.449678, -0.000001
38544000, -0.231125, 0.450219, 0.000002
38548000, -0.277120, 0.381008, -0.000001
38552000, -0.315738, 0.534725, 0.000001
38556000, -0.342617, 0.426617, -0.000000
38560000, -0.227298, 0.727713, -0.000001
38564000, -0.295098, 0.646808, 0.000002
38568000, -0.035509, 0.655040, -0.000002
38572000, -0.095539, 0.547456, -0.000001
38576000, -0.068548, 0.506342, 0.000000
38580000, -0.160772, 0.548958, 0.000000
38584000, -0.032265, 0.592656, -0.000000
38588000, -0.119063, 0.613822, 0.000002
38592000, -0.018112, 0.520329, 0.000002
38596000, -0.075772, 0.479216, 0.000000
38600000, -0.300601, 0.612190, -0.000000
38604000, -0.090503, 0.501989, 0.000000
38608000, 0.055748, 0.627320, 0.000001
38612000, 0.023557, 0.631513, 0.000000
38616000, 0.139545, 0.644988, -0.000002
38620000, 0.061580, 0.691259, -0.000002
38624000, 0.046686, 0.547868, 0.000001
38628000, 0.350715, 0.423217, -0.000001
38632000, 0.330156, 0.425971, 0.000001
38636000, 0.311835, 0.435329, -0.000000
38640000, 0.231711, 0.318655, 0.000000
38644000, 0.276870, 0.258018, 0.000000
38648000, 0.233604, 0.329462, -0.000001
38652000, 0.348465, 0.323094, -0.000001
38656000, 0.247409, 0.332814, 0.000001
38660000, 0.029153, 0.384520, 0.000002
38664000, 0.055748, 0.309399, 0.000000
38668000, 0.106403, 0.282666, 0.000001
38672000, 0.033674, 0.278886, 0.000002
38676000, 0.266584, 0.333513, 0.000001
38680000, 0.195565, 0.381319, -0.000001
38684000, 0.037791, 0.427005, -0.000000
38688000, 0.183983, 0.265885, -0.000000
38692000, 0.093997, 0.456752, 0.000001
38696000, 0.098177, 0.355024, -0.000002
38700000, 0.156876, 0.235787, -0.000001
38704000, 0.283569, 0.295395, -0.000000
38708000, 0.203747, 0.212173, 0.000001
38712000, 0.292567, 0.340663, 0.000000
38716000, 0.126455, 0.484988, 0.000000
38720000, 0.075577, 0.427874, -0.000002
38724000, 0.127028, 0.303777, -0.000000
38728000, 0.267859, 0.133399, -0.000002
38732000, 0.207050, 0.395589, -0.000002
38736000, 0.179012, 0.732828, -0.000000
38740000, 0.113135, 0.564630, 0.000001
38744000, 0.207551, 0.575828, -0.000000
38748000, 0.234703, 0.516622, 0.000003
38752000, 0.115274, 0.664133, -0.000001
38756000, 0.043734, 0.602008, -0.000001
38760000, 0.157717, 0.608224, -0.000001
38764000, 0.139375, 0.688486, -0.000002
38768000, 0.173403, 0.516384, 0.000003
38772000, 0.396270, 0.543495, -0.000001
38776000, 0.442105, 0.571280, -0.000000
38780000, 0.454473, 0.547269, 0.000001
38784000, 0.412974, 0.654529, 0.000001
38788000, 0.323218, 0.522819, 0.000000
38792000, 0.419817, 0.486208, 0.000001
38796000, 0.315869, 0.425611, 0.000002
38800000, 0.220266, 0.353197, -0.000000
38804000, 0.525476, 0.305695, -0.000001
38808000, 0.218133, 0.444675, 0.000001
38812000, 0.123027, 0.385931, -0.000001
38816000, 0.409160, 0.508803, 0.000002
38820000, 0.384349, 0.335837, 0.000000
38824000, 0.408680, 0.230668, 0.000000
38828000, 0.210377, 0.089339, 0.000002
38832000, 0.319863, 0.047323, 0.000000
38836000, 0.283577, 0.196789, 0.000000
38840000, 0.105691, 0.170446, -0.000001
38844000, 0.151373, 0.236684, 0.000001
38848000, 0.381866, 0.299159, -0.000002
38852000, 0.384973, 0.310813, -0.000001
38856000, 0.230246, 0.218864, -0.000001
38860000, 0.410567, 0.137397, 0.000000
38864000, 0.422078, -0.007857, 0.000000
38868000, 0.498734, 0.106657, 0.000000
38872000, 0.499883, 0.170326, 0.000000
38876000, 0.392959, 0.233397, 0.000002
38880000, 0.624617, -0.019936, -0.000001
38884000, 0.676387, 0.241502, 0.000001
38888000, 0.529236, 0.448141, 0.000001
38892000, 0.411416, 0.415611, -0.000000
38896000, 0.416804, 0.388115, 0.000001
38900000, 0.389970, 0.332946, -0.000001
38904000, 0.421795, 0.315151, 0.000001
38908000, 0.333727, 0.376255, 0.000001
38912000, 0.415704, 0.458435, 0.000000
38916000, 0.330463, 0.395863, -0.000000
38920000, 0.336421, 0.347669, 0.000001
38924000, 0.454863, 0.183862, -0.000001
38928000, 0.304082, 0.204149, 0.000002
38932000, 0.266499, 0.379959, -0.000000
38936000, 0.353456, 0.274921, -0.000000
38940000, 0.488882, 0.470051, -0.000001
38944000, 0.431204, 0.422939, 0.000001
38948000, 0.390166, 0.368868, 0.000001
38952000, 0.534441, 0.438054, -0.000002
38956000, 0.602071, 0.279037, 0.000001
38960000, 0.579553, -0.012667, -0.000000
38964000, 0.338643, 0.138122, -0.000001
38968000, 0.162914, 0.273836, -0.000001
38972000, 0.393524, -0.000609, -0.000000
38976000, 0.448753, -0.003075, 0.000001
38980000, 0.532237, 0.016091, -0.000000
38984000, 0.375502, 0.092949, 0.000001
38988000, 0.473985, 0.188278, 0.000000
38992000, 0.512931, 0.104189, -0.000001
38996000, 0.506529, 0.087377, 0.000001
39000000, 0.500435, -0.190276, -0.000002
39004000, 0.288360, -0.206928, 0.000000
39008000, 0.357257, -0.324725, 0.000000
39012000, 0.445448, -0.297857, -0.000001
39016000, 0.478537, -0.131388, -0.000000
39020000, 0.467063, -0.121837, -0.000000
39024000, 0.472024, 0.025088, 0.000000
39028000, 0.429860, 0.030786, -0.000000
39032000, 0.245770, -0.032589, -0.000003
39036000, 0.225771, 0.041601, 0.000003
39040000, 0.464331, 0.105488, 0.000000
39044000, 0.314814, 0.040528, -0.000003
39048000, 0.367798, -0.000061, 0.000003
39052000, 0.370728, -0.167601, -0.000002
39056000, 0.306887, -0.270704, -0.000000
39060000, 0.390558, -0.220670, 0.000001
39064000, 0.562873, -0.406113, -0.000002
39068000, 0.514181, -0.469646, -0.000000
39072000, 0.304568, -0.452326, -0.000001
39076000, 0.126132, -0.447403, -0.000001
39080000, 0.206388, -0.247491, 0.000000
39084000, 0.281259, -0.437858, -0.000002
39088000, 0.113608, -0.294984, 0.000000
39092000, 0.287692, -0.299330, 0.000000
39096000, 0.136141, -0.211151, 0.000000
39100000, 0.023453, -0.233884, -0.000000
39104000, 0.208471, -0.259824, 0.000002
39108000, 0.063791, -0.205304, -0.000001
39112000, 0.111037, -0.198682, -0.000000
39116000, 0.114692, -0.471248, -0.000001
39120000, 0.142673, -0.440019, -0.000002
39124000, 0.066899, -0.382625, 0.000000
39128000, 0.052728, -0.319271, -0.000000
39132000, 0.000870, -0.407893, 0.000000
39136000, 0.126899, -0.311414, 0.000000
39140000, 0.094247, -0.217997, 0.000000
39144000, 0.059138, -0.357181, 0.000001
39148000, 0.126379, -0.484528, -0.000000
39152000, 0.151964, -0.341484, 0.000000
39156000, 0.175581, -0.286901, -0.000000
39160000, 0.159109, -0.536960, -0.000001
39164000, 0.324821, -0.520367, -0.000001
39168000, 0.345610, -0.559774, -0.000001
39172000, 0.181088, -0.478380, -0.000000
39176000, 0.211167, -0.508479, -0.000000
39180000, 0.296763, -0.486383, 0.000000
39184000, 0.430045, -0.568102, -0.000001
39188000, 0.470442, -0.503002, 0.000000
39192000, 0.496836, -0.380528, 0.000002
39196000, 0.725278, -0.303037, -0.000001
39200000, 0.790341, -0.247908, 0.000002
39204000, 0.495473, -0.464335, -0.000000
39208000, 0.357037, -0.629300, 0.000003
39212000, 0.519568, -0.386167, 0.000001
39216000, 0.434105, -0.315300, 0.000002
39220000, 0.498861, -0.325580, -0.000001
39224000, 0.392879, -0.207729, -0.000002
39228000, 0.338093, -0.375077, 0.000002
39232000, 0.340345, -0.359163, 0.000000
39236000, 0.524082, -0.093076, -0.000000
39240000, 0.493528, -0.080449, 0.000001
39244000, 0.705592, -0.058955, -0.000001
39248000, 0.643871, -0.114948, -0.000001
39252000, 0.707535, -0.186260, 0.000001
39256000, 0.631763, -0.110184, -0.000000
39260000, 0.607711, -0.053162, 0.000001
39264000, 0.328050, 0.019291, -0.000000
39268000, 0.361422, -0.074697, 0.000000
39272000, 0.544691, -0.121608, -0.000000
39276000, 0.487162, 0.015898, 0.000001
39280000, 0.384478, -0.077912, -0.000000
39284000, 0.456601, -0.138467, -0.000001
39288000, 0.537902, -0.087314, -0.000000
39292000, 0.553685, 0.025995, -0.000002
39296000, 0.581131, -0.005362, 0.000000
39300000, 0.534444, -0.047860, -0.000001
39304000, 0.524466, 0.076811, 0.000002
39308000, 0.338193, -0.019708, 0.000000
39312000, 0.217245, 0.159102, -0.000001
39316000, 0.333529, 0.182135, -0.000001
39320000, 0.144260, 0.198429, -0.000001
39324000, 0.400211, 0.100507, -0.000000
39328000, 0.354762, -0.019050, -0.000001
39332000, 0.229259, -0.273098, -0.000002
39336000, 0.200342, -0.177666, 0.000000
39340000, 0.306526, -0.161046, 0.000001
39344000, 0.443691, -0.014792, 0.000002
39348000, 0.706909, -0.094598, -0.000002
39352000, 0.709739, 0.017728, 0.000001
39356000, 0.636255, 0.087388, 0.000002
39360000, 0.526425, 0.081401, -0.000000
39364000, 0.517594, 0.047729, 0.000001
39368000, 0.613474, -0.047690, 0.000003
39372000, 0.451956, 0.103079, 0.000002
39376000, 0.472995, 0.222575, -0.000001
39380000, 0.506335, 0.130398, -0.000001
39384000, 0.590176, 0.132671, 0.000002
39388000, 0.533595, -0.136222, 0.000002
39392000, 0.657817, -0.139883, 0.000000
39396000, 0.551388, 0.086812, -0.000000
39400000, 0.617026, 0.459508, 0.000000
39404000, 0.491807, 0.466262, -0.000002
39408000, 0.537767, 0.403720, 0.000002
39412000, 0.490173, 0.483864, 0.000000
39416000, 0.315351, 0.545003, 0.000000
39420000, 0.441556, 0.684362, -0.000002
39424000, 0.136133, 0.749816, 0.000000
39428000, 0.191511, 0.628913, -0.000000
39432000, 0.131814, 0.891119, -0.000001
39436000, 0.091508, 0.795132, -0.000002
39440000, -0.151129, 0.752704, 0.000001
39444000, 0.440787, 0.653098, 0.000002
39448000, 0.494380, 0.482641, -0.000002
39452000, 0.318557, 0.385152, 0.000000
39456000, 0.348799, 0.370066, -0.000002
39460000, 0.403833, 0.406696, 0.000001
39464000, 0.396064, 0.433277, -0.000002
39468000, 0.397307, 0.330346, -0.000000
39472000, 0.225425, 0.419572, 0.000000
39476000, 0.356186, 0.409560, -0.000002
39480000, 0.214212, 0.389775, 0.000001
39484000, 0.319958, 0.384029, 0.000001
39488000, 0.471041, 0.357714, -0.000001
39492000, 0.258761, 0.069845, -0.000000
39496000, 0.373444, 0.300341, 0.000002
39500000, 0.556572, 0.151862, 0.000001
39504000, 0.353410, 0.144053, -0.000000
39508000, 0.594285, -0.044200, 0.000001
39512000, 0.473669, -0.012811, 0.000000
39516000, 0.409522, 0.017606, 0.000001
39520000, 0.552826, 0.355406, -0.000003
39524000, 0.517891, 0.326587, -0.000002
39528000, 0.632688, 0.117350, 0.000001
39532000, 0.654787, 0.020455, -0.000002
39536000, 0.613546, 0.107484, -0.000002
39540000, 0.574433, 0.095124, 0.000001
39544000, 0.629218, 0.225549, -0.000002
39548000, 0.636974, 0.238872, 0.000000
39552000, 0.484606, 0.083413, 0.000000
39556000, 0.345884, 0.145730, 0.000001
39560000, 0.237452, -0.030570, -0.000000
39564000, 0.563074, 0.169249, -0.000001
39568000, 0.319041, -0.066538, 0.000002
39572000, 0.328618, -0.066138, -0.000001
39576000, 0.207957, -0.182450, 0.000000
39580000, 0.261202, -0.175617, 0.000003
39584000, 0.546404, -0.078471, -0.000001
39588000, 0.355620, -0.200223, -0.000000
39592000, 0.470859, -0.325010, 0.000000
39596000, 0.403186, -0.326675, 0.000001
39600000, 0.446486, -0.386987, 0.000001
39604000, 0.501242, -0.335809, 0.000000
39608000, 0.356898, -0.496674, -0.000001
39612000, 0.300681, -0.555020, -0.000000
39616000, 0.475231, -0.379639, 0.000002
39620000, 0.562854, -0.445034, -0.000000
39624000, 0.448852, -0.678703, -0.000001
39628000, 0.553974, -0.679865, -0.000002
39632000, 0.538456, -0.482472, -0.000001
39636000, 0.603051, -0.558529, -0.000000
39640000, 0.576234, -0.492121, -0.000000
39644000, 0.498549, -0.520883, -0.000002
39648000, 0.457261, -0.364294, 0.000001
39652000, 0.470845, -0.149211, -0.000000
39656000, 0.498888, -0.169069, 0.000001
39660000, 0.850663, -0.237547, 0.000000
39664000, 0.716824, -0.345590, 0.000002
39668000, 0.894207, -0.034368, -0.000002
39672000, 0.806525, -0.117452, -0.000000
39676000, 0.714513, 0.199925, -0.000000
39680000, 0.647522, 0.388903, 0.000001
39684000, 0.758043, 0.247003, 0.000001
39688000, 0.823677, 0.234798, 0.000001
39692000, 0.875544, 0.279827, -0.000002
39696000, 0.699006, 0.212059, 0.000001
39700000, 0.755945, 0.232513, 0.000000
39704000, 0.746268, 0.222338, 0.000000
39708000, 0.687893, 0.187018, 0.000001
39712000, 0.745527, -0.027494, 0.000001
39716000, 0.583264, -0.044000, 0.000000
39720000, 0.517245, 0.052515, -0.000002
39724000, 0.383036, -0.058592, -0.000000
39728000, 0.402763, 0.196331, 0.000001
39732000, 0.525511, 0.104272, -0.000001
39736000, 0.498734, 0.006920, 0.000000
39740000, 0.517145, -0.099707, -0.000001
39744000, 0.425808, -0.230175, -0.000001
39748000, 0.480676, -0.146403, 0.000001
39752000, 0.612893, -0.125473, 0.000001
39756000, 0.689105, -0.040698, 0.000001
39760000, 0.665126, -0.016673, 0.000001
39764000, 0.685214, -0.176332, 0.000000
39768000, 0.714136, 0.097300, 0.000001
39772000, 0.567721, 0.138825, -0.000001
39776000, 0.564416, 0.193755, 0.000000
39780000, 0.670841, -0.061890, -0.000000
39784000, 0.414598, -0.117395, -0.000003
39788000, 0.540043, 0.003534, 0.000000
39792000, 0.278839, 0.110191, -0.000001
39796000, 0.390833, 0.111047, 0.000001
39800000, 0.486411, -0.120971, -0.000002
39804000, 0.489003, -0.179584, -0.000001
39808000, 0.490392, -0.074391, 0.000002
39812000, 0.521542, -0.151545, -0.000001
39816000, 0.476758, -0.096258, 0.000001
39820000, 0.505052, 0.004411, 0.000000
39824000, 0.598507, 0.201693, -0.000000
39828000, 0.515110, -0.038087, -0.000001
39832000, 0.508516, -0.019169, 0.000001
39836000, 0.467818, -0.111858, 0.000000
39840000, 0.342308, -0.189158, -0.000001
39844000, 0.482222, 0.026493, -0.000000
39848000, 0.412526, 0.008704, 0.000000
39852000, 0.399458, -0.133168, -0.000000
39856000, 0.295771, -0.122380, -0.000001
39860000, 0.354485, -0.248270, 0.000001
39864000, 0.249226, -0.164204, 0.000000
39868000, 0.327443, -0.231486, -0.000000
39872000, 0.366026, -0.323868, 0.000002
39876000, 0.377533, -0.164287, 0.000000
39880000, 0.270783, -0.090734, 0.000000
39884000, 0.187436, 0.113889, 0.000001
39888000, 0.293746, 0.256535, 0.000001
39892000, 0.284150, 0.236070, 0.000000
39896000, 0.184525, 0.318573, 0.000000
39900000, 0.196601, 0.555454, -0.000001
39904000, 0.314564, 0.227995, 0.000000
39908000, 0.363107, 0.409107, -0.000002
39912000, 0.337044, 0.367076, 0.000000
39916000, 0.401447, 0.250576, -0.000002
39920000, 0.384292, 0.333381, 0.000001
39924000, 0.326405, 0.235840, -0.000000
39928000, 0.220841, 0.221463, 0.000001
39932000, 0.122041, 0.213600, -0.000001
39936000, 0.214659, 0.213757, -0.000001
39940000, 0.383426, 0.234800, -0.000000
39944000, 0.731072, 0.058060, -0.000000
39948000, 0.599888, 0.058217, -0.000001
39952000, 0.597160, -0.121199, -0.000001
39956000, 0.584836, 0.096453, 0.000000
39960000, 0.479948, 0.022058, 0.000001
39964000, 0.516777, -0.130790, -0.000000
39968000, 0.491015, -0.013835, 0.000000
39972000, 0.424390, -0.068223, 0.000000
39976000, 0.570374, -0.238278, -0.000002
39980000, 0.543916, -0.115169, -0.000001
39984000, 0.676366, 0.078349, 0.000001
39988000, 0.534020, -0.108783, -0.000001
39992000, 0.526239, -0.126210, 0.000001
39996000, 0.501203, -0.301515, -0.000001
40000000, 0.696713, -0.416480, -0.000000
40004000, 0.559712, -0.338467, -0.000001
40008000, 0.583542, -0.273319, 0.000003
40012000, 0.726410, -0.110080, 0.000002
40016000, 0.608230, 0.098579, 0.000002
40020000, 0.603354, 0.306075, 0.000001
40024000, 0.507057, 0.020628, 0.000000
40028000, 0.561927, 0.106979, -0.000001
40032000, 0.553114, 0.353900, -0.000000
40036000, 0.703612, 0.141991, 0.000002
40040000, 0.750329, 0.069318, -0.000000
40044000, 0.762280, -0.123752, -0.000004
40048000, 0.791232, -0.174367, -0.000001
40052000, 0.850007, -0.326017, 0.000003
40056000, 0.846151, -0.129940, -0.000001
40060000, 0.892288, 0.080868, 0.000001
40064000, 0.984923, 0.082150, 0.000001
40068000, 1.055426, 0.007271, 0.000001
40072000, 0.875443, -0.001901, -0.000001
40076000, 0.813450, 0.101139, -0.000002
40080000, 0.747597, -0.060557, -0.000001
40084000, 0.760693, -0.063986, 0.000001
40088000, 0.641088, -0.153438, 0.000001
40092000, 0.758141, -0.069069, 0.000000
40096000, 0.807424, -0.157892, -0.000001
40100000, 0.764433, -0.114764, 0.000001
40104000, 0.681621, -0.185232, 0.000002
40108000, 0.771040, -0.015866, -0.000001
40112000, 0.616093, -0.225064, -0.000000
40116000, 0.677138, -0.124530, -0.000000
40120000, 0.721887, 0.039469, -0.000001
40124000, 0.663544, 0.198812, 0.000000
40128000, 0.670932, 0.050168, -0.000000
40132000, 0.520931, 0.172894, -0.000002
40136000, 0.598974, 0.188335, -0.000002
40140000, 0.571980, 0.211914, -0.000000
40144000, 0.645806, 0.132126, -0.000002
40148000, 0.712826, 0.206839, 0.000002
40152000, 0.648301, 0.189812, -0.000004
40156000, 0.662184, 0.164523, 0.000001
40160000, 0.724937, -0.086272, -0.000000
40164000, 0.601291, -0.053388, 0.000002
40168000, 0.704824, -0.041465, 0.000003
40172000, 0.773874, 0.063311, -0.000001
40176000, 0.648272, -0.132912, -0.000001
40180000, 0.597897, -0.026780, -0.000001
40184000, 0.725556, -0.079423, -0.000000
40188000, 0.611525, -0.232736, -0.000002
40192000, 0.715469, -0.445778, 0.000000
40196000, 0.601001, -0.334081, -0.000001
40200000, 0.436205, -0.368163, -0.000001
40204000, 0.496325, -0.283454, 0.000001
40208000, 0.510619, -0.443366, -0.000002
40212000, 0.637721, -0.351467, 0.000001
40216000, 0.432482, -0.420222, 0.000000
40220000, 0.325127, -0.532046, -0.000001
40224000, 0.302818, -0.584433, 0.000000
40228000, 0.335665, -0.522064, -0.000001
40232000, 0.309387, -0.525894, -0.000001
40236000, 0.417365, -0.624786, -0.000000
40240000, 0.224823, -0.532614, 0.000001
40244000, 0.055571, -0.480398, 0.000000
40248000, -0.077881, -0.462290, -0.000000
40252000, -0.003515, -0.333232, 0.000003
40256000, 0.301351, -0.283218, 0.000002
40260000, 0.245535, -0.220928, -0.000000
40264000, 0.225109, -0.358732, -0.000001
40268000, 0.097963, -0.349727, 0.000001
40272000, 0.026742, -0.258951, 0.000000
40276000, 0.137948, -0.324370, -0.000001
40280000, 0.048469, -0.472564, 0.000001
40284000, -0.017897, -0.452273, 0.000001
40288000, 0.186810, -0.418465, -0.000001
40292000, 0.049776, -0.336837, 0.000001
40296000, 0.272988, -0.327519, 0.000001
40300000, 0.267103, -0.228798, -0.000001
40304000, 0.262539, -0.197973, -0.000002
40308000, 0.193691, -0.209489, -0.000000
40312000, 0.486922, -0.076481, -0.000000
40316000, 0.384764, -0.237705, 0.000002
40320000, 0.268453, -0.380458, 0.000000
40324000, 0.176148, -0.253626, -0.000001
40328000, 0.246486, -0.148847, -0.000001
40332000, 0.338792, 0.077134, -0.000002
40336000, 0.366314, -0.363785, -0.000001
40340000, 0.239545, -0.194627, -0.000000
40344000, 0.403031, -0.139161, -0.000000
40348000, 0.441050, -0.160209, -0.000001
40352000, 0.448349, -0.180245, -0.000000
40356000, 0.463105, -0.247358, 0.000001
40360000, 0.440139, 0.167865, 0.000001
40364000, 0.283244, 0.267209, -0.000001
40368000, 0.333648, 0.289910, 0.000002
40372000, 0.528184, 0.130716, 0.000000
40376000, 0.344890, -0.180881, -0.000001
40380000, 0.220486, -0.342485, -0.000000
40384000, 0.314089, -0.402942, -0.000002
40388000, 0.349315, -0.406998, 0.000001
40392000, 0.293722, -0.214267, 0.000000
40396000, 0.486042, -0.048983, -0.000002
40400000, 0.515459, -0.111264, 0.000000
40404000, 0.266436, 0.040179, -0.000001
40408000, 0.323268, -0.154443, 0.000000
40412000, 0.426955, 0.055383, -0.000000
40416000, 0.274520, -0.015411, -0.000000
40420000, 0.320989, 0.156450, 0.000001
40424000, 0.196574, 0.189265, 0.000000
40428000, 0.311753, 0.251878, -0.000002
40432000, 0.322074, 0.365229, -0.000002
40436000, 0.196122, 0.501221, 0.000001
40440000, -0.011083, 0.385250, -0.000002
40444000, -0.033653, 0.347929, -0.000001
40448000, 0.027993, 0.379027, -0.000001
40452000, -0.041328, 0.437590, -0.000000
40456000, -0.002843, 0.395212, -0.000002
40460000, 0.114335, 0.337977, -0.000001
40464000, 0.291722, 0.338090, -0.000000
40468000, 0.427160, 0.321181, -0.000002
40472000, 0.481199, 0.174473, 0.000002
40476000, 0.523848, 0.114519, 0.000000
40480000, 0.487109, 0.009937, 0.000000
40484000, 0.472883, 0.066337, 0.000001
40488000, 0.218144, 0.045261, -0.000001
40492000, 0.334579, 0.151663, 0.000001
40496000, 0.410674, 0.224695, 0.000000
40500000, 0.363125, 0.188458, -0.000001
40504000, 0.470920, 0.024920, 0.000001
40508000, 0.466216, 0.038433, -0.000000
40512000, 0.459571, -0.205485, 0.000003
40516000, 0.487205, -0.124748, -0.000000
40520000, 0.507250, -0.040316, -0.000000
40524000, 0.540523, -0.087956, 0.000001
40528000, 0.502082, -0.239053, -0.000000
40532000, 0.608382, -0.165908, 0.000000
40536000, 0.265935, -0.178259, 0.000000
40540000, 0.270148, -0.048157, 0.000001
40544000, 0.474294, 0.004592, -0.000000
40548000, 0.442193, -0.135974, 0.000001
40552000, 0.529305, -0.069842, -0.000002
40556000, 0.403623, -0.256171, 0.000001
40560000, 0.436434, -0.134110, 0.000001
40564000, 0.211527, -0.070189, -0.000000
40568000, 0.156427, -0.287594, 0.000002
40572000, 0.108749, -0.301549, -0.000001
40576000, 0.154993, -0.188780, 0.000002
40580000, 0.240301, -0.178056, 0.000000
40584000, 0.077481, -0.153214, -0.000001
40588000, 0.047143, 0.089666, 0.000001
40592000, 0.093758, 0.258659, -0.000003
40596000, 0.006152, 0.209961, -0.000000
40600000, 0.041869, 0.164326, -0.000001
40604000, 0.089129, 0.260214, -0.000000
40608000, 0.236988, 0.221527, 0.000001
40612000, 0.083453, 0.088003, -0.000002
40616000, 0.060584, 0.080099, -0.000000
40620000, 0.247643, -0.075563, -0.000000
40624000, 0.111331, -0.306312, 0.000002
40628000, 0.118772, -0.192402, 0.000000
40632000, 0.135236, -0.095541, 0.000000
40636000, 0.061908, 0.139988, -0.000000
40640000, 0.284062, 0.147746, -0.000001
40644000, 0.427521, 0.224329, -0.000001
40648000, 0.269669, 0.281705, -0.000001
40652000, 0.131321, 0.176141, 0.000000
40656000, 0.105068, 0.070799, -0.000001
40660000, 0.233211, 0.091227, -0.000001
40664000, 0.205033, -0.027278, -0.000002
40668000, 0.107924, 0.016943, -0.000000
40672000, 0.084452, 0.089806, -0.000001
40676000, 0.087660, 0.202058, -0.000001
40680000, 0.053634, 0.091270, 0.000002
40684000, 0.132335, 0.117587, -0.000001
40688000, 0.163651, -0.048566, 0.000000
40692000, 0.052334, -0.130761, 0.000001
40696000, 0.145947, -0.310879, -0.000001
40700000, 0.235637, -0.328146, -0.000000
40704000, 0.223474, -0.128426, -0.000000
40708000, 0.319915, -0.265685, 0.000003
40712000, 0.288628, -0.323901, 0.000001
40716000, -0.037487, -0.434327, 0.000001
40720000, 0.005019, -0.285809, 0.000000
40724000, -0.056812, -0.522446, 0.000002
40728000, -0.052639, -0.339764, -0.000001
40732000, -0.048288, -0.405339, 0.000002
40736000, -0.047171, -0.599654, 0.000001
40740000, -0.203327, -0.659028, -0.000000
40744000, -0.032875, -0.531646, 0.000001
40748000, 0.065118, -0.527596, -0.000001
40752000, 0.231228, -0.514842, -0.000000
40756000, 0.467023, -0.089845, -0.000000
40760000, 0.357934, -0.101488, 0.000002
40764000, 0.264872, -0.162120, -0.000001
40768000, 0.133260, -0.328968, 0.000003
40772000, 0.079801, -0.507140, 0.000000
40776000, 0.368784, -0.233809, -0.000002
40780000, 0.506768, 0.037079, 0.000000
40784000, 0.397775, -0.288676, -0.000000
40788000, 0.391954, -0.195772, -0.000001
40792000, 0.334414, -0.384344, -0.000002
40796000, 0.376195, -0.281194, 0.000001
40800000, 0.175303, -0.168390, 0.000001
40804000, 0.289866, -0.165776, -0.000001
40808000, 0.330981, -0.094721, 0.000000
40812000, 0.200422, 0.073868, -0.000000
40816000, 0.254634, 0.162239, 0.000000
40820000, 0.298064, 0.016993, -0.000001
40824000, 0.487982, -0.263361, 0.000001
40828000, 0.531126, -0.178631, -0.000001
40832000, 0.471188, -0.331137, -0.000000
40836000, 0.491465, -0.179743, 0.000002
40840000, 0.439570, -0.214415, 0.000000
40844000, -0.062840, -0.494479, -0.000001
40848000, 0.120423, -0.513914, -0.000002
40852000, 0.208171, -0.429155, -0.000001
40856000, 0.354107, -0.377648, 0.000000
40860000, 0.306216, -0.353279, 0.000000
40864000, 0.240896, -0.217370, 0.000001
40868000, 0.355675, -0.208183, -0.000000
40872000, 0.279984, -0.415379, 0.000001
40876000, 0.205890, -0.415265, 0.000002
40880000, 0.128296, -0.513101, 0.000000
40884000, 0.193779, -0.354438, -0.000000
40888000, 0.182442, -0.412716, 0.000001
40892000, 0.117929, -0.415634, -0.000001
40896000, -0.072558, -0.419143, 0.000000
40900000, 0.202222, -0.403179, -0.000001
40904000, 0.072308, -0.441501, -0.000001
40908000, 0.108767, -0.336797, 0.000001
40912000, 0.050706, -0.379952, 0.000000
40916000, 0.058894, -0.371278, 0.000001
40920000, -0.041695, -0.463840, -0.000001
40924000, -0.148259, -0.343696, 0.000001
40928000, -0.254903, -0.313653, -0.000001
40932000, -0.346697, -0.265255, -0.000000
40936000, -0.310353, -0.280380, 0.000000
40940000, -0.316992, -0.335171, 0.000000
40944000, -0.335951, -0.235828, -0.000001
40948000, -0.220478, -0.258461, 0.000001
40952000, -0.219643, -0.190122, 0.000001
40956000, -0.269787, -0.250075, 0.000001
40960000, -0.230806, -0.119496, 0.000002
40964000, -0.342195, -0.126085, -0.000000
40968000, -0.125950, -0.104831, -0.000003
40972000, 0.192984, -0.098723, -0.000001
40976000, 0.258759, -0.132333, -0.000002
40980000, 0.233620, -0.070712, -0.000000
40984000, 0.231135, -0.067833, 0.000003
40988000, 0.264586, 0.088047, -0.000001
40992000, 0.317438, 0.103095, 0.000002
40996000, 0.304466, 0.080875, -0.000001
41000000, 0.098678, 0.111850, -0.000001
41004000, 0.144535, 0.141479, 0.000000
41008000, 0.093598, -0.181611, 0.000000
41012000, -0.080020, -0.194120, 0.000002
41016000, -0.273600, -0.133049, -0.000002
41020000, -0.390335, -0.159363, -0.000004
41024000, -0.030750, -0.316345, -0.000000
41028000, 0.026383, -0.053532, 0.000001
41032000, -0.020709, -0.212027, -0.000002
41036000, -0.011380, 0.151792, 0.000002
41040000, 0.080936, -0.036760, -0.000002
41044000, 0.186829, 0.003125, 0.000001
41048000, 0.095360, 0.094688, 0.000000
41052000, 0.175271, -0.088275, 0.000000
41056000, 0.061800, -0.114697, -0.000001
41060000, 0.085977, -0.114294, -0.000000
41064000, -0.042924, -0.200828, 0.000001
41068000, 0.044441, -0.114992, -0.000000
41072000, 0.184286, -0.246750, 0.000000
41076000, 0.209835, -0.330706, 0.000001
41080000, 0.109548, -0.316692, 0.000002
41084000, 0.132839, 0.015988, 0.000001
41088000, 0.092464, -0.265762, -0.000000
41092000, 0.074134, -0.221955, 0.000003
41096000, 0.169486, 0.014602, -0.000001
41100000, -0.003313, -0.076236, 0.000001
41104000, 0.184352, -0.134507, -0.000002
41108000, 0.142968, -0.066925, -0.000001
41112000, 0.103399, -0.006127, -0.000002
41116000, 0.068726, 0.134228, 0.000002
41120000, 0.031671, 0.089733, -0.000000
41124000, 0.207869, 0.074512, -0.000001
41128000, 0.101981, 0.277538, -0.000001
41132000, 0.049436, 0.143625, 0.000002
41136000, 0.002470, 0.207538, -0.000001
41140000, 0.159172, 0.175379, -0.000000
41144000, 0.044162, 0.024831, -0.000001
41148000, 0.031150, 0.157760, 0.000000
41152000, 0.240441, -0.016126, 0.000001
41156000, 0.077308, -0.081443, -0.000003
41160000, 0.248557, -0.115886, 0.000001
41164000, 0.153486, -0.133948, -0.000001
41168000, 0.194856, 0.006275, -0.000001
41172000, 0.300009, -0.104117, -0.000000
41176000, 0.289785, -0.037423, 0.000000
41180000, 0.341855, -0.014653, -0.000001
41184000, 0.257232, -0.018948, -0.000001
41188000, 0.278385, 0.113251, 0.000000
41192000, 0.414942, -0.065304, -0.000000
41196000, 0.351783, -0.294777, -0.000000
41200000, 0.231994, -0.231290, 0.000002
41204000, 0.119042, -0.310622, 0.000001
41208000, 0.163579, -0.406327, -0.000001
41212000, 0.125865, -0.268981, 0.000001
41216000, 0.163453, -0.455301, 0.000001
41220000, 0.282875, -0.187970, 0.000001
41224000, 0.248626, -0.166079, -0.000001
41228000, 0.018231, -0.342709, -0.000001
41232000, 0.401381, -0.373437, -0.000001
41236000, 0.323621, -0.218695, -0.000001
41240000, 0.260967, -0.244201, 0.000001
41244000, 0.075959, -0.036516, -0.000001
41248000, 0.194465, -0.014186, -0.000001
41252000, 0.166115, 0.032943, -0.000000
41256000, 0.027871, 0.129641, 0.000001
41260000, 0.156059, 0.377811, 0.000000
41264000, 0.088737, 0.435522, 0.000001
41268000, -0.051329, 0.495388, 0.000001
41272000, -0.061506, 0.455408, 0.000000
41276000, 0.109431, 0.376114, -0.000001
41280000, 0.310007, 0.279557, 0.000000
41284000, 0.238041, 0.450631, -0.000001
41288000, 0.177020, 0.285287, -0.000000
41292000, 0.110342, 0.352520, 0.000001
41296000, 0.006699, 0.448208, 0.000002
41300000, 0.064838, 0.574604, -0.000001
41304000, -0.171815, 0.532702, -0.000002
41308000, -0.078461, 0.509627, -0.000000
41312000, -0.108964, 0.632576, 0.000000
41316000, -0.404074, 0.555939, -0.000002
41320000, -0.226639, 0.618448, 0.000001
41324000, -0.149613, 0.589825, -0.000003
41328000, -0.090814, 0.557156, -0.000000
41332000, -0.196740, 0.683251, -0.000000
41336000, -0.316045, 0.587759, -0.000001
41340000, -0.237812, 0.631053, -0.000002
41344000, -0.299682, 0.605740, -0.000001
41348000, -0.219958, 0.487051, 0.000001
41352000, -0.116887, 0.523297, -0.000002
41356000, -0.148713, 0.701571, 0.000000
41360000, 0.068509, 0.682482, 0.000000
41364000, 0.093158, 0.590811, -0.000002
41368000, 0.099946, 0.518840, 0.000000
41372000, 0.102925, 0.534578, 0.000000
41376000, 0.115321, 0.668562, 0.000001
41380000, 0.135924, 0.603223, 0.000000
41384000, 0.084915, 0.461542, -0.000001
41388000, 0.211157, 0.384047, -0.000001
41392000, 0.293415, 0.489980, 0.000003
41396000, 0.425736, 0.208153, 0.000001
41400000, 0.357779, 0.207614, 0.000001
41404000, 0.477271, 0.218282, -0.000001
41408000, 0.458315, 0.271033, -0.000002
41412000, 0.296235, 0.130650, 0.000002
41416000, 0.330880, 0.047801, 0.000001
41420000, 0.267178, 0.007137, 0.000001
41424000, 0.377212, 0.101860, -0.000000
41428000, 0.500048, -0.106080, -0.000001
41432000, 0.488152, 0.064798, -0.000001
41436000, 0.456082, -0.104714, -0.000002
41440000, 0.443761, 0.024336, -0.000001
41444000, 0.458365, 0.043050, 0.000001
41448000, 0.241220, 0.132713, 0.000001
41452000, 0.172649, 0.027807, -0.000001
41456000, 0.215997, -0.011758, 0.000000
41460000, 0.283007, 0.065317, 0.000002
41464000, 0.178557, 0.119712, 0.000001
41468000, -0.005146, 0.089716, 0.000001
41472000, -0.164273, -0.021929, -0.000001
41476000, 0.010293, -0.060683, -0.000001
41480000, 0.135487, 0.098662, -0.000000
41484000, 0.011455, -0.028884, 0.000000
41488000, 0.044305, 0.148620, -0.000000
41492000, 0.074019, 0.226106, -0.000001
41496000, 0.117798, 0.112199, -0.000000
41500000, 0.321477, 0.306340, -0.000001
41504000, 0.355579, 0.271270, -0.000001
41508000, 0.365437, -0.032141, -0.000000
41512000, 0.365789, 0.246626, 0.000001
41516000, 0.236400, 0.379046, -0.000000
41520000, 0.237902, 0.396049, -0.000002
41524000, 0.286205, 0.644404, -0.000002
41528000, -0.004472, 0.549672, 0.000000
41532000, 0.063270, 0.376481, 0.000001
41536000, 0.043857, 0.474079, -0.000001
41540000, 0.123589, 0.470809, 0.000000
41544000, 0.137529, 0.498614, 0.000001
41548000, 0.156348, 0.523772, 0.000000
41552000, 0.178701, 0.647390, -0.000001
41556000, -0.024146, 0.499003, 0.000001
41560000, -0.158957, 0.499454, 0.000000
41564000, -0.187913, 0.286715, -0.000002
41568000, -0.318578, 0.576274, -0.000000
41572000, -0.498900, 0.524498, 0.000001
41576000, -0.282144, 0.720175, 0.000002
41580000, -0.254758, 0.724086, 0.000001
41584000, -0.443557, 0.610998, 0.000001
41588000, -0.310804, 0.513467, 0.000001
41592000, -0.200261, 0.399412, 0.000001
41596000, -0.199204, 0.503703, 0.000000
41600000, -0.002923, 0.466674, 0.000001
41604000, 0.111551, 0.396701, 0.000001
41608000, -0.130809, 0.463968, 0.000002
41612000, -0.110100, 0.363250, 0.000000
41616000, 0.080067, 0.337244, -0.000001
41620000, 0.221862, 0.418249, -0.000000
41624000, 0.370190, 0.178702, -0.000001
41628000, 0.458974, 0.210307, -0.000001
41632000, 0.427005, 0.382857, -0.000000
41636000, 0.624641, 0.262439, -0.000001
41640000, 0.584405, 0.317677, -0.000000
41644000, 0.555392, 0.212205, 0.000002
41648000, 0.679461, 0.289230, 0.000001
41652000, 0.655890, 0.029311, 0.000001
41656000, 0.514127, 0.184230, 0.000002
41660000, 0.536977, 0.336692, -0.000001
41664000, 0.492106, 0.414653, -0.000000
41668000, 0.621819, 0.183264, 0.000001
41672000, 0.315606, -0.024807, 0.000000
41676000, 0.504211, -0.092293, -0.000002
41680000, 0.226523, -0.161632, 0.000002
41684000, 0.132234, -0.140986, 0.000000
41688000, 0.363274, 0.004530, 0.000001
41692000, 0.416836, -0.090214, 0.000002
41696000, 0.420649, -0.275362, 0.000001
41700000, 0.499234, -0.496862, -0.000001
41704000, 0.577590, -0.262858, -0.000002
41708000, 0.521047, -0.388723, -0.000001
41712000, 0.577839, -0.338546, 0.000001
41716000, 0.572821, -0.408649, 0.000001
41720000, 0.699918, -0.317053, 0.000001
41724000, 0.574551, -0.266439, 0.000001
41728000, 0.636234, -0.445969, 0.000001
41732000, 0.403099, -0.273546, -0.000000
41736000, 0.718045, -0.273686, 0.000000
41740000, 0.738755, -0.254799, -0.000000
41744000, 0.679458, -0.296814, -0.000000
41748000, 0.569278, -0.270069, 0.000002
41752000, 0.777702, -0.129145, -0.000001
41756000, 0.600685, -0.068910, -0.000002
41760000, 0.685822, 0.075283, 0.000002
41764000, 0.586178, 0.259788, 0.000001
41768000, 0.631358, 0.310672, 0.000001
41772000, 0.695248, 0.278738, 0.000003
41776000, 0.440028, 0.195277, -0.000001
41780000, 0.513461, 0.245517, 0.000001
41784000, 0.638035, 0.330488, 0.000000
41788000, 0.580124, 0.154320, 0.000000
41792000, 0.556970, 0.028610, 0.000002
41796000, 0.579956, 0.134574, 0.000001
41800000, 0.513063, 0.229172, -0.000001
41804000, 0.516982, 0.392181, -0.000001
41808000, 0.348696, 0.380484, -0.000001
41812000, 0.473423, 0.282891, 0.000001
41816000, 0.465522, 0.196496, 0.000001
41820000, 0.514568, 0.221567, 0.000002
41824000, 0.419904, 0.217160, -0.000001
41828000, 0.460869, 0.316249, 0.000001
41832000, 0.571268, 0.159858, -0.000001
41836000, 0.476736, 0.235459, 0.000001
41840000, 0.579532, 0.046722, 0.000001
41844000, 0.753125, 0.177324, -0.000002
41848000, 0.719741, 0.050316, -0.000002
41852000, 0.601529, 0.030320, 0.000002
41856000, 0.630382, 0.169369, 0.000001
41860000, 0.690835, 0.290459, -0.000001
41864000, 0.572012, 0.347122, 0.000002
41868000, 0.414267, 0.593763, 0.000002
41872000, 0.440233, 0.570583, 0.000002
41876000, 0.372211, 0.672590, -0.000000
41880000, 0.178236, 0.718190, 0.000000
41884000, 0.135682, 0.712423, 0.000001
41888000, 0.086710, 0.676047, 0.000000
41892000, -0.138910, 0.503856, 0.000001
41896000, -0.007169, 0.557770, 0.000002
41900000, 0.097006, 0.413102, -0.000001
41904000, -0.003537, 0.510840, 0.000002
41908000, -0.070589, 0.556757, 0.000000
41912000, -0.284606, 0.586230, 0.000002
41916000, -0.365565, 0.735332, -0.000001
41920000, -0.384576, 0.634574, 0.000000
41924000, -0.586335, 0.474949, -0.000000
41928000, -0.534351, 0.259664, -0.000001
41932000, -0.536822, 0.135589, -0.000001
41936000, -0.430747, 0.280640, -0.000000
41940000, -0.432277, 0.437981, -0.000000
41944000, -0.170294, 0.309037, -0.000003
41948000, -0.265096, 0.388912, -0.000001
41952000, -0.403495, 0.323220, -0.000002
41956000, -0.233782, 0.358733, -0.000000
41960000, -0.157335, 0.216870, 0.000002
41964000, -0.314740, 0.505932, 0.000001
41968000, -0.412648, 0.328015, -0.000001
41972000, -0.555969, 0.368041, 0.000003
41976000, -0.516126, 0.637414, -0.000001
41980000, -0.659099, 0.483488, -0.000002
41984000, -0.621571, 0.204054, -0.000001
41988000, -0.326915, 0.192666, 0.000001
41992000, -0.400228, 0.159394, 0.000001
41996000, -0.359348, 0.229119, 0.000002
42000000, -0.414831, 0.296697, 0.000001
42004000, -0.277924, 0.251683, -0.000001
42008000, -0.265171, 0.417772, -0.000002
42012000, -0.236522, 0.512955, 0.000001
42016000, -0.438202, 0.681924, -0.000000
42020000, -0.146752, 0.555195, 0.000000
42024000, -0.156636, 0.405500, -0.000001
42028000, -0.280846, 0.437388, -0.000002
42032000, -0.257965, 0.697887, -0.000003
42036000, -0.304306, 0.544793, 0.000001
42040000, -0.446273, 0.602014, 0.000002
42044000, -0.433655, 0.749556, 0.000001
42048000, -0.356075, 0.519654, 0.000000
42052000, -0.500745, 0.460526, 0.000000
42056000, -0.469862, 0.357945, -0.000002
42060000, -0.404905, 0.492920, -0.000000
42064000, -0.550402, 0.393507, -0.000000
42068000, -0.187213, 0.138484, -0.000001
42072000, -0.118240, 0.088612, -0.000002
42076000, -0.402834, -0.058583, -0.000000
42080000, -0.328220, 0.181033, -0.000001
42084000, -0.439926, -0.001520, 0.000001
42088000, -0.381841, -0.085496, 0.000001
42092000, -0.471879, -0.175442, -0.000001
42096000, -0.313587, -0.077226, 0.000000
42100000, -0.526529, -0.059172, 0.000001
42104000, -0.621066, -0.006881, -0.000000
42108000, -0.625107, 0.029626, -0.000002
42112000, -0.750718, -0.084982, -0.000001
42116000, -0.457254, -0.073992, 0.000000
42120000, -0.505049, 0.083075, 0.000001
42124000, -0.457219, 0.253649, 0.000001
42128000, -0.511824, 0.132813, -0.000000
42132000, -0.626786, 0.227043, 0.000002
42136000, -0.549950, 0.358227, 0.000001
42140000, -0.463841, 0.314984, -0.000001
42144000, -0.485797, 0.166085, 0.000002
42148000, -0.395428, 0.050393, 0.000002
42152000, -0.682097, 0.144358, -0.000001
42156000, -0.513803, 0.278780, -0.000002
42160000, -0.500624, 0.291218, 0.000000
42164000, -0.629652, 0.366026, 0.000001
42168000, -0.935707, 0.304825, 0.000001
42172000, -0.647785, 0.324958, -0.000001
42176000, -0.546713, 0.308314, -0.000001
42180000, -0.737734, 0.356788, 0.000001
42184000, -0.918763, 0.378170, 0.000001
42188000, -0.882413, 0.403879, -0.000001
42192000, -0.536223, 0.161699, 0.000001
42196000, -0.567278, 0.162899, 0.000002
42200000, -0.616278, 0.133647, 0.000000
42204000, -0.668646, 0.142496, 0.000001
42208000, -0.681078, 0.136756, -0.000001
42212000, -0.535889, 0.222722, 0.000002
42216000, -0.441372, 0.302009, 0.000001
42220000, -0.471562, 0.530098, 0.000001
42224000, -0.485550, 0.587055, -0.000001
42228000, -0.439518, 0.630459, 0.000001
42232000, -0.365241, 0.600998, 0.000001
42236000, -0.636152, 0.517664, 0.000000
42240000, -0.675536, 0.355208, 0.000001
42244000, -0.578518, 0.346492, 0.000000
42248000, -0.602536, 0.435640, -0.000000
42252000, -0.323430, 0.555687, 0.000003
42256000, -0.194671, 0.444683, 0.000001
42260000, -0.250770, 0.407751, -0.000001
42264000, -0.129573, 0.588289, -0.000002
42268000, -0.002583, 0.490042, 0.000001
42272000, 0.007477, 0.482182, -0.000001
42276000, 0.116544, 0.960131, 0.000002
42280000, 0.108032, 0.736261, 0.000001
42284000, 0.099974, 0.676422, 0.000001
42288000, -0.131276, 0.657116, -0.000000
42292000, -0.300361, 0.731515, -0.000000
42296000, -0.291508, 0.559407, 0.000000
42300000, -0.263857, 0.353237, 0.000001
42304000, -0.258523, 0.404395, 0.000001
42308000, -0.473250, 0.409729, 0.000000
42312000, -0.298594, 0.507335, -0.000000
42316000, -0.353618, 0.432713, -0.000002
42320000, -0.293698, 0.528500, -0.000001
42324000, -0.313432, 0.522437, -0.000001
42328000, -0.350730, 0.579383, 0.000002
42332000, -0.411698, 0.574807, -0.000002
42336000, -0.467756, 0.521578, 0.000002
42340000, -0.500599, 0.584378, 0.000001
42344000, -0.478366, 0.594825, 0.000001
42348000, -0.540972, 0.605228, 0.000001
42352000, -0.390545, 0.483224, 0.000000
42356000, -0.441602, 0.723762, 0.000001
42360000, -0.501662, 0.416759, 0.000001
42364000, -0.535333, 0.290126, 0.000001
42368000, -0.375703, 0.223251, 0.000002
42372000, -0.569983, 0.183079, 0.000002
42376000, -0.455572, 0.102531, 0.000000
42380000, -0.408498, 0.155463, -0.000002
42384000, -0.376198, 0.209655, -0.000001
42388000, -0.361279, 0.212503, 0.000001
42392000, -0.324280, 0.239840, -0.000001
42396000, -0.319429, 0.217207, -0.000002
42400000, -0.335654, 0.216517, 0.000001
42404000, -0.317647, 0.395303, 0.000000
42408000, -0.384419, 0.455130, 0.000001
42412000, -0.244823, 0.404549, 0.000000
42416000, -0.366550, 0.571344, -0.000001
42420000, -0.550543, 0.472236, -0.000001
42424000, -0.658607, 0.568479, -0.000001
42428000, -0.554454, 0.481492, -0.000003
42432000, -0.416784, 0.668189, -0.000003
42436000, -0.445532, 0.638255, 0.000001
42440000, -0.397361, 0.783854, -0.000000
42444000, -0.355049, 0.714731, 0.000001
42448000, -0.526399, 0.630992, -0.000001
42452000, -0.504198, 0.668714, 0.000001
42456000, -0.491130, 0.473101, -0.000000
42460000, -0.421766, 0.412112, -0.000001
42464000, -0.448006, 0.548403, -0.000000
42468000, -0.545516, 0.383533, 0.000002
42472000, -0.605079, 0.320218, 0.000000
42476000, -0.649308, 0.409697, -0.000000
42480000, -0.594017, 0.490016, -0.000000
42484000, -0.648355, 0.383475, -0.000002
42488000, -0.558446, 0.419620, 0.000002
42492000, -0.569173, 0.507066, 0.000000
42496000, -0.529143, 0.451884, 0.000002
42500000, -0.603105, 0.517613, 0.000001
42504000, -0.756041, 0.443197, -0.000001
42508000, -0.607893, 0.373279, -0.000002
42512000, -0.615770, 0.442863, -0.000000
42516000, -0.634038, 0.184828, 0.000001
42520000, -0.663226, 0.010349, -0.000000
42524000, -0.604675, 0.148590, -0.000000
42528000, -0.684041, -0.014322, 0.000003
42532000, -0.703500, 0.158387, 0.000001
42536000, -0.637510, 0.142782, 0.000000
42540000, -0.655530, -0.039732, 0.000000
42544000, -0.537482, 0.140275, 0.000000
42548000, -0.595375, 0.271996, -0.000001
42552000, -0.635172, 0.224693, 0.000002
42556000, -0.500325, 0.217944, -0.000000
42560000, -0.450975, 0.146500, 0.000001
42564000, -0.573537, 0.128836, -0.000001
42568000, -0.515457, 0.020526, 0.000002
42572000, -0.345436, -0.009398, -0.000002
42576000, -0.451875, 0.072887, -0.000000
42580000, -0.435729, 0.107710, 0.000005
42584000, -0.519478, -0.079134, -0.000000
42588000, -0.684268, -0.157388, -0.000001
42592000, -0.555388, -0.383128, 0.000002
42596000, -0.705144, -0.372942, -0.000001
42600000, -0.489923, -0.404826, -0.000003
42604000, -0.265748, -0.395124, 0.000001
42608000, -0.359427, -0.464587, -0.000000
42612000, -0.442528, -0.335503, -0.000001
42616000, -0.348451, -0.484200, -0.000000
42620000, -0.451881, -0.500721, 0.000003
42624000, -0.378784, -0.372641, 0.000000
42628000, -0.349543, -0.649786, 0.000000
42632000, -0.290406, -0.506515, -0.000001
42636000, -0.389318, -0.621342, 0.000001
42640000, -0.368615, -0.586329, -0.000001
42644000, -0.350000, -0.548327, -0.000001
42648000, -0.410553, -0.451973, 0.000000
42652000, -0.358049, -0.445360, 0.000000
42656000, -0.285946, -0.541212, -0.000000
42660000, -0.429273, -0.492574, 0.000000
42664000, -0.529788, -0.286941, 0.000003
42668000, -0.625852, -0.469135, -0.000001
42672000, -0.466018, -0.513400, -0.000000
42676000, -0.482636, -0.403227, -0.000001
42680000, -0.475998, -0.510636, -0.000002
42684000, -0.471284, -0.477358, 0.000002
42688000, -0.394976, -0.539868, -0.000002
42692000, -0.396965, -0.445077, 0.000001
42696000, -0.266162, -0.519485, 0.000001
42700000, -0.229221, -0.360003, 0.000001
42704000, -0.486113, -0.402032, 0.000002
42708000, -0.186328, -0.335114, -0.000000
42712000, -0.290585, -0.218137, 0.000004
42716000, -0.325127, -0.391267, 0.000000
42720000, -0.372912, -0.545689, 0.000000
42724000, -0.422835, -0.485758, 0.000001
42728000, -0.426045, -0.634511, 0.000001
42732000, -0.387259, -0.490249, -0.000001
42736000, -0.414889, -0.335506, 0.000001
42740000, -0.478637, -0.353798, 0.000001
42744000, -0.312272, -0.396469, 0.000002
42748000, -0.487803, -0.296199, -0.000001
42752000, -0.258203, -0.384738, -0.000002
42756000, -0.320874, -0.251949, -0.000000
42760000, -0.210891, -0.033783, -0.000000
42764000, -0.430729, -0.077670, 0.000002
42768000, -0.390017, -0.303279, -0.000002
42772000, -0.370716, -0.355453, -0.000002
42776000, -0.433532, -0.058514, -0.000001
42780000, -0.500031, 0.011454, -0.000001
42784000, -0.612574, 0.128310, -0.000003
42788000, -0.517847, 0.230295, -0.000001
42792000, -0.440627, 0.054319, -0.000001
42796000, -0.539901, -0.036149, -0.000001
42800000, -0.615624, -0.043541, -0.000001
42804000, -0.590040, -0.172320, 0.000001
42808000, -0.676224, -0.199132, 0.000001
42812000, -0.681602, -0.440864, -0.000002
42816000, -0.687553, -0.379397, -0.000001
42820000, -0.655371, -0.367020, 0.000001
42824000, -0.733464, -0.070604, -0.000002
42828000, -0.532122, -0.297608, 0.000002
42832000, -0.528345, -0.216924, 0.000000
42836000, -0.667194, 0.038762, 0.000002
42840000, -0.554904, -0.095955, -0.000000
42844000, -0.599130, -0.235141, -0.000000
42848000, -0.671752, -0.006161, -0.000000
42852000, -0.605009, -0.249284, -0.000001
42856000, -0.726684, -0.325811, -0.000000
42860000, -0.749325, -0.329206, -0.000000
42864000, -0.409080, -0.426942, 0.000001
42868000, -0.385663, -0.499928, -0.000001
42872000, -0.294043, -0.411912, 0.000000
42876000, -0.193967, -0.359007, -0.000002
42880000, -0.354526, -0.293800, -0.000001
42884000, -0.389153, -0.144039, 0.000001
42888000, -0.268223, -0.263395, 0.000001
42892000, -0.144098, -0.058473, -0.000000
42896000, -0.170948, -0.110194, -0.000000
42900000, -0.023846, -0.181018, 0.000003
42904000, -0.035989, -0.255504, 0.000001
42908000, 0.000935, -0.333426, 0.000002
42912000, -0.115293, -0.478214, -0.000001
42916000, -0.181394, -0.392275, 0.000001
42920000, -0.151757, -0.273596, -0.000001
42924000, -0.274138, -0.240848, 0.000000
42928000, -0.352312, -0.213429, 0.000002
42932000, -0.359648, -0.261718, 0.000001
42936000, -0.325343, -0.255189, 0.000001
42940000, -0.332050, -0.422407, -0.000000
42944000, -0.586980, -0.271717, 0.000000
42948000, -0.734515, -0.158551, -0.000001
42952000, -0.637727, -0.175133, -0.000002
42956000, -0.762301, -0.160594, 0.000000
42960000, -0.624301, 0.054910, -0.000000
42964000, -0.582933, 0.065836, 0.000001
42968000, -0.413569, 0.066827, -0.000001
42972000, -0.487505, -0.049219, 0.000001
42976000, -0.522540, 0.024491, -0.000000
42980000, -0.623783, 0.068353, 0.000001
42984000, -0.701792, 0.103147, -0.000001
42988000, -0.777150, 0.103407, -0.000000
42992000, -0.648415, 0.287172, 0.000001
42996000, -0.675332, 0.180957, 0.000001
43000000, -0.572242, 0.203993, -0.000000
43004000, -0.697317, 0.355270, 0.000001
43008000, -0.801670, 0.354056, -0.000000
43012000, -0.759536, 0.445327, -0.000002
43016000, -0.824564, 0.444331, -0.000000
43020000, -0.815338, 0.359772, -0.000001
43024000, -0.710718, 0.222103, -0.000000
43028000, -0.710728, 0.167835, 0.000002
43032000, -0.522502, 0.275690, -0.000001
43036000, -0.597188, 0.119574, 0.000002
43040000, -0.628136, 0.237405, 0.000000
43044000, -0.590429, 0.437311, -0.000002
43048000, -0.591342, 0.372661, 0.000002
43052000, -0.440046, 0.459893, 0.000000
43056000, -0.702182, 0.332684, 0.000002
43060000, -0.589152, 0.575894, -0.000000
43064000, -0.643835, 0.438236, 0.000002
43068000, -0.437822, 0.422056, -0.000002
43072000, -0.507088, 0.377499, 0.000001
43076000, -0.457107, 0.319185, 0.000000
43080000, -0.540304, 0.230896, 0.000000
43084000, -0.565838, 0.015766, 0.000001
43088000, -0.411759, 0.420583, -0.000001
43092000, -0.407208, 0.439589, -0.000000
43096000, -0.117920, 0.209746, -0.000002
43100000, -0.265825, -0.002566, -0.000001
43104000, -0.306496, 0.056791, -0.000002
43108000, -0.112386, 0.277240, -0.000001
43112000, -0.132417, 0.304698, -0.000001
43116000, -0.105874, 0.216494, -0.000000
43120000, -0.172543, 0.194382, 0.000001
43124000, -0.141567, 0.034080, -0.000000
43128000, -0.157188, 0.024525, 0.000000
43132000, -0.043102, 0.000132, 0.000001
43136000, -0.150786, 0.120157, -0.000001
43140000, -0.248455, 0.121259, 0.000000
43144000, -0.200888, 0.060621, -0.000003
43148000, -0.061945, 0.187731, 0.000001
43152000, -0.189104, 0.137104, -0.000001
43156000, -0.148105, 0.149137, 0.000001
43160000, -0.344606, 0.095530, -0.000001
43164000, -0.466441, 0.059732, -0.000001
43168000, -0.332748, 0.268911, -0.000000
43172000, -0.462395, 0.373982, 0.000000
43176000, -0.393350, 0.487034, -0.000001
43180000, -0.381530, 0.367807, -0.000000
43184000, -0.353971, 0.508604, 0.000003
43188000, -0.196222, 0.561867, -0.000001
43192000, -0.125612, 0.609355, -0.000001
43196000, -0.090305, 0.543356, -0.000001
43200000, -0.072290, 0.515258, 0.000002
43204000, -0.190334, 0.506084, -0.000001
43208000, -0.217453, 0.540124, 0.000000
43212000, -0.148884, 0.393345, 0.000002
43216000, -0.321626, 0.511972, 0.000000
43220000, -0.289910, 0.518443, 0.000001
43224000, -0.285828, 0.567836, 0.000001
43228000, -0.210163, 0.662130, -0.000000
43232000, -0.449494, 0.582529, 0.000001
43236000, -0.507821, 0.467941, -0.000002
43240000, -0.499513, 0.511489, -0.000000
43244000, -0.451699, 0.486695, 0.000000
43248000, -0.540191, 0.452915, 0.000000
43252000, -0.407449, 0.494675, -0.000000
43256000, -0.658398, 0.390885, -0.000001
43260000, -0.564788, 0.475701, 0.000001
43264000, -0.590217, 0.488772, -0.000001
43268000, -0.483375, 0.498841, -0.000001
43272000, -0.440380, 0.563420, -0.000000
43276000, -0.378830, 0.505388, 0.000000
43280000, -0.438139, 0.543637, -0.000000
43284000, -0.105129, 0.697817, 0.000000
43288000, -0.110039, 0.537866, 0.000001
43292000, -0.122200, 0.523954, 0.000000
43296000, 0.032713, 0.656319, 0.000001
43300000, -0.039218, 0.527880, -0.000000
43304000, -0.117898, 0.515781, 0.000000
43308000, -0.150666, 0.560038, 0.000000
43312000, -0.171745, 0.257352, -0.000000
43316000, -0.363303, 0.310448, 0.000000
43320000, -0.127149, 0.482408, 0.000001
43324000, -0.055186, 0.745185, 0.000000
43328000, -0.081381, 0.523412, -0.000001
43332000, -0.021794, 0.550086, 0.000001
43336000, -0.003730, 0.452572, 0.000000
43340000, -0.153567, 0.505736, -0.000000
43344000, -0.161186, 0.500174, 0.000001
43348000, 0.011164, 0.511778, -0.000000
43352000, -0.200033, 0.467961, 0.000000
43356000, -0.236542, 0.491203, 0.000001
43360000, -0.245419, 0.601836, 0.000000
43364000, -0.225776, 0.508349, 0.000001
43368000, -0.334875, 0.378899, -0.000001
43372000, -0.468700, 0.376856, -0.000001
43376000, -0.551725, 0.455375, 0.000001
43380000, -0.548806, 0.483675, -0.000000
43384000, -0.573400, 0.608711, 0.000000
43388000, -0.739435, 0.442801, 0.000000
43392000, -0.706694, 0.158527, -0.000001
43396000, -0.573092, 0.099665, 0.000002
43400000, -0.663491, 0.245964, -0.000000
43404000, -0.583418, 0.049051, 0.000000
43408000, -0.656388, 0.079882, -0.000003
43412000, -0.713317, -0.025575, -0.000001
43416000, -0.520973, 0.042168, -0.000001
43420000, -0.738703, -0.159558, -0.000000
43424000, -0.714560, -0.069927, -0.000000
43428000, -0.616210, -0.114251, 0.000001
43432000, -0.664115, 0.055155, -0.000000
43436000, -0.821985, 0.024532, -0.000001
43440000, -0.727253, 0.071640, 0.000001
43444000, -0.716220, 0.131965, -0.000000
43448000, -0.794688, 0.192171, 0.000001
43452000, -0.580386, 0.345325, 0.000001
43456000, -0.524822, 0.313059, -0.000002
43460000, -0.488904, 0.240999, -0.000000
43464000, -0.339108, 0.253039, 0.000001
43468000, -0.463192, 0.250240, 0.000001
43472000, -0.375729, 0.195515, 0.000002
43476000, -0.464207, 0.422545, 0.000002
43480000, -0.454120, 0.447971, -0.000003
43484000, -0.636324, 0.408943, 0.000001
43488000, -0.641137, 0.488165, 0.000001
43492000, -0.617420, 0.327633, -0.000000
43496000, -0.370426, 0.276540, -0.000000
43500000, -0.560601, 0.324653, 0.000001
43504000, -0.381360, 0.159692, 0.000000
43508000, -0.385878, 0.282952, -0.000000
43512000, -0.402633, 0.177628, -0.000002
43516000, -0.516274, 0.263518, -0.000000
43520000, -0.238479, 0.225146, -0.000001
43524000, -0.243575, 0.277701, -0.000002
43528000, -0.285738, 0.268298, 0.000000
43532000, -0.366510, 0.162427, -0.000001
43536000, -0.442488, -0.008374, 0.000000
43540000, -0.381940, -0.088013, 0.000000
43544000, -0.357937, -0.100755, -0.000001
43548000, -0.288092, -0.168948, -0.000000
43552000, -0.294575, -0.205387, -0.000002
43556000, -0.193854, 0.001619, -0.000002
43560000, -0.247118, -0.115638, -0.000000
43564000, -0.117856, -0.222795, -0.000003
43568000, -0.208555, -0.066280, -0.000001
43572000, -0.033035, -0.098940, 0.000002
43576000, -0.117741, 0.016625, -0.000000
43580000, -0.212211, -0.150066, -0.000002
43584000, -0.285145, -0.016308, -0.000000
43588000, -0.359462, 0.090744, 0.000002
43592000, -0.384998, 0.171230, 0.000001
43596000, -0.326757, 0.029383, -0.000001
43600000, -0.444014, 0.209755, 0.000001
43604000, -0.532857, 0.308238, 0.000000
43608000, -0.383806, 0.324917, 0.000000
43612000, -0.235870, 0.255233, 0.000000
43616000, -0.337950, 0.234836, 0.000002
43620000, -0.566468, 0.339608, 0.000001
43624000, -0.644212, 0.015344, 0.000001
43628000, -0.705492, -0.122341, -0.000002
43632000, -0.668764, 0.003031, 0.000002
43636000, -0.668562, 0.197410, 0.000001
43640000, -0.710833, 0.552818, -0.000000
43644000, -0.618324, 0.476957, -0.000000
43648000, -0.461745, 0.492441, 0.000001
43652000, -0.648378, 0.358580, -0.000001
43656000, -0.611088, 0.530016, -0.000001
43660000, -0.388454, 0.604918, -0.000000
43664000, -0.151908, 0.856633, -0.000000
43668000, 0.276552, 0.612679, 0.000001
43672000, 0.539207, 0.594413, -0.000001
43676000, 0.519986, 0.607438, -0.000001
43680000, 0.534816, 0.594107, -0.000002
43684000, 0.380727, 0.570792, -0.000001
43688000, 0.351105, 0.746571, 0.000000
43692000, 0.465325, 0.562594, 0.000001
43696000, 0.469825, 0.571507, 0.000000
43700000, 0.588741, 0.540212, 0.000001
43704000, 0.557953, 0.552276, -0.000001
43708000, 0.419785, 0.497485, -0.000001
43712000, 0.647943, 0.309632, 0.000001
43716000, 0.741025, 0.268773, -0.000002
43720000, 0.720887, 0.341970, -0.000001
43724000, 0.705727, 0.457700, 0.000001
43728000, 0.538965, 0.483987, 0.000001
43732000, 0.453081, 0.283270, 0.000000
43736000, 0.551183, 0.253569, 0.000000
43740000, 0.455146, 0.246697, 0.000001
43744000, 0.580000, 0.255360, -0.000001
43748000, 0.704465, 0.479889, 0.000002
43752000, 0.514929, 0.557915, -0.000000
43756000, 0.669942, 0.373378, 0.000001
43760000, 0.724419, 0.285607, 0.000002
43764000, 0.294940, 0.529472, -0.000000
43768000, 0.273493, 0.420802, -0.000001
43772000, 0.151529, 0.505946, -0.000000
43776000, 0.247328, 0.502455, -0.000000
43780000, 0.277604, 0.455902, -0.000001
43784000, 0.321959, 0.410665, -0.000000
43788000, 0.273209, 0.483523, 0.000000
43792000, 0.313046, 0.729744, 0.000001
43796000, 0.410908, 0.593155, 0.000001
43800000, 0.248197, 0.618292, 0.000000
43804000, 0.713818, 0.532936, -0.000001
43808000, 0.728235, 0.306596, 0.000001
43812000, 0.742648, 0.406143, 0.000001
43816000, 0.761786, 0.474228, 0.000000
43820000, 0.502545, 0.293985, 0.000001
43824000, 0.526842, 0.441882, -0.000000
43828000, 0.365581, 0.529180, -0.000001
43832000, 0.345431, 0.649308, 0.000000
43836000, 0.355784, 0.593134, 0.000002
43840000, 0.080137, 0.745148, 0.000001
43844000, 0.278370, 0.760948, -0.000000
43848000, 0.151227, 0.630240, 0.000001
43852000, 0.056217, 0.579033, 0.000000
43856000, -0.146548, 0.554948, 0.000001
43860000, -0.120781, 0.393885, -0.000002
43864000, 0.318959, 0.552911, -0.000001
43868000, 0.223697, 0.620728, -0.000000
43872000, 0.171901, 0.679823, -0.000000
43876000, 0.203537, 0.613100, 0.000000
43880000, 0.322264, 0.505696, -0.000000
43884000, 0.252891, 0.689338, -0.000000
43888000, 0.036985, 0.709627, 0.000000
43892000, -0.226408, 0.798496, -0.000001
43896000, -0.132293, 0.791539, 0.000002
43900000, 0.042931, 0.812369, 0.000000
43904000, 0.015948, 0.568188, 0.000002
43908000, -0.001952, 0.585840, -0.000000
43912000, 0.194782, 0.575301, -0.000002
43916000, 0.419339, 0.457334, -0.000001
43920000, 0.565195, 0.437988, 0.000001
43924000, 0.541690, 0.395436, -0.000001
43928000, 0.575821, 0.297960, -0.000001
43932000, 0.618526, 0.340819, 0.000001
43936000, 0.575075, 0.180378, -0.000000
43940000, 0.538499, 0.367317, -0.000000
43944000, 0.546862, 0.205844, 0.000001
43948000, 0.412814, -0.044211, 0.000001
43952000, 0.405163, -0.018857, -0.000000
43956000, 0.581774, -0.064314, 0.000001
43960000, 0.577879, -0.112388, 0.000001
43964000, 0.544253, 0.020483, 0.000000
43968000, 0.233321, 0.014795, -0.000001
43972000, 0.420613, -0.135900, -0.000001
43976000, 0.303178, 0.062246, 0.000002
43980000, 0.459588, 0.051860, -0.000000
43984000, 0.437365, -0.054021, 0.000001
43988000, 0.388688, 0.139322, -0.000001
43992000, 0.171139, -0.158023, -0.000000
43996000, 0.310325, -0.035727, -0.000002
44000000, 0.088927, -0.062556, -0.000001
44004000, 0.275818, 0.046340, -0.000000
44008000, 0.386626, 0.276736, -0.000001
44012000, 0.295160, -0.022471, -0.000000
44016000, 0.238077, -0.111789, 0.000000
44020000, 0.212370, -0.005313, 0.000000
44024000, 0.067591, 0.089038, -0.000001
44028000, 0.274831, 0.288570, -0.000002
44032000, 0.243760, 0.117974, 0.000001
44036000, 0.244534, -0.092063, -0.000000
44040000, 0.208221, 0.125721, 0.000000
44044000, 0.169254, 0.121201, 0.000001
44048000, 0.297365, 0.063336, 0.000001
44052000, 0.119966, 0.196466, 0.000000
44056000, 0.384795, 0.061623, -0.000002
44060000, 0.286349, 0.114078, 0.000001
44064000, 0.283977, 0.161845, -0.000000
44068000, 0.098603, 0.426239, -0.000002
44072000, 0.055731, 0.345174, 0.000002
44076000, -0.069061, 0.255423, 0.000001
44080000, -0.066361, 0.492214, 0.000001
44084000, -0.048224, 0.399882, -0.000002
44088000, -0.065357, 0.292232, -0.000001
44092000, 0.066126, 0.188093, 0.000001
44096000, 0.153488, 0.367420, 0.000001
44100000, 0.305565, 0.312664, 0.000001
44104000, 0.510313, 0.257673, -0.000000
44108000, 0.372230, 0.138314, 0.000000
44112000, 0.413411, 0.203578, 0.000001
44116000, 0.404475, 0.173099, -0.000000
44120000, 0.530461, 0.268278, -0.000000
44124000, 0.419895, 0.336056, 0.000001
44128000, 0.429832, 0.371604, -0.000001
44132000, 0.607624, 0.414806, -0.000000
44136000, 0.444914, 0.376113, 0.000001
44140000, 0.279843, 0.370733, -0.000000
44144000, 0.368226, 0.363433, -0.000003
44148000, 0.091942, 0.485003, 0.000003
44152000, 0.189765, 0.380577, -0.000001
44156000, 0.331014, 0.511045, 0.000001
44160000, 0.363321, 0.423028, 0.000001
44164000, 0.205151, 0.341225, -0.000000
44168000, 0.053549, 0.450909, -0.000002
44172000, 0.072174, 0.362595, -0.000000
44176000, 0.007125, 0.521731, -0.000001
44180000, 0.171372, 0.251331, -0.000000
44184000, 0.124060, 0.330661, -0.000000
44188000, 0.241155, 0.234508, 0.000001
44192000, 0.093539, 0.117195, -0.000001
44196000, 0.139932, 0.203193, 0.000001
44200000, 0.127095, 0.350169, 0.000000
44204000, 0.177338, 0.391890, -0.000001
44208000, 0.089703, 0.301778, -0.000001
44212000, 0.048306, 0.431803, -0.000001
44216000, 0.055669, 0.320975, -0.000000
44220000, 0.261428, 0.459619, -0.000000
44224000, 0.128843, 0.427184, 0.000000
44228000, 0.206592, 0.632321, -0.000001
44232000, 0.152258, 0.601465, -0.000001
44236000, 0.002209, 0.663946, -0.000000
44240000, -0.064326, 0.655947, -0.000001
44244000, -0.193670, 0.728625, -0.000001
44248000, 0.031858, 0.624424, 0.000000
44252000, 0.220915, 0.388748, -0.000000
44256000, -0.193643, 0.455984, -0.000000
44260000, -0.300833, 0.456395, -0.000001
44264000, -0.254453, 0.373836, -0.000000
44268000, -0.442095, 0.558870, 0.000001
44272000, -0.595996, 0.393850, 0.000000
44276000, -0.620908, 0.360904, 0.000001
44280000, -0.575351, 0.455233, 0.000001
44284000, -0.478719, 0.441953, -0.000001
44288000, -0.464350, 0.155387, -0.000000
44292000, -0.474421, 0.262304, -0.000002
44296000, -0.313089, 0.119811, 0.000001
44300000, -0.456053, 0.014633, 0.000001
44304000, -0.338351, 0.211525, 0.000001
44308000, -0.403830, 0.265169, -0.000001
44312000, -0.309641, 0.358089, 0.000001
44316000, -0.342972, 0.396914, -0.000000
44320000, -0.661347, 0.359942, -0.000000
44324000, -0.510983, 0.549020, 0.000002
44328000, -0.511464, 0.426535, -0.000000
44332000, -0.491503, 0.264597, -0.000000
44336000, -0.552300, 0.315005, -0.000000
44340000, -0.404292, 0.426883, -0.000001
44344000, -0.339264, 0.420234, -0.000000
44348000, -0.516017, 0.350454, -0.000002
44352000, -0.555347, 0.204430, 0.000002
44356000, -0.703105, 0.252430, 0.000002
44360000, -0.621834, 0.336196, -0.000001
44364000, -0.454020, 0.348504, -0.000001
44368000, -0.351601, 0.221269, -0.000000
44372000, -0.443300, 0.496085, -0.000001
44376000, -0.747573, 0.256631, -0.000000
44380000, -0.745424, 0.268239, -0.000001
44384000, -0.693867, 0.325864, 0.000003
44388000, -0.730770, 0.245375, -0.000000
44392000, -0.657946, 0.223952, -0.000000
44396000, -0.620781, 0.435981, -0.000001
44400000, -0.648902, 0.201021, 0.000001
44404000, -0.865869, 0.551486, 0.000001
44408000, -0.510426, 0.626073, 0.000002
44412000, -0.620937, 0.443972, 0.000001
44416000, -0.382747, 0.503257, 0.000001
44420000, -0.400168, 0.581742, 0.000001
44424000, -0.301312, 0.704392, -0.000001
44428000, -0.408857, 0.740833, -0.000000
44432000, -0.407898, 0.522687, -0.000001
44436000, -0.383816, 0.464199, -0.000000
44440000, -0.381762, 0.662705, -0.000001
44444000, -0.427002, 0.496874, -0.000001
44448000, -0.381560, 0.538671, 0.000000
44452000, -0.259381, 0.564195, -0.000001
44456000, -0.344815, 0.542191, -0.000000
44460000, -0.452941, 0.314816, 0.000001
44464000, -0.379548, 0.505352, 0.000000
44468000, -0.390679, 0.597052, -0.000001
44472000, -0.600936, 0.654158, 0.000000
44476000, -0.563431, 0.748898, -0.000001
44480000, -0.173936, 0.829551, -0.000001
44484000, -0.296068, 0.788503, 0.000000
44488000, -0.461135, 0.715825, 0.000001
44492000, -0.347643, 0.629449, 0.000001
44496000, -0.530961, 0.706534, -0.000001
44500000, -0.309814, 0.678452, 0.000001
44504000, -0.313846, 0.626857, -0.000001
44508000, -0.207678, 0.679734, 0.000000
44512000, -0.373702, 0.505273, -0.000000
44516000, -0.403101, 0.393742, 0.000000
44520000, -0.511168, 0.364613, 0.000000
44524000, -0.329427, 0.288002, 0.000001
44528000, -0.438135, 0.501288, -0.000001
44532000, -0.488591, 0.524754, -0.000002
44536000, -0.607722, 0.464455, 0.000000
44540000, -0.629069, 0.630618, 0.000002
44544000, -0.753255, 0.406080, -0.000002
44548000, -0.657653, 0.336010, 0.000002
44552000, -0.739087, 0.426920, -0.000001
44556000, -0.656871, 0.201191, 0.000000
44560000, -0.484942, 0.416351, 0.000000
44564000, -0.608099, 0.419791, 0.000000
44568000, -0.559219, 0.254022, -0.000001
44572000, -0.389078, 0.404751, -0.000002
44576000, -0.357303, 0.327616, 0.000001
44580000, -0.551856, 0.232488, 0.000001
44584000, -0.643533, -0.070442, 0.000001
44588000, -0.454880, 0.036337, -0.000001
44592000, -0.565104, 0.037871, 0.000001
44596000, -0.556602, -0.068327, -0.000000
44600000, -0.625078, -0.077211, 0.000001
44604000, -0.728508, -0.075395, -0.000001
44608000, -0.534124, -0.076724, -0.000001
44612000, -0.734353, -0.009017, 0.000002
44616000, -0.708895, 0.047099, 0.000001
44620000, -0.719730, -0.074131, -0.000000
44624000, -0.745261, -0.285862, 0.000001
44628000, -0.710203, -0.041686, -0.000000
44632000, -0.749500, -0.055921, 0.000001
44636000, -0.745466, -0.109185, -0.000001
44640000, -0.694744, -0.028576, 0.000001
44644000, -0.790819, -0.196506, 0.000001
44648000, -0.870530, -0.274333, 0.000000
44652000, -0.836423, -0.303467, -0.000001
44656000, -0.874895, -0.133747, 0.000000
44660000, -0.686828, -0.163186, -0.000001
44664000, -0.707462, -0.403346, -0.000000
44668000, -0.638548, -0.369952, 0.000001
44672000, -0.612621, -0.344417, 0.000001
44676000, -0.635557, -0.433602, 0.000001
44680000, -0.587355, -0.473311, 0.000001
44684000, -0.388755, -0.575688, -0.000001
44688000, -0.674174, -0.330255, 0.000001
44692000, -0.535791, -0.384892, -0.000002
44696000, -0.503779, -0.361584, -0.000001
44700000, -0.496390, -0.495629, -0.000001
44704000, -0.436365, -0.472715, 0.000001
44708000, -0.522807, -0.580815, 0.000002
44712000, -0.385988, -0.304648, 0.000000
44716000, -0.360660, -0.395397, 0.000000
44720000, -0.696902, -0.175190, 0.000000
44724000, -0.677845, -0.150031, -0.000001
44728000, -0.603714, -0.178155, 0.000001
44732000, -0.688180, 0.013502, -0.000000
44736000, -0.739214, -0.154671, -0.000002
44740000, -0.613892, -0.074176, -0.000001
44744000, -0.624566, -0.117747, 0.000001
44748000, -0.623077, 0.036566, 0.000001
44752000, -0.724425, -0.165668, 0.000001
44756000, -0.648730, 0.126509, 0.000002
44760000, -0.585211, -0.158688, -0.000000
44764000, -0.480696, -0.293361, 0.000000
44768000, -0.313103, -0.250677, -0.000002
44772000, -0.454413, -0.147263, -0.000000
44776000, -0.380432, -0.202459, -0.000001
44780000, -0.250205, -0.149111, 0.000001
44784000, -0.464402, -0.265807, 0.000002
44788000, -0.510920, -0.324560, 0.000000
44792000, -0.459928, -0.310736, 0.000001
44796000, -0.443801, -0.415053, 0.000000
44800000, -0.322192, -0.456823, 0.000001
44804000, -0.322022, -0.555330, -0.000000
44808000, -0.154243, -0.760935, -0.000001
44812000, -0.034538, -0.792706, -0.000001
44816000, -0.121914, -0.714788, 0.000000
44820000, -0.089084, -0.753788, 0.000001
44824000, -0.317271, -0.715814, 0.000001
44828000, -0.155175, -0.725867, -0.000004
44832000, -0.185667, -0.723593, -0.000002
44836000, -0.133469, -0.719734, 0.000001
44840000, -0.120416, -0.678564, -0.000001
44844000, -0.064179, -0.723955, 0.000000
44848000, 0.186147, -0.693315, -0.000002
44852000, 0.228025, -0.745022, 0.000002
44856000, 0.280197, -0.721490, 0.000000
44860000, 0.367891, -0.708297, 0.000002
44864000, 0.447414, -0.672675, -0.000001
44868000, 0.197764, -0.825392, -0.000001
44872000, 0.085766, -0.730026, -0.000001
44876000, -0.037737, -0.820572, -0.000001
44880000, -0.305363, -0.587557, 0.000002
44884000, -0.245460, -0.725359, 0.000002
44888000, -0.337145, -0.675159, 0.000001
44892000, -0.187666, -0.671856, 0.000001
44896000, -0.392659, -0.631011, 0.000001
44900000, -0.462144, -0.601815, -0.000001
44904000, -0.385642, -0.486084, 0.000000
44908000, -0.060284, -0.747985, -0.000003
44912000, -0.122371, -0.735309, -0.000001
44916000, -0.233130, -0.641775, -0.000003
44920000, 0.001334, -0.626974, -0.000002
44924000, -0.010483, -0.856542, 0.000000
44928000, -0.021212, -0.706451, -0.000000
44932000, -0.037724, -0.690023, -0.000001
44936000, 0.360274, -0.610674, 0.000002
44940000, 0.324181, -0.627342, 0.000001
44944000, 0.267394, -0.538343, -0.000001
44948000, 0.366176, -0.555342, 0.000002
44952000, 0.403163, -0.479190, 0.000000
44956000, 0.346445, -0.312227, -0.000001
44960000, 0.488160, -0.184779, -0.000001
44964000, 0.640847, -0.223871, -0.000001
44968000, 0.501311, 0.086150, -0.000001
44972000, 0.437255, 0.073985, 0.000002
44976000, 0.710086, -0.175052, 0.000001
44980000, 0.644313, -0.306633, -0.000001
44984000, 0.531051, -0.555172, -0.000000
44988000, 0.767596, -0.518270, 0.000001
44992000, 0.476657, -0.617192, 0.000000
44996000, 0.738750, -0.305857, -0.000001
45000000, 0.637012, -0.314012, 0.000001
45004000, 0.764240, -0.253528, -0.000000
45008000, 0.976770, -0.155819, -0.000002
45012000, 0.867069, -0.125575, -0.000000
45016000, 0.831562, -0.248967, -0.000002
45020000, 0.630959, -0.313474, -0.000001
45024000, 0.541913, -0.117707, 0.000002
45028000, 0.759105, 0.045601, 0.000002
45032000, 0.800355, 0.077278, 0.000001
45036000, 0.783023, -0.149175, -0.000002
45040000, 0.844379, -0.146759, -0.000000
45044000, 0.646746, -0.306891, -0.000001
45048000, 0.773543, -0.305095, -0.000002
45052000, 0.520874, -0.650248, 0.000001
45056000, 0.152454, -0.728397, -0.000001
45060000, 0.063204, -0.850632, 0.000000
45064000, 0.012173, -0.798063, 0.000000
45068000, 0.034260, -0.663424, 0.000001
45072000, -0.070672, -0.647843, 0.000001
45076000, -0.172763, -0.557418, 0.000001
45080000, -0.045497, -0.538128, 0.000004
45084000, -0.176043, -0.434107, -0.000002
45088000, -0.198226, -0.586270, 0.000001
45092000, -0.167213, -0.705910, -0.000000
45096000, -0.323419, -0.566033, 0.000000
45100000, -0.452985, -0.520294, 0.000001
45104000, -0.420893, -0.517790, -0.000000
45108000, -0.371040, -0.431879, -0.000001
45112000, -0.413868, -0.570336, 0.000001
45116000, -0.477895, -0.751466, 0.000000
45120000, -0.520212, -0.636303, -0.000002
45124000, -0.417087, -0.849016, -0.000002
45128000, -0.239515, -0.663936, 0.000002
45132000, -0.037241, -0.848757, -0.000001
45136000, -0.195733, -0.708936, -0.000002
45140000, -0.168989, -0.614773, 0.000001
45144000, -0.444415, -0.741860, 0.000001
45148000, -0.542622, -0.422576, 0.000001
45152000, -0.462376, -0.584403, -0.000001
45156000, -0.592657, -0.550381, -0.000002
45160000, -0.499567, -0.571824, 0.000001
45164000, -0.500049, -0.652321, 0.000003
45168000, -0.572866, -0.602386, 0.000001
45172000, -0.382426, -0.570971, 0.000002
45176000, -0.512202, -0.459345, 0.000001
45180000, -0.582505, -0.223030, 0.000002
45184000, -0.636396, -0.251685, -0.000002
45188000, -0.523035, -0.159755, 0.000000
45192000, -0.650998, -0.307976, -0.000001
45196000, -0.454776, -0.368653, -0.000000
45200000, -0.427320, -0.207420, 0.000001
45204000, -0.493068, -0.388112, 0.000001
45208000, -0.509794, -0.292735, -0.000001
45212000, -0.625273, -0.338283, 0.000000
45216000, -0.534678, -0.366583, 0.000000
45220000, -0.636412, -0.380210, -0.000002
45224000, -0.650871, -0.190119, -0.000000
45228000, -0.659146, -0.257301, 0.000000
45232000, -0.500381, -0.081191, 0.000000
45236000, -0.702632, -0.060759, -0.000001
45240000, -0.714525, -0.406406, -0.000000
45244000, -0.620766, -0.392820, -0.000001
45248000, -0.566494, -0.204980, -0.000001
45252000, -0.702443, -0.347996, 0.000002
45256000, -0.624097, -0.567616, 0.000001
45260000, -0.546151, -0.563930, -0.000000
45264000, -0.407948, -0.771056, 0.000002
45268000, -0.489793, -0.585012, -0.000002
45272000, -0.270474, -0.538104, -0.000000
45276000, -0.271803, -0.659859, -0.000001
45280000, -0.424833, -0.573389, -0.000001
45284000, -0.186488, -0.710855, 0.000001
45288000, -0.311467, -0.681746, -0.000003
45292000, -0.434037, -0.555016, -0.000000
45296000, -0.280361, -0.676116, 0.000000
45300000, -0.676097, -0.485302, -0.000001
45304000, -0.448020, -0.484082, -0.000001
45308000, -0.369266, -0.431403, -0.000001
45312000, -0.569892, -0.370615, 0.000000
45316000, -0.634932, -0.089943, -0.000001
45320000, -0.518340, -0.033403, 0.000001
45324000, -0.569610, -0.013404, 0.000002
45328000, -0.455590, 0.147463, 0.000000
45332000, -0.359254, 0.000940, -0.000000
45336000, -0.471410, 0.006960, 0.000001
45340000, -0.426646, -0.017079, 0.000000
45344000, -0.321355, 0.331607, -0.000001
45348000, -0.272291, 0.446838, 0.000001
45352000, -0.064451, 0.537343, -0.000002
45356000, -0.075479, 0.514806, 0.000001
45360000, -0.375072, 0.454903, -0.000000
45364000, -0.577958, 0.422906, 0.000002
45368000, -0.470557, 0.502676, -0.000001
45372000, -0.707641, 0.253194, 0.000001
45376000, -0.668877, 0.122687, 0.000000
45380000, -0.605374, -0.005218, 0.000000
45384000, -0.488793, -0.016142, -0.000001
45388000, -0.531452, 0.173758, -0.000001
45392000, -0.354201, 0.342600, 0.000001
45396000, -0.511511, 0.347130, 0.000001
45400000, -0.599098, 0.064047, 0.000001
45404000, -0.574891, 0.220667, 0.000000
45408000, -0.662137, 0.283400, -0.000000
45412000, -0.457844, 0.537843, -0.000000
45416000, -0.513340, 0.423692, -0.000001
45420000, -0.313235, 0.513762, -0.000002
45424000, -0.508476, 0.419330, 0.000002
45428000, -0.589809, 0.437471, -0.000000
45432000, -0.388429, 0.447077, 0.000001
45436000, -0.410087, 0.456000, 0.000001
45440000, -0.501942, 0.289510, 0.000001
45444000, -0.556219, 0.391594, -0.000000
45448000, -0.555534, 0.466169, 0.000002
45452000, -0.543416, 0.490649, -0.000001
45456000, -0.444557, 0.531877, -0.000002
45460000, -0.338226, 0.648219, 0.000000
45464000, -0.228420, 0.619819, 0.000000
45468000, -0.355793, 0.254602, 0.000000
45472000, -0.443695, 0.304893, 0.000001
45476000, -0.610334, 0.179412, -0.000000
45480000, -0.648984, 0.257221, 0.000002
45484000, -0.436668, 0.436046, -0.000001
45488000, -0.110003, 0.355396, 0.000003
45492000, -0.342707, 0.210482, -0.000002
45496000, -0.389045, 0.270938, 0.000001
45500000, -0.338762, 0.293180, -0.000000
45504000, -0.248479, 0.422011, -0.000001
45508000, -0.349548, 0.265955, -0.000001
45512000, -0.452182, 0.219961, 0.000003
45516000, -0.464897, 0.197933, 0.000001
45520000, -0.536533, 0.321326, 0.000000
45524000, -0.493684, 0.466243, -0.000000
45528000, -0.512245, 0.322731, -0.000001
45532000, -0.274594, 0.449164, -0.000001
45536000, -0.408232, 0.345630, 0.000002
45540000, -0.392453, 0.429742, 0.000000
45544000, -0.288596, 0.347482, 0.000001
45548000, -0.082360, 0.439577, -0.000001
45552000, -0.201825, 0.360974, -0.000000
45556000, 0.074971, 0.463555, 0.000000
45560000, -0.014097, 0.349507, 0.000000
45564000, 0.229800, 0.448416, -0.000002
45568000, 0.095580, 0.465984, -0.000001
45572000, -0.010284, 0.621914, 0.000001
45576000, -0.204394, 0.385756, 0.000000
45580000, -0.128427, 0.348714, -0.000000
45584000, -0.038163, 0.384837, 0.000003
45588000, 0.193058, 0.319547, 0.000001
45592000, 0.011822, 0.305620, -0.000002
45596000, 0.077613, 0.591395, 0.000002
45600000, -0.024829, 0.565077, 0.000003
45604000, 0.134399, 0.807081, 0.000001
45608000, 0.163757, 0.733751, 0.000001
45612000, 0.271841, 0.660688, 0.000002
45616000, 0.271470, 0.626062, -0.000001
45620000, 0.462132, 0.575984, 0.000001
45624000, 0.336088, 0.524172, 0.000001
45628000, 0.267777, 0.658585, 0.000001
45632000, 0.318046, 0.771820, -0.000001
45636000, 0.300907, 0.645235, -0.000002
45640000, 0.323283, 0.694820, 0.000000
45644000, 0.339848, 0.751926, 0.000000
45648000, 0.259887, 0.853277, 0.000002
45652000, 0.221389, 0.657390, 0.000001
45656000, 0.289580, 0.672007, 0.000000
45660000, 0.384926, 0.658714, -0.000000
45664000, 0.454196, 0.636273, 0.000001
45668000, 0.512217, 0.657082, 0.000002
45672000, 0.356286, 0.659115, 0.000002
45676000, 0.613268, 0.604401, 0.000001
45680000, 0.426098, 0.466862, -0.000002
45684000, 0.520598, 0.543685, 0.000001
45688000, 0.464163, 0.310976, -0.000001
45692000, 0.428263, 0.393500, 0.000000
45696000, 0.515893, 0.481990, -0.000001
45700000, 0.439756, 0.308522, 0.000000
45704000, 0.289242, 0.252948, -0.000000
45708000, 0.274104, 0.100724, -0.000001
45712000, 0.344110, 0.052560, 0.000001
45716000, 0.283944, 0.064976, -0.000000
45720000, 0.370340, 0.121654, -0.000000
45724000, 0.389703, 0.114211, 0.000000
45728000, 0.458909, -0.026720, 0.000001
45732000, 0.382410, -0.151333, -0.000001
45736000, 0.383917, -0.062113, -0.000002
45740000, 0.278076, -0.213601, 0.000000
45744000, 0.170448, -0.006917, 0.000002
45748000, 0.264010, -0.071093, 0.000000
45752000, 0.185436, -0.061089, -0.000001
45756000, 0.519799, 0.020111, 0.000000
45760000, 0.515811, 0.123954, -0.000001
45764000, 0.502256, 0.074269, -0.000001
45768000, 0.479940, 0.048909, -0.000001
45772000, 0.418368, 0.101372, 0.000002
45776000, 0.457070, 0.264060, 0.000003
45780000, 0.321159, 0.421171, 0.000002
45784000, 0.246071, 0.406331, 0.000001
45788000, 0.404567, 0.352204, 0.000000
45792000, 0.399670, 0.463173, 0.000002
45796000, 0.406689, 0.369258, 0.000002
45800000, 0.503716, 0.486939, -0.000003
45804000, 0.212234, 0.437471, -0.000001
45808000, 0.346731, 0.584916, -0.000002
45812000, 0.549799, 0.367690, 0.000001
45816000, 0.532770, 0.413997, 0.000001
45820000, 0.560751, 0.468796, -0.000001
45824000, 0.438340, 0.552571, 0.000001
45828000, 0.452086, 0.578645, 0.000000
45832000, 0.472674, 0.165885, 0.000001
45836000, 0.557054, 0.054004, -0.000002
45840000, 0.781016, -0.116688, -0.000000
45844000, 0.793696, 0.138651, 0.000000
45848000, 0.517088, 0.252573, -0.000000
45852000, 0.539146, 0.291437, -0.000000
45856000, 0.512113, 0.060584, -0.000002
45860000, 0.648304, 0.298585, -0.000001
45864000, 0.466505, 0.309217, 0.000000
45868000, 0.349360, 0.198949, 0.000001
45872000, 0.406632, 0.123797, 0.000001
45876000, 0.471307, 0.304799, -0.000002
45880000, 0.544302, 0.384407, -0.000002
45884000, 0.329326, 0.551275, -0.000002
45888000, 0.712050, 0.347993, -0.000000
45892000, 0.625401, 0.238840, -0.000001
45896000, 0.470472, 0.115913, 0.000001
45900000, 0.511958, 0.025707, 0.000001
45904000, 0.578611, -0.036948, -0.000000
45908000, 0.446302, 0.017883, 0.000001
45912000, 0.386440, -0.041519, 0.000001
45916000, 0.378511, -0.097392, 0.000000
45920000, 0.445024, -0.073356, 0.000001
45924000, 0.374161, -0.199070, 0.000001
45928000, 0.467281, -0.165061, 0.000001
45932000, 0.600120, -0.222491, -0.000001
45936000, 0.679826, -0.229507, -0.000001
45940000, 0.464283, -0.281805, -0.000001
45944000, 0.493654, -0.379074, 0.000002
45948000, 0.288370, -0.350474, 0.000001
45952000, 0.461186, -0.299280, -0.000002
45956000, 0.457126, -0.582291, 0.000001
45960000, 0.143393, -0.364272, -0.000001
45964000, 0.335060, -0.479113, 0.000000
45968000, 0.454496, -0.403433, 0.000000
45972000, 0.463095, -0.231365, -0.000000
45976000, 0.486225, -0.340778, 0.000000
45980000, 0.631043, -0.216462, 0.000000
45984000, 0.546666, -0.259449, -0.000001
45988000, 0.409464, -0.071445, -0.000000
45992000, 0.669430, -0.347678, -0.000002
45996000, 0.559759, -0.233031, 0.000002
46000000, 0.739627, -0.201833, -0.000001
46004000, 0.634869, 0.137865, -0.000001
46008000, 0.747289, 0.061703, -0.000001
46012000, 0.721400, -0.109456, -0.000001
46016000, 0.631239, -0.114134, 0.000001
46020000, 0.796410, -0.068243, -0.000001
46024000, 0.827659, 0.065155, 0.000000
46028000, 0.823188, -0.017512, 0.000001
46032000, 0.847906, -0.061235, 0.000000
46036000, 0.844904, -0.127848, 0.000001
46040000, 0.906587, -0.152415, 0.000001
46044000, 0.664811, -0.049847, -0.000001
46048000, 0.681695, -0.101507, -0.000001
46052000, 0.761082, -0.283708, -0.000001
46056000, 0.713563, -0.002597, 0.000000
46060000, 0.693599, -0.186077, 0.000002
46064000, 0.426871, -0.201748, 0.000001
46068000, 0.515113, -0.156198, 0.000001
46072000, 0.498005, -0.462305, -0.000001
46076000, 0.515650, -0.375726, -0.000002
46080000, 0.691435, -0.269039, 0.000001
46084000, 0.606444, -0.453238, -0.000001
46088000, 0.729814, -0.296216, 0.000000
46092000, 0.741913, -0.241018, 0.000000
46096000, 0.735872, -0.263729, 0.000001
46100000, 0.640427, -0.179208, 0.000001
46104000, 0.677102, -0.389363, -0.000001
46108000, 0.643199, -0.315757, 0.000002
46112000, 0.825436, -0.168650, 0.000000
46116000, 0.771653, -0.153069, -0.000001
46120000, 0.822095, -0.261152, -0.000000
46124000, 0.801035, -0.191623, 0.000000
46128000, 0.648656, -0.115466, -0.000001
46132000, 0.574320, -0.174418, -0.000001
46136000, 0.668262, -0.290949, -0.000001
46140000, 0.530854, -0.254461, -0.000001
46144000, 0.512629, -0.161627, -0.000000
46148000, 0.417137, -0.224804, 0.000000
46152000, 0.468660, -0.127623, -0.000001
46156000, 0.668167, 0.156452, -0.000000
46160000, 0.429664, -0.029292, 0.000001
46164000, 0.592400, 0.110472, 0.000000
46168000, 0.499849, 0.175554, -0.000001
46172000, 0.567515, -0.001821, -0.000003
46176000, 0.507909, 0.071636, 0.000000
46180000, 0.634845, 0.096559, 0.000002
46184000, 0.542184, 0.142530, 0.000001
46188000, 0.709797, 0.128402, 0.000000
46192000, 0.538405, -0.111443, -0.000002
46196000, 0.575393, 0.051496, -0.000001
46200000, 0.625262, -0.014802, 0.000000
46204000, 0.588396, -0.097942, -0.000002
46208000, 0.610266, -0.337647, -0.000001
46212000, 0.795622, -0.152032, -0.000000
46216000, 0.577737, 0.042115, -0.000002
46220000, 0.622468, 0.042437, 0.000002
46224000, 0.550471, 0.029528, 0.000000
46228000, 0.756438, -0.098567, 0.000001
46232000, 0.676915, -0.006309, -0.000001
46236000, 0.727201, -0.110064, 0.000001
46240000, 0.779984, -0.043705, 0.000001
46244000, 0.739883, -0.083409, -0.000001
46248000, 0.816721, -0.117981, -0.000001
46252000, 0.826244, 0.089708, -0.000002
46256000, 0.781378, 0.154736, 0.000001
46260000, 0.770057, 0.420734, 0.000001
46264000, 0.433415, 0.414206, 0.000000
46268000, 0.276531, 0.391050, 0.000001
46272000, 0.428487, 0.342985, 0.000000
46276000, 0.387513, 0.374337, -0.000001
46280000, 0.416299, 0.424529, -0.000001
46284000, 0.473635, 0.403235, 0.000001
46288000, 0.211831, 0.569133, 0.000001
46292000, 0.271706, 0.428955, 0.000001
46296000, 0.278553, 0.455220, 0.000000
46300000, 0.155704, 0.375077, -0.000000
46304000, 0.375969, 0.442824, 0.000001
46308000, 0.248279, 0.343380, 0.000002
46312000, 0.183794, 0.314284, -0.000000
46316000, 0.092719, 0.253329, 0.000001
46320000, 0.136277, 0.302657, -0.000001
46324000, 0.125250, 0.382464, -0.000000
46328000, 0.153215, 0.412157, -0.000001
46332000, 0.202298, 0.428534, 0.000001
46336000, 0.182263, 0.278469, -0.000001
46340000, 0.356660, 0.261732, -0.000001
46344000, 0.232113, 0.448160, 0.000001
46348000, 0.298143, 0.234484, -0.000000
46352000, 0.347039, 0.339532, 0.000000
46356000, 0.452486, 0.386344, -0.000001
46360000, 0.593481, 0.294539, 0.000001
46364000, 0.706792, 0.145339, 0.000000
46368000, 0.560553, -0.261535, 0.000000
46372000, 0.732857, -0.235984, 0.000002
46376000, 0.661596, -0.407580, -0.000001
46380000, 0.680733, -0.337640, 0.000001
46384000, 0.617481, -0.203567, 0.000001
46388000, 0.617703, -0.209772, -0.000000
46392000, 0.740884, -0.282195, 0.000000
46396000, 0.750859, -0.420275, 0.000000
46400000, 0.691787, -0.139201, -0.000000
46404000, 0.547742, -0.287524, 0.000001
46408000, 0.568887, -0.455305, -0.000002
46412000, 0.455009, -0.450253, -0.000001
46416000, 0.457470, -0.215378, -0.000001
46420000, 0.189926, -0.187125, 0.000001
46424000, 0.340899, -0.296627, -0.000001
46428000, 0.400875, -0.422067, 0.000001
46432000, 0.433871, -0.333545, 0.000000
46436000, 0.500282, -0.258649, 0.000001
46440000, 0.440251, -0.424257, -0.000002
46444000, 0.357388, -0.256947, 0.000000
46448000, 0.545368, -0.297776, 0.000001
46452000, 0.587543, -0.256546, 0.000000
46456000, 0.652190, -0.342124, -0.000000
46460000, 0.690987, -0.442533, 0.000000
46464000, 0.600186, -0.076280, 0.000002
46468000, 0.555516, -0.226573, -0.000001
46472000, 0.403975, -0.285156, 0.000001
46476000, 0.355927, -0.199660, -0.000003
46480000, 0.477473, -0.245282, 0.000001
46484000, 0.539710, -0.285108, -0.000001
46488000, 0.667225, -0.309187, -0.000001
46492000, 0.637447, -0.386125, -0.000001
46496000, 0.474999, -0.193737, -0.000000
46500000, 0.487481, -0.169785, -0.000001
46504000, 0.449850, -0.308922, -0.000001
46508000, 0.252545, -0.253997, -0.000001
46512000, 0.281597, -0.186502, -0.000000
46516000, 0.480057, -0.198411, -0.000001
46520000, 0.260284, -0.239803, -0.000001
46524000, 0.221010, -0.199765, 0.000001
46528000, 0.159930, -0.138933, -0.000000
46532000, 0.200930, -0.267510, 0.000004
46536000, 0.283154, -0.271472, -0.000001
46540000, 0.378280, -0.151664, 0.000000
46544000, 0.193338, -0.045281, 0.000000
46548000, 0.257069, -0.067860, -0.000000
46552000, 0.288125, 0.013941, 0.000001
46556000, 0.132721, 0.164473, 0.000001
46560000, -0.043190, 0.198253, -0.000001
46564000, 0.316623, 0.131249, -0.000000
46568000, 0.252969, 0.364316, -0.000000
46572000, 0.481042, 0.135471, 0.000001
46576000, 0.491954, 0.143962, -0.000001
46580000, 0.348574, 0.339959, 0.000002
46584000, 0.463307, 0.352375, -0.000001
46588000, 0.715071, 0.340351, 0.000001
46592000, 0.699409, 0.125853, 0.000002
46596000, 0.782389, 0.139207, -0.000001
46600000, 0.661178, -0.019235, 0.000001
46604000, 0.530883, -0.135246, 0.000001
46608000, 0.705951, -0.265543, 0.000000
46612000, 0.743855, -0.088790, 0.000000
46616000, 0.779732, 0.052726, -0.000001
46620000, 0.722491, -0.315627, 0.000003
46624000, 0.866531, -0.238432, 0.000003
46628000, 0.848786, -0.101386, -0.000001
46632000, 0.865467, -0.036646, -0.000002
46636000, 0.782208, -0.014027, 0.000001
46640000, 0.785256, 0.043055, -0.000000
46644000, 0.541430, -0.019760, 0.000000
46648000, 0.582374, -0.109147, 0.000000
46652000, 0.547495, -0.285338, -0.000001
46656000, 0.413453, -0.376281, 0.000002
46660000, 0.615724, -0.264934, -0.000002
46664000, 0.596731, -0.356459, 0.000001
46668000, 0.660971, -0.338247, 0.000002
46672000, 0.798775, -0.072678, -0.000000
46676000, 0.662572, -0.150681, 0.000000
46680000, 0.482792, -0.191467, 0.000001
46684000, 0.482445, -0.347668, 0.000002
46688000, 0.522594, -0.583233, 0.000001
46692000, 0.481443, -0.446806, -0.000001
46696000, 0.425010, -0.722248, 0.000002
46700000, 0.196969, -0.555885, -0.000002
46704000, 0.445137, -0.481102, -0.000001
46708000, 0.382777, -0.419304, -0.000001
46712000, 0.190653, -0.499362, -0.000001
46716000, 0.205297, -0.758690, 0.000001
46720000, 0.165566, -0.765456, 0.000000
46724000, 0.233918, -0.769922, 0.000001
46728000, 0.193849, -0.781492, 0.000002
46732000, -0.182704, -0.755236, 0.000000
46736000, -0.231794, -0.897230, 0.000002
46740000, -0.225260, -0.867063, -0.000000
46744000, 0.092377, -0.781362, -0.000001
46748000, -0.092602, -0.766246, -0.000000
46752000, 0.011976, -0.751212, -0.000000
46756000, 0.082911, -0.682169, 0.000001
46760000, -0.026240, -0.833452, -0.000000
46764000, 0.209275, -0.773757, 0.000001
46768000, 0.237565, -0.809255, -0.000000
46772000, 0.171663, -0.753922, 0.000002
46776000, 0.096250, -0.584909, 0.000002
46780000, 0.192618, -0.615029, 0.000002
46784000, 0.570711, -0.527852, -0.000000
46788000, 0.488024, -0.595863, -0.000002
46792000, 0.278089, -0.506127, 0.000001
46796000, 0.279603, -0.563351, -0.000001
46800000, 0.313022, -0.658072, -0.000001
46804000, 0.141417, -0.715541, 0.000003
46808000, 0.188153, -0.691361, -0.000001
46812000, 0.027652, -0.669974, -0.000001
46816000, -0.077204, -0.683785, 0.000001
46820000, -0.091632, -0.760129, 0.000001
46824000, 0.089037, -0.710029, 0.000001
46828000, 0.034448, -0.666088, -0.000001
46832000, 0.128689, -0.594910, -0.000003
46836000, 0.225204, -0.791401, 0.000000
46840000, 0.286690, -0.778088, 0.000001
46844000, 0.261054, -0.781731, -0.000001
46848000, 0.307814, -0.619526, 0.000000
46852000, 0.090322, -0.741395, -0.000000
46856000, 0.262404, -0.791122, -0.000000
46860000, 0.513560, -0.649864, -0.000000
46864000, 0.582981, -0.469071, -0.000001
46868000, 0.650429, -0.613364, -0.000000
46872000, 0.680191, -0.457448, -0.000001
46876000, 0.642539, -0.516912, 0.000000
46880000, 0.660090, -0.168817, -0.000001
46884000, 0.622781, -0.338759, 0.000001
46888000, 0.731796, -0.192490, 0.000000
46892000, 0.664624, -0.249104, 0.000002
46896000, 0.684555, -0.174205, 0.000000
46900000, 0.748915, -0.047622, 0.000001
46904000, 0.520355, -0.137817, 0.000001
46908000, 0.692755, -0.086254, 0.000001
46912000, 0.716754, 0.134707, 0.000000
46916000, 0.761633, -0.019530, 0.000002
46920000, 0.827060, 0.070639, -0.000001
46924000, 0.744970, -0.125860, 0.000002
46928000, 0.762028, -0.064459, 0.000000
46932000, 0.801075, -0.061037, 0.000001
46936000, 0.709593, -0.360707, 0.000000
46940000, 0.584733, -0.401198, 0.000000
46944000, 0.597706, -0.301713, -0.000001
46948000, 0.518206, -0.583052, -0.000001
46952000, 0.239361, -0.580591, 0.000000
46956000, 0.388529, -0.484777, 0.000002
46960000, 0.232308, -0.691483, -0.000000
46964000, 0.332055, -0.754691, 0.000003
46968000, 0.319347, -0.713110, -0.000002
46972000, 0.319099, -0.668955, -0.000002
46976000, 0.279191, -0.758639, 0.000000
46980000, 0.262633, -0.744969, 0.000002
46984000, 0.201008, -0.726641, 0.000001
46988000, 0.142698, -0.879002, 0.000002
46992000, 0.105208, -0.719654, -0.000000
46996000, 0.112915, -0.748818, 0.000001
47000000, -0.135341, -0.661894, 0.000001
47004000, 0.043310, -0.676577, 0.000000
47008000, 0.070550, -0.855497, -0.000001
47012000, 0.211461, -0.816517, -0.000001
47016000, 0.168782, -0.658398, 0.000001
47020000, 0.286392, -0.576604, -0.000000
47024000, 0.270221, -0.747831, -0.000001
47028000, 0.447620, -0.672815, 0.000001
47032000, 0.585979, -0.403693, -0.000001
47036000, 0.658737, -0.563039, -0.000000
47040000, 0.550001, -0.763320, -0.000000
47044000, 0.423110, -0.749245, 0.000001
47048000, 0.442718, -0.712370, 0.000000
47052000, 0.404919, -0.744194, 0.000002
47056000, 0.439431, -0.685850, 0.000002
47060000, 0.613230, -0.382951, -0.000002
47064000, 0.606101, -0.532028, 0.000001
47068000, 0.681476, -0.447606, -0.000001
47072000, 0.405764, -0.589902, -0.000000
47076000, 0.442111, -0.882106, -0.000001
47080000, 0.221704, -0.709126, -0.000000
47084000, 0.186755, -0.698919, 0.000000
47088000, 0.218489, -0.653631, 0.000002
47092000, 0.465692, -0.433793, -0.000001
47096000, 0.417355, -0.588545, -0.000001
47100000, 0.212381, -0.586165, 0.000003
47104000, 0.182270, -0.768679, 0.000000
47108000, 0.371779, -0.669713, -0.000000
47112000, 0.363771, -0.623717, -0.000000
47116000, 0.451164, -0.494080, -0.000002
47120000, 0.393904, -0.614418, 0.000001
47124000, 0.199586, -0.616405, 0.000001
47128000, 0.196809, -0.527662, 0.000000
47132000, 0.070421, -0.411331, 0.000000
47136000, -0.025125, -0.076974, -0.000001
47140000, 0.038892, -0.344731, -0.000000
47144000, -0.098298, -0.259973, 0.000001
47148000, -0.117947, -0.182068, 0.000001
47152000, -0.282895, 0.033238, -0.000002
47156000, -0.189031, 0.075032, -0.000001
47160000, -0.122668, -0.074811, 0.000001
47164000, -0.120804, 0.103538, 0.000001
47168000, -0.147083, -0.054756, -0.000000
47172000, -0.195495, -0.254085, -0.000001
47176000, 0.027867, -0.302517, 0.000001
47180000, -0.177069, -0.457734, -0.000001
47184000, -0.039868, -0.539080, -0.000000
47188000, -0.019516, -0.523870, -0.000001
47192000, -0.224135, -0.577259, -0.000000
47196000, -0.356413, -0.574148, 0.000002
47200000, -0.579416, -0.581576, 0.000002
47204000, -0.663877, -0.589666, 0.000001
47208000, -0.472434, -0.649382, 0.000001
47212000, -0.619686, -0.642065, 0.000000
47216000, -0.676387, -0.448340, 0.000002
47220000, -0.603185, -0.561458, -0.000002
47224000, -0.348563, -0.556231, 0.000000
47228000, -0.412973, -0.598366, -0.000001
47232000, -0.523032, -0.596830, -0.000000
47236000, -0.432524, -0.633413, -0.000000
47240000, -0.330524, -0.386449, -0.000001
47244000, -0.416270, -0.234985, 0.000000
47248000, -0.350891, -0.486931, -0.000001
47252000, -0.397293, -0.408000, -0.000001
47256000, -0.341234, -0.399220, -0.000001
47260000, -0.407406, -0.357706, -0.000000
47264000, -0.330832, -0.385940, 0.000000
47268000, -0.534787, -0.265188, -0.000000
47272000, -0.520941, -0.378099, -0.000002
47276000, -0.548062, -0.378941, 0.000001
47280000, -0.585083, -0.342708, 0.000000
47284000, -0.580324, -0.563924, 0.000001
47288000, -0.315293, -0.825544, 0.000001
47292000, -0.268311, -0.637299, 0.000001
47296000, -0.022999, -0.588210, 0.000001
47300000, -0.240879, -0.663549, -0.000000
47304000, -0.235666, -0.549111, 0.000000
47308000, -0.500386, -0.687959, 0.000000
47312000, -0.462081, -0.644002, -0.000002
47316000, -0.320369, -0.606481, -0.000000
47320000, -0.277300, -0.570698, 0.000002
47324000, -0.053647, -0.517304, 0.000000
47328000, -0.162343, -0.642948, 0.000000
47332000, -0.145943, -0.607993, 0.000000
47336000, -0.372013, -0.590179, -0.000002
47340000, -0.286688, -0.641898, -0.000001
47344000, -0.219682, -0.530370, 0.000001
47348000, -0.158187, -0.549623, -0.000000
47352000, -0.074681, -0.527277, 0.000000
47356000, -0.283334, -0.434293, -0.000000
47360000, -0.333460, -0.421333, -0.000001
47364000, -0.286929, -0.261681, 0.000001
47368000, -0.318416, -0.414694, 0.000000
47372000, -0.236806, -0.162978, -0.000000
47376000, -0.172999, -0.056117, -0.000000
47380000, -0.348845, -0.016818, -0.000000
47384000, -0.313697, -0.236246, 0.000000
47388000, -0.348314, -0.222840, 0.000001
47392000, -0.432167, -0.359391, 0.000001
47396000, -0.372127, -0.386605, -0.000002
47400000, -0.511569, -0.341588, 0.000002
47404000, -0.530739, -0.230822, 0.000000
47408000, -0.460064, -0.287887, 0.000001
47412000, -0.505120, -0.196113, -0.000000
47416000, -0.793154, -0.080352, 0.000001
47420000, -0.627998, -0.229191, 0.000001
47424000, -0.466967, -0.379418, -0.000002
47428000, -0.629245, -0.285392, 0.000000
47432000, -0.501889, -0.090285, -0.000001
47436000, -0.469020, -0.361758, 0.000001
47440000, -0.546539, -0.087323, 0.000000
47444000, -0.399586, -0.087672, 0.000001
47448000, -0.574574, -0.219266, 0.000001
47452000, -0.625676, -0.017455, 0.000000
47456000, -0.629745, -0.078256, -0.000002
47460000, -0.559264, -0.201194, -0.000001
47464000, -0.452531, -0.445251, -0.000001
47468000, -0.629648, -0.339445, -0.000001
47472000, -0.517140, -0.206167, -0.000000
47476000, -0.630238, 0.008345, -0.000002
47480000, -0.628784, -0.077740, 0.000000
47484000, -0.759626, -0.074132, -0.000000
47488000, -0.707824, -0.078051, -0.000001
47492000, -0.442401, -0.163245, -0.000000
47496000, -0.463997, -0.238571, -0.000002
47500000, -0.415100, -0.213839, 0.000002
47504000, -0.419813, -0.110908, -0.000002
47508000, -0.444748, -0.156829, -0.000003
47512000, -0.464272, -0.131672, 0.000000
47516000, -0.655812, -0.027561, -0.000001
47520000, -0.411117, -0.294449, -0.000002
47524000, -0.304395, -0.328099, -0.000001
47528000, -0.355314, -0.269736, -0.000000
47532000, -0.460379, -0.126689, 0.000002
47536000, -0.527082, -0.106061, 0.000000
47540000, -0.424275, 0.001007, 0.000000
47544000, -0.400695, -0.105688, -0.000001
47548000, -0.390278, -0.071922, -0.000002
47552000, -0.504869, -0.150437, 0.000000
47556000, -0.618391, -0.149833, 0.000001
47560000, -0.601217, -0.147761, -0.000001
47564000, -0.578264, -0.131218, 0.000000
47568000, -0.862909, 0.002595, 0.000003
47572000, -0.673855, -0.018946, -0.000001
47576000, -0.835647, -0.126562, -0.000000
47580000, -0.606849, -0.169557, 0.000001
47584000, -0.693878, -0.387906, 0.000000
47588000, -0.556511, -0.594297, 0.000000
47592000, -0.320283, -0.681011, 0.000000
47596000, -0.239535, -0.599101, 0.000001
47600000, -0.182338, -0.570668, -0.000001
47604000, -0.145658, -0.490001, 0.000000
47608000, -0.318580, -0.461369, -0.000001
47612000, -0.333763, -0.492225, -0.000001
47616000, -0.179599, -0.401104, 0.000002
47620000, 0.015260, -0.384357, 0.000001
47624000, -0.145007, -0.445689, -0.000002
47628000, -0.053658, -0.733695, 0.000001
47632000, -0.144089, -0.558658, 0.000001
47636000, -0.276928, -0.485777, -0.000002
47640000, -0.304342, -0.322321, 0.000002
47644000, -0.390542, -0.536043, 0.000000
47648000, -0.374723, -0.504654, 0.000001
47652000, -0.358716, -0.461461, 0.000002
47656000, -0.423102, -0.367810, 0.000002
47660000, -0.475527, -0.589491, 0.000001
47664000, -0.256568, -0.590195, 0.000001
47668000, 0.042834, -0.688678, 0.000001
47672000, -0.025173, -0.729457, -0.000001
47676000, -0.184372, -0.746410, 0.000001
47680000, -0.272587, -0.404355, -0.000000
47684000, -0.267630, -0.327667, -0.000000
47688000, -0.174248, -0.392337, -0.000001
47692000, -0.005323, -0.346851, -0.000000
47696000, -0.068739, -0.304823, 0.000002
47700000, 0.035580, -0.204382, -0.000001
47704000, 0.001906, -0.013662, -0.000002
47708000, 0.028043, -0.229460, 0.000000
47712000, 0.023383, -0.107549, -0.000001
47716000, 0.083653, 0.000238, -0.000001
47720000, 0.066283, 0.233228, -0.000001
47724000, 0.209600, 0.366124, 0.000000
47728000, 0.076917, 0.387152, -0.000002
47732000, 0.124558, 0.263029, -0.000001
47736000, 0.090242, 0.291321, 0.000002
47740000, 0.106115, 0.280401, 0.000002
47744000, 0.283421, 0.396865, -0.000000
47748000, 0.213211, 0.373225, 0.000001
47752000, 0.258980, 0.407502, 0.000001
47756000, 0.417187, 0.177265, 0.000000
47760000, 0.354566, 0.036516, -0.000001
47764000, 0.301320, -0.236628, -0.000001
47768000, 0.282593, -0.431217, -0.000000
47772000, 0.225991, -0.212507, -0.000001
47776000, 0.233598, -0.263531, -0.000001
47780000, 0.315701, -0.122758, 0.000001
47784000, 0.101994, -0.105320, 0.000001
47788000, 0.123261, 0.040288, 0.000000
47792000, 0.249472, 0.197203, -0.000000
47796000, 0.346625, -0.274091, 0.000000
47800000, 0.092565, -0.100361, 0.000001
47804000, 0.024882, -0.198615, -0.000001
47808000, 0.243261, -0.096256, 0.000000
47812000, 0.224835, -0.315595, 0.000001
47816000, 0.327824, -0.183953, -0.000001
47820000, 0.382320, -0.171685, 0.000002
47824000, 0.329318, -0.299712, 0.000000
47828000, 0.450076, -0.241130, 0.000002
47832000, 0.301013, -0.252795, 0.000000
47836000, -0.161102, -0.224581, 0.000001
47840000, 0.106155, -0.175565, 0.000002
47844000, 0.019168, -0.121866, 0.000002
47848000, 0.274141, 0.061683, 0.000001
47852000, 0.161847, -0.007289, 0.000000
47856000, -0.041412, -0.214092, -0.000001
47860000, -0.293556, -0.048313, 0.000002
47864000, -0.290973, -0.329816, -0.000001
47868000, -0.170819, -0.533603, 0.000000
47872000, -0.030571, -0.576394, -0.000002
47876000, -0.169610, -0.645556, 0.000002
47880000, -0.461540, -0.391103, 0.000003
47884000, -0.312144, -0.450326, -0.000000
47888000, -0.153479, -0.382570, 0.000001
47892000, -0.009301, -0.458964, 0.000002
47896000, -0.105355, -0.489831, 0.000001
47900000, -0.248836, -0.573877, 0.000001
47904000, -0.257913, -0.418340, -0.000001
47908000, -0.323743, -0.361297, 0.000001
47912000, -0.442017, -0.535916, 0.000002
47916000, -0.651475, -0.368056, 0.000001
47920000, -0.500954, -0.370118, -0.000002
47924000, -0.518792, -0.322232, -0.000001
47928000, -0.683699, -0.302394, -0.000002
47932000, -0.642238, -0.240204, -0.000001
47936000, -0.681175, -0.385776, 0.000001
47940000, -0.717693, -0.415066, 0.000001
47944000, -0.613227, -0.127375, 0.000000
47948000, -0.641553, -0.319199, -0.000001
47952000, -0.424909, -0.464009, -0.000001
47956000, -0.912606, -0.208087, -0.000001
47960000, -0.771136, -0.490850, 0.000001
47964000, -0.658592, -0.156909, 0.000001
47968000, -0.694246, -0.217569, 0.000001
47972000, -0.830788, -0.112365, -0.000002
47976000, -0.757037, 0.064184, 0.000000
47980000, -0.850100, -0.135863, -0.000001
47984000, -0.949041, 0.200757, 0.000001
47988000, -0.811415, 0.309725, 0.000001
47992000, -0.731244, -0.082637, 0.000000
47996000, -0.804064, -0.252145, 0.000000
48000000, -0.804740, -0.346610, 0.000000
48004000, -0.761749, -0.268362, 0.000001
48008000, -0.666488, -0.235557, 0.000000
48012000, -0.599718, -0.372851, 0.000000
48016000, -0.709243, -0.393805, -0.000001
48020000, -0.744075, -0.171037, 0.000001
48024000, -0.716502, -0.356183, 0.000002
48028000, -0.605648, -0.119077, 0.000000
48032000, -0.800934, -0.054933, 0.000001
48036000, -0.790271, -0.051359, -0.000002
48040000, -0.759438, -0.180719, 0.000000
48044000, -0.662898, 0.008559, -0.000001
48048000, -0.689520, 0.125832, 0.000000
48052000, -0.556791, 0.022925, 0.000001
48056000, -0.658996, -0.180364, 0.000000
48060000, -0.570986, -0.145916, 0.000000
48064000, -0.596997, -0.488743, -0.000002
48068000, -0.544575, -0.468658, -0.000001
48072000, -0.685716, -0.401185, 0.000000
48076000, -0.697069, -0.258094, 0.000000
48080000, -0.520167, -0.161524, -0.000000
48084000, -0.574848, -0.446701, 0.000001
48088000, -0.518771, -0.524813, -0.000002
48092000, -0.305255, -0.554204, -0.000001
48096000, -0.265844, -0.601114, -0.000001
48100000, -0.334196, -0.568988, -0.000001
48104000, -0.114961, -0.694912, -0.000001
48108000, -0.069156, -0.621288, -0.000001
48112000, -0.249103, -0.607938, 0.000001
48116000, -0.111824, -0.711379, -0.000003
48120000, -0.083993, -0.687964, -0.000002
48124000, -0.118162, -0.596403, 0.000001
48128000, -0.112951, -0.753906, -0.000002
48132000, -0.075879, -0.635978, 0.000000
48136000, -0.177694, -0.656692, -0.000002
48140000, -0.072099, -0.711529, -0.000002
48144000, -0.204848, -0.743962, 0.000001
48148000, -0.113734, -0.716863, -0.000000
48152000, -0.177005, -0.674605, 0.000001
48156000, -0.379157, -0.567181, -0.000001
48160000, -0.232593, -0.663608, 0.000000
48164000, -0.095659, -0.868979, 0.000001
48168000, -0.050359, -0.682368, 0.000001
48172000, -0.122177, -0.636003, 0.000000
48176000, -0.070451, -0.494438, -0.000000
48180000, -0.076420, -0.411779, -0.000000
48184000, -0.006038, -0.254377, -0.000001
48188000, 0.072453, -0.173719, 0.000001
48192000, 0.015142, -0.223300, 0.000000
48196000, 0.261182, -0.441099, -0.000002
48200000, 0.172363, -0.369445, 0.000000
48204000, 0.296173, -0.494505, -0.000002
48208000, 0.432359, -0.434236, 0.000000
48212000, 0.332602, -0.579900, -0.000000
48216000, 0.261073, -0.324431, 0.000001
48220000, 0.119883, -0.039660, -0.000000
48224000, 0.187252, -0.188297, -0.000003
48228000, 0.236369, -0.112333, -0.000000
48232000, 0.165401, -0.106104, -0.000002
48236000, 0.103779, -0.111099, 0.000000
48240000, -0.041366, 0.035783, -0.000001
48244000, 0.004107, 0.003542, -0.000001
48248000, 0.134846, -0.353318, -0.000002
48252000, 0.152578, -0.121010, 0.000000
48256000, 0.209927, -0.259830, -0.000001
48260000, 0.116692, -0.131994, 0.000003
48264000, 0.246032, -0.154443, -0.000001
48268000, 0.171924, 0.134864, 0.000000
48272000, 0.339259, 0.333774, -0.000001
48276000, 0.343491, 0.160388, -0.000002
48280000, -0.033870, 0.084925, 0.000002
48284000, 0.183206, -0.067518, 0.000000
48288000, 0.218509, -0.139608, 0.000001
48292000, 0.084391, -0.211441, 0.000001
48296000, 0.081927, -0.142998, -0.000000
48300000, 0.141291, -0.092753, -0.000002
48304000, 0.102544, -0.206940, 0.000001
48308000, 0.294409, 0.007425, 0.000000
48312000, 0.108183, -0.087678, 0.000001
48316000, 0.119053, 0.030409, 0.000001
48320000, 0.154168, 0.029747, -0.000001
48324000, 0.128634, 0.000675, 0.000000
48328000, 0.087748, 0.172084, 0.000001
48332000, 0.292593, 0.059812, -0.000000
48336000, 0.404639, 0.206255, 0.000000
48340000, 0.543627, 0.266334, 0.000002
48344000, 0.585908, 0.418402, 0.000000
48348000, 0.637829, 0.084261, 0.000000
48352000, 0.672476, 0.420656, 0.000001
48356000, 0.629905, 0.554982, 0.000000
48360000, 0.647309, 0.439277, -0.000003
48364000, 0.795494, 0.094741, -0.000001
48368000, 0.788536, -0.079208, 0.000000
48372000, 0.812499, 0.065244, 0.000001
48376000, 0.553841, 0.076128, -0.000001
48380000, 0.400748, -0.173804, 0.000000
48384000, 0.446827, -0.113964, 0.000001
48388000, 0.453587, -0.104691, 0.000001
48392000, 0.279057, -0.027821, -0.000004
48396000, 0.594548, -0.102942, 0.000001
48400000, 0.659837, -0.249676, 0.000000
48404000, 0.513427, 0.070220, -0.000001
48408000, 0.704216, 0.054879, 0.000000
48412000, 0.500720, -0.058045, 0.000002
48416000, 0.609818, -0.064227, -0.000001
48420000, 0.648404, -0.374560, -0.000001
48424000, 0.653295, -0.429938, -0.000000
48428000, 0.807575, -0.104449, 0.000000
48432000, 0.763710, 0.082610, -0.000001
48436000, 0.790816, -0.092361, 0.000000
48440000, 0.742568, -0.012355, 0.000000
48444000, 0.802723, -0.071149, 0.000003
48448000, 0.594279, -0.202638, 0.000001
48452000, 0.565829, -0.299701, 0.000001
48456000, 0.533451, -0.545279, -0.000001
48460000, 0.404384, -0.616459, -0.000002
48464000, 0.379839, -0.584261, -0.000001
48468000, 0.304075, -0.455115, 0.000000
48472000, 0.153507, -0.609898, 0.000001
48476000, 0.466608, -0.617702, 0.000000
48480000, 0.658911, -0.453679, -0.000000
48484000, 0.461221, -0.323983, -0.000001
48488000, 0.518939, -0.036139, 0.000001
48492000, 0.441865, -0.039546, -0.000001
48496000, 0.572588, -0.149924, -0.000002
48500000, 0.593568, -0.306770, 0.000001
48504000, 0.526354, -0.092609, 0.000003
48508000, 0.535226, -0.104888, -0.000000
48512000, 0.717286, -0.023676, -0.000000
48516000, 0.772517, -0.002280, 0.000001
48520000, 0.662164, -0.186133, -0.000001
48524000, 0.564687, -0.316140, -0.000001
48528000, 0.459883, -0.344292, -0.000001
48532000, 0.424975, -0.443652, -0.000001
48536000, 0.276224, -0.331861, -0.000001
48540000, 0.444099, -0.316011, -0.000003
48544000, 0.218748, -0.306038, -0.000000
48548000, 0.206221, -0.296640, -0.000001
48552000, 0.313083, -0.176888, -0.000002
48556000, 0.329808, -0.266072, 0.000001
48560000, 0.331270, -0.330503, 0.000001
48564000, 0.318598, -0.462703, -0.000002
48568000, 0.285160, -0.484851, -0.000000
48572000, 0.249163, -0.643592, 0.000002
48576000, 0.471757, -0.588129, -0.000000
48580000, 0.271832, -0.282255, -0.000001
48584000, 0.533148, -0.524440, -0.000000
48588000, 0.527311, -0.495476, -0.000002
48592000, 0.601000, -0.476266, 0.000001
48596000, 0.588226, -0.580754, -0.000001
48600000, 0.435472, -0.686922, 0.000002
48604000, 0.487523, -0.436604, -0.000000
48608000, 0.666652, -0.475929, -0.000000
48612000, 0.761952, -0.478991, -0.000000
48616000, 0.655846, -0.386439, 0.000000
48620000, 0.352865, -0.460132, 0.000000
48624000, 0.364881, -0.294817, -0.000002
48628000, 0.187786, -0.092373, 0.000000
48632000, 0.262792, -0.280232, -0.000002
48636000, 0.384976, -0.431140, 0.000001
48640000, 0.354274, -0.455051, 0.000000
48644000, 0.364367, -0.585565, 0.000001
48648000, 0.313598, -0.722570, 0.000001
48652000, 0.325775, -0.625001, -0.000001
48656000, 0.198453, -0.719335, -0.000001
48660000, 0.448186, -0.611703, -0.000001
48664000, 0.453375, -0.720633, 0.000001
48668000, 0.385413, -0.660422, -0.000001
48672000, 0.523785, -0.484001, 0.000000
48676000, 0.467518, -0.472466, 0.000001
48680000, 0.556564, 0.033874, -0.000000
48684000, 0.717000, -0.035283, 0.000002
48688000, 0.817722, -0.001222, 0.000000
48692000, 0.862334, 0.001228, 0.000001
48696000, 0.628262, 0.206920, 0.000001
48700000, 0.645981, 0.434760, 0.000001
48704000, 0.528998, 0.301005, -0.000001
48708000, 0.469390, 0.536160, -0.000001
48712000, 0.400891, 0.466476, -0.000001
48716000, 0.512727, 0.310631, 0.000000
48720000, 0.283863, 0.557445, -0.000001
48724000, 0.329606, 0.477275, -0.000001
48728000, 0.543697, 0.319402, 0.000002
48732000, 0.342921, 0.445308, -0.000001
48736000, 0.461384, 0.633378, -0.000001
48740000, 0.522183, 0.448121, -0.000002
48744000, 0.551229, 0.386239, -0.000002
48748000, 0.366083, 0.479583, 0.000002
48752000, 0.394366, 0.072174, 0.000001
48756000, 0.216095, 0.351413, 0.000001
48760000, 0.247251, 0.154843, -0.000001
48764000, 0.408345, 0.301718, 0.000000
48768000, 0.404758, 0.160925, -0.000000
48772000, 0.404222, 0.368710, -0.000002
48776000, 0.349706, 0.285460, 0.000001
48780000, 0.256259, 0.154368, -0.000001
48784000, 0.393700, 0.204759, 0.000001
48788000, 0.472498, 0.032351, 0.000002
48792000, 0.331341, 0.100547, -0.000002
48796000, 0.185562, -0.006730, 0.000000
48800000, 0.225480, 0.154294, 0.000000
48804000, 0.327669, 0.385196, -0.000000
48808000, 0.225836, 0.231142, 0.000002
48812000, 0.482479, 0.318308, 0.000000
48816000, 0.311403, 0.157396, -0.000002
48820000, 0.533530, 0.054885, -0.000002
48824000, 0.499249, 0.029208, -0.000000
48828000, 0.466397, -0.063600, -0.000001
48832000, 0.450062, 0.006926, -0.000000
48836000, 0.448252, 0.083873, 0.000001
48840000, 0.799324, 0.049383, -0.000001
48844000, 0.695222, -0.026619, -0.000001
48848000, 0.814482, -0.073117, -0.000001
48852000, 0.692023, -0.091112, -0.000000
48856000, 0.698665, -0.053149, -0.000003
48860000, 0.625353, -0.153847, -0.000002
48864000, 0.766499, -0.129490, -0.000002
48868000, 0.664773, -0.016321, -0.000001
48872000, 0.845260, 0.042282, 0.000000
48876000, 0.834654, -0.051492, -0.000001
48880000, 0.776783, -0.138080, 0.000001
48884000, 0.636867, 0.123964, 0.000001
48888000, 0.735775, -0.052412, 0.000001
48892000, 0.742545, 0.006491, -0.000000
48896000, 0.792812, -0.092137, -0.000000
48900000, 0.908099, -0.055952, -0.000000
48904000, 0.830389, -0.256178, -0.000001
48908000, 0.789677, -0.305660, 0.000002
48912000, 0.800510, -0.417412, -0.000000
48916000, 0.530087, -0.213847, -0.000001
48920000, 0.835544, -0.100490, -0.000002
48924000, 0.882834, 0.042619, -0.000000
48928000, 0.783117, 0.405855, -0.000001
48932000, 0.638176, 0.529432, -0.000000
48936000, 0.708886, 0.258143, 0.000000
48940000, 0.646052, 0.410929, -0.000000
48944000, 0.720743, 0.228171, -0.000001
48948000, 0.572054, 0.245107, 0.000002
48952000, 0.587759, 0.387281, -0.000001
48956000, 0.545161, 0.373488, -0.000000
48960000, 0.549672, 0.514589, -0.000002
48964000, 0.693537, 0.438417, -0.000001
48968000, 0.651880, 0.376436, -0.000002
48972000, 0.660013, 0.251035, -0.000002
48976000, 0.548756, 0.231823, -0.000000
48980000, 0.532442, 0.104237, -0.000001
48984000, 0.638379, 0.181282, -0.000000
48988000, 0.712741, 0.201112, 0.000000
48992000, 0.497992, 0.118941, 0.000000
48996000, 0.295513, 0.227213, 0.000001
49000000, 0.147660, 0.452254, 0.000001
49004000, 0.507439, 0.491504, -0.000000
49008000, 0.342474, 0.401862, 0.000001
49012000, 0.320392, 0.191614, 0.000003
49016000, 0.449636, 0.133727, 0.000001
49020000, 0.217074, 0.028727, 0.000000
49024000, 0.209471, 0.047484, -0.000000
49028000, 0.341573, 0.197011, 0.000001
49032000, 0.397826, 0.084576, 0.000002
49036000, 0.350592, 0.238006, 0.000001
49040000, 0.310522, 0.200457, -0.000001
49044000, 0.352343, 0.198675, 0.000001
49048000, 0.448428, 0.123402, -0.000001
49052000, 0.462206, 0.181186, -0.000001
49056000, 0.507623, 0.138976, -0.000001
49060000, 0.232936, 0.207584, 0.000000
49064000, 0.424403, 0.051279, -0.000000
49068000, 0.283290, 0.204837, 0.000001
49072000, 0.468266, 0.282884, -0.000001
49076000, 0.319499, 0.243459, 0.000000
49080000, 0.304146, 0.120403, -0.000001
49084000, 0.182292, -0.035144, -0.000001
49088000, 0.232987, -0.094340, -0.000001
49092000, 0.074656, -0.005982, 0.000000
49096000, 0.199817, 0.287511, -0.000001
49100000, 0.347590, 0.179472, 0.000001
49104000, 0.348559, 0.014418, 0.000000
49108000, 0.398918, -0.021152, 0.000001
49112000, 0.510767, -0.100830, 0.000002
49116000, 0.370846, -0.036515, -0.000002
49120000, 0.362461, -0.184162, -0.000001
49124000, 0.362774, -0.136951, 0.000000
49128000, 0.414698, -0.219666, 0.000000
49132000, 0.391761, -0.072259, 0.000000
49136000, 0.337359, -0.222684, -0.000000
49140000, 0.287262, -0.267680, 0.000000
49144000, 0.170697, -0.333022, -0.000001
49148000, 0.106869, -0.456462, -0.000001
49152000, 0.000889, -0.556174, 0.000001
49156000, -0.032530, -0.401003, -0.000001
49160000, -0.139928, -0.519885, 0.000001
49164000, 0.069284, -0.432429, -0.000001
49168000, 0.155327, -0.418378, -0.000001
49172000, 0.203571, -0.509872, 0.000000
49176000, 0.184055, -0.536589, 0.000001
49180000, 0.163358, -0.467906, -0.000000
49184000, 0.376390, -0.264341, 0.000000
49188000, 0.365773, -0.448915, -0.000002
49192000, 0.387071, -0.288830, 0.000000
49196000, 0.424911, -0.289764, -0.000002
49200000, 0.261810, -0.433325, -0.000000
49204000, 0.081852, -0.420781, -0.000001
49208000, -0.015764, -0.504080, 0.000000
49212000, 0.028909, -0.509042, 0.000001
49216000, 0.316003, -0.396697, -0.000002
49220000, 0.382934, -0.322958, -0.000001
49224000, 0.372208, -0.349588, 0.000000
49228000, 0.432661, -0.358131, -0.000000
49232000, 0.227828, -0.312965, 0.000000
49236000, 0.138972, -0.128108, -0.000001
49240000, 0.072720, -0.304141, -0.000001
49244000, -0.124471, -0.303033, 0.000001
49248000, -0.090645, -0.406153, -0.000001
49252000, 0.175175, -0.274513, 0.000000
49256000, 0.200391, -0.387073, 0.000001
49260000, 0.213875, -0.402975, 0.000001
49264000, 0.179775, -0.306051, 0.000001
49268000, 0.291162, -0.507437, -0.000000
49272000, 0.496172, -0.401821, 0.000000
49276000, 0.447848, -0.463007, 0.000002
49280000, 0.403582, -0.647604, -0.000001
49284000, 0.520420, -0.302708, -0.000000
49288000, 0.486418, -0.200240, 0.000001
49292000, 0.584047, -0.334786, 0.000001
49296000, 0.559476, -0.225771, 0.000001
49300000, 0.357484, -0.331223, 0.000001
49304000, 0.431713, -0.189588, 0.000001
49308000, 0.392152, -0.212962, 0.000001
49312000, 0.413896, -0.327952, 0.000001
49316000, 0.405900, -0.119416, -0.000001
49320000, 0.504683, -0.283357, -0.000002
49324000, 0.362616, -0.339947, -0.000000
49328000, 0.480585, -0.378948, 0.000001
49332000, 0.422236, -0.305558, -0.000001
49336000, 0.397492, -0.260106, -0.000000
49340000, 0.443526, -0.348551, -0.000002
49344000, 0.433964, -0.295183, 0.000002
49348000, 0.529141, -0.145086, -0.000000
49352000, 0.456076, -0.115734, 0.000001
49356000, 0.539051, -0.150718, -0.000000
49360000, 0.316439, -0.269715, -0.000002
49364000, 0.363401, -0.342717, 0.000000
49368000, 0.249374, -0.451263, 0.000000
49372000, 0.327539, -0.475449, 0.000000
49376000, 0.167497, -0.370655, 0.000002
49380000, 0.237290, -0.397598, -0.000000
49384000, 0.460829, -0.349503, -0.000000
49388000, 0.195389, -0.570266, 0.000001
49392000, 0.087449, -0.600804, 0.000003
49396000, 0.012527, -0.530355, -0.000000
49400000, 0.373781, -0.525710, -0.000002
49404000, 0.141510, -0.640094, -0.000001
49408000, 0.118451, -0.701912, -0.000000
49412000, 0.159223, -0.628768, -0.000001
49416000, 0.230314, -0.413758, -0.000001
49420000, 0.109905, -0.380064, 0.000000
49424000, 0.123797, -0.364132, -0.000000
49428000, 0.130356, -0.428795, 0.000001
49432000, 0.245353, -0.350870, 0.000001
49436000, 0.137860, -0.292916, 0.000000
49440000, 0.098986, -0.509439, 0.000001
49444000, 0.396688, -0.513877, -0.000001
49448000, 0.301487, -0.473105, 0.000000
49452000, 0.444820, -0.351863, -0.000002
49456000, 0.366275, -0.494588, 0.000002
49460000, 0.484490, -0.574338, 0.000001
49464000, 0.511953, -0.434832, -0.000002
49468000, 0.527297, -0.397190, -0.000001
49472000, 0.537387, -0.276270, -0.000001
49476000, 0.678214, -0.222227, 0.000001
49480000, 0.655812, -0.014566, 0.000000
49484000, 0.683249, 0.115731, 0.000001
49488000, 0.627520, -0.174099, -0.000001
49492000, 0.685198, -0.051936, -0.000001
49496000, 0.842900, -0.053390, -0.000000
49500000, 0.815462, 0.029955, -0.000000
49504000, 0.832588, 0.084971, -0.000000
49508000, 0.841990, 0.169774, -0.000002
49512000, 0.825424, 0.105939, 0.000001
49516000, 0.749074, -0.112974, -0.000002
49520000, 0.830986, -0.090285, 0.000000
49524000, 0.854863, -0.172561, -0.000001
49528000, 0.787743, -0.342449, 0.000001
49532000, 0.582093, -0.415986, 0.000001
49536000, 0.631645, -0.109314, 0.000001
49540000, 0.574557, -0.049259, -0.000001
49544000, 0.539581, 0.098505, 0.000001
49548000, 0.437309, 0.123284, -0.000001
49552000, 0.678255, -0.163207, 0.000001
49556000, 0.660751, -0.243001, -0.000002
49560000, 0.523803, -0.135387, -0.000001
49564000, 0.398374, -0.074754, -0.000002
49568000, 0.421977, -0.066408, 0.000000
49572000, 0.584611, -0.291276, -0.000001
49576000, 0.516312, 0.077875, 0.000000
49580000, 0.677535, 0.235925, -0.000002
49584000, 0.710123, 0.067379, 0.000000
49588000, 0.806609, 0.018161, 0.000000
49592000, 0.649387, -0.102912, 0.000001
49596000, 0.654011, 0.112557, 0.000003
49600000, 0.497229, 0.154924, -0.000003
49604000, 0.500898, 0.058534, 0.000000
49608000, 0.638362, -0.074509, 0.000000
49612000, 0.655816, -0.071609, 0.000002
49616000, 0.729980, -0.243260, -0.000002
49620000, 0.728623, -0.397211, 0.000000
49624000, 0.545131, -0.305038, 0.000001
49628000, 0.706670, -0.144687, -0.000001
49632000, 0.779736, -0.304457, -0.000002
49636000, 0.574131, -0.354004, -0.000003
49640000, 0.754351, -0.281705, -0.000000
49644000, 0.698029, -0.237172, -0.000001
49648000, 0.652857, 0.107460, 0.000002
49652000, 0.557823, 0.004354, -0.000002
49656000, 0.680640, 0.049051, -0.000001
49660000, 0.672871, -0.058969, 0.000001
49664000, 0.432226, 0.048457, -0.000001
49668000, 0.667669, 0.189011, -0.000001
49672000, 0.628423, 0.097120, -0.000000
49676000, 0.733500, 0.196501, 0.000000
49680000, 0.572636, 0.090115, 0.000001
49684000, 0.534362, 0.109935, -0.000001
49688000, 0.726082, 0.214087, 0.000002
49692000, 0.544879, 0.448639, 0.000002
49696000, 0.577164, 0.348299, -0.000001
49700000, 0.645470, 0.463687, 0.000000
49704000, 0.596708, 0.526996, -0.000001
49708000, 0.462520, 0.564018, -0.000000
49712000, 0.680222, 0.548308, 0.000001
49716000, 0.772836, 0.301255, -0.000001
49720000, 0.590748, 0.406979, 0.000002
49724000, 0.558651, 0.526257, 0.000001
49728000, 0.807302, 0.588371, 0.000000
49732000, 0.723117, 0.500424, 0.000002
49736000, 0.811130, 0.405659, 0.000001
49740000, 0.619370, 0.356171, 0.000000
49744000, 0.865067, 0.198569, 0.000002
49748000, 0.651001, 0.210947, -0.000001
49752000, 0.681656, 0.215172, 0.000001
49756000, 0.536027, -0.016991, -0.000002
49760000, 0.679450, -0.075043, 0.000003
49764000, 0.526151, -0.051307, 0.000001
49768000, 0.690823, -0.246767, 0.000000
49772000, 0.622745, -0.124135, 0.000003
49776000, 0.734618, -0.138210, -0.000001
49780000, 0.637572, -0.093254, 0.000000
49784000, 0.730139, -0.141794, 0.000001
49788000, 0.674422, -0.126564, 0.000000
49792000, 0.512804, -0.072360, -0.000001
49796000, 0.643480, 0.169095, -0.000000
49800000, 0.581551, 0.094932, 0.000001
49804000, 0.641948, 0.079862, -0.000001
49808000, 0.683388, 0.008592, 0.000001
49812000, 0.730197, 0.308447, 0.000001
49816000, 0.909244, 0.242459, -0.000001
49820000, 0.802813, 0.215629, -0.000000
49824000, 0.757758, 0.059616, 0.000001
49828000, 0.649353, 0.112316, -0.000001
49832000, 0.714889, 0.260521, 0.000002
49836000, 0.635109, 0.284238, 0.000001
49840000, 0.708540, 0.302198, -0.000001
49844000, 0.640711, 0.491235, -0.000001
49848000, 0.672052, 0.471865, -0.000001
49852000, 0.639760, 0.593345, 0.000001
49856000, 0.498486, 0.340928, 0.000002
49860000, 0.800573, 0.297895, 0.000000
49864000, 0.588838, 0.397877, 0.000001
49868000, 0.591111, 0.242963, 0.000001
49872000, 0.591930, 0.147197, -0.000001
49876000, 0.647351, 0.106572, 0.000000
49880000, 0.660594, 0.165293, -0.000001
49884000, 0.727421, -0.101183, -0.000001
49888000, 0.731760, -0.134585, 0.000002
49892000, 0.682119, -0.260451, 0.000002
49896000, 0.708121, -0.187820, -0.000002
49900000, 0.493691, -0.488062, 0.000000
49904000, 0.592140, -0.559516, 0.000001
49908000, 0.534551, -0.467393, 0.000001
49912000, 0.596447, -0.395287, -0.000000
49916000, 0.429507, -0.548826, -0.000002
49920000, 0.388896, -0.383757, -0.000000
49924000, 0.293462, -0.621626, -0.000001
49928000, -0.053442, -0.807579, -0.000001
49932000, -0.288071, -0.617915, -0.000001
49936000, -0.415823, -0.710687, 0.000002
49940000, -0.218652, -0.654831, -0.000001
49944000, -0.022769, -0.687486, -0.000000
49948000, -0.067925, -0.769141, 0.000001
49952000, -0.086926, -0.789069, 0.000000
49956000, 0.009807, -0.885054, 0.000003
49960000, 0.114817, -0.981816, 0.000001
49964000, -0.151470, -0.972675, 0.000001
49968000, -0.108291, -0.926056, 0.000001
49972000, -0.085021, -1.062458, -0.000000
49976000, -0.310094, -0.845891, 0.000000
49980000, -0.505772, -0.850975, 0.000001
49984000, -0.343260, -0.852543, 0.000001
49988000, -0.328631, -0.635927, -0.000001
49992000, -0.366536, -0.822875, 0.000000
49996000, -0.358752, -0.845815, -0.000003
50000000, -0.541836, -0.780264, -0.000003
50004000, -0.482075, -0.714290, 0.000000
50008000, -0.618041, -0.592737, 0.000001
50012000, -0.520570, -0.703442, -0.000002
50016000, -0.587647, -0.730615, 0.000000
50020000, -0.591144, -0.699436, -0.000000
50024000, -0.633151, -0.570938, -0.000001
50028000, -0.712420, -0.567314, -0.000000
50032000, -0.660328, -0.337727, 0.000001
50036000, -0.732453, -0.107786, -0.000001
50040000, -0.659753, -0.144569, 0.000002
50044000, -0.612597, 0.093205, 0.000001
50048000, -0.550890, 0.046738, 0.000002
50052000, -0.326827, -0.161145, -0.000001
50056000, -0.367041, -0.184632, 0.000000
50060000, -0.543727, -0.197450, 0.000002
50064000, -0.726264, -0.328347, -0.000001
50068000, -0.613879, -0.424917, 0.000001
50072000, -0.700023, -0.172438, -0.000001
50076000, -0.555290, -0.208974, 0.000001
50080000, -0.507954, -0.245532, 0.000002
50084000, -0.601501, -0.358786, 0.000000
50088000, -0.525228, -0.255638, -0.000001
50092000, -0.574703, -0.226311, 0.000001
50096000, -0.491285, -0.279887, 0.000001
50100000, -0.475292, -0.327007, 0.000000
50104000, -0.374506, -0.166179, -0.000000
50108000, -0.379645, -0.514279, 0.000001
50112000, -0.336006, -0.421799, 0.000001
50116000, -0.237652, -0.352473, 0.000000
50120000, -0.165615, -0.280731, 0.000001
50124000, -0.489867, -0.263411, 0.000001
50128000, -0.537219, -0.465966, -0.000001
50132000, -0.632666, -0.290428, -0.000002
50136000, -0.641523, -0.101824, 0.000000
50140000, -0.589072, -0.046070, -0.000001
50144000, -0.673492, -0.067983, -0.000001
50148000, -0.605538, -0.344954, -0.000001
50152000, -0.538444, -0.400678, 0.000001
50156000, -0.436260, -0.399685, -0.000002
50160000, -0.491152, -0.581928, -0.000001
50164000, -0.342092, -0.414425, 0.000001
50168000, -0.345756, -0.542460, -0.000001
50172000, -0.292408, -0.530573, -0.000001
50176000, -0.268381, -0.380394, -0.000001
50180000, -0.156701, -0.304613, 0.000000
50184000, -0.341007, -0.360417, -0.000001
50188000, -0.243860, -0.463787, -0.000001
50192000, -0.293259, -0.323470, -0.000001
50196000, -0.595432, -0.334607, -0.000002
50200000, -0.576207, -0.295012, -0.000000
50204000, -0.435487, -0.261130, 0.000001
50208000, -0.555103, -0.146507, -0.000001
50212000, -0.482480, 0.011413, 0.000001
50216000, -0.421687, -0.146596, -0.000000
50220000, -0.368589, -0.168834, 0.000001
50224000, -0.496997, -0.021159, -0.000000
50228000, -0.539486, -0.053133, 0.000000
50232000, -0.530483, -0.341921, 0.000001
50236000, -0.505347, -0.256956, 0.000001
50240000, -0.543939, -0.031590, -0.000001
50244000, -0.473520, -0.071135, 0.000003
50248000, -0.502214, -0.052416, -0.000001
50252000, -0.461858, -0.018488, 0.000000
50256000, -0.539467, -0.263344, -0.000004
50260000, -0.450787, -0.201390, -0.000002
50264000, -0.479981, -0.351809, 0.000000
50268000, -0.455599, -0.312983, -0.000000
50272000, -0.338782, -0.294575, 0.000002
50276000, -0.301860, -0.150710, 0.000000
50280000, -0.090516, -0.087253, -0.000001
50284000, -0.187470, -0.092533, 0.000001
50288000, -0.242312, 0.024738, 0.000001
50292000, -0.202105, 0.098424, 0.000000
50296000, -0.194037, 0.047441, 0.000000
50300000, -0.253565, -0.092646, -0.000001
50304000, -0.165064, -0.178478, -0.000001
50308000, -0.258558, -0.163105, 0.000000
50312000, -0.437989, -0.178382, 0.000000
50316000, -0.439287, -0.201508, -0.000000
50320000, -0.346031, -0.494767, 0.000001
50324000, -0.237399, -0.178993, 0.000001
50328000, -0.444788, -0.178546, -0.000002
50332000, -0.304360, -0.019223, 0.000002
50336000, -0.570723, 0.187405, -0.000000
50340000, -0.473795, 0.114830, -0.000001
50344000, -0.443454, 0.042404, -0.000000
50348000, -0.230569, 0.321393, 0.000001
50352000, -0.281839, 0.403088, 0.000000
50356000, -0.347013, 0.375265, 0.000001
50360000, -0.564098, 0.272233, 0.000002
50364000, -0.579025, 0.249939, 0.000000
50368000, -0.484298, 0.188319, -0.000000
50372000, -0.245070, 0.378432, 0.000001
50376000, -0.292318, 0.452849, -0.000000
50380000, -0.404761, 0.428207, -0.000001
50384000, -0.458595, 0.434519, 0.000000
50388000, -0.490958, 0.433415, 0.000002
50392000, -0.296714, 0.492266, 0.000002
50396000, -0.557049, 0.442898, -0.000001
50400000, -0.525458, 0.426800, -0.000000
50404000, -0.559329, 0.298117, -0.000001
50408000, -0.482998, 0.249004, -0.000001
50412000, -0.382827, 0.262969, 0.000000
50416000, -0.410249, -0.019642, 0.000001
50420000, -0.573930, 0.193062, -0.000001
50424000, -0.302928, 0.195049, 0.000001
50428000, -0.437628, -0.103166, -0.000000
50432000, -0.676415, -0.099434, 0.000000
50436000, -0.569333, -0.277332, -0.000000
50440000, -0.702075, -0.146918, 0.000000
50444000, -0.649726, -0.113709, 0.000001
50448000, -0.597095, -0.186731, -0.000001
50452000, -0.506240, -0.133693, -0.000001
50456000, -0.558059, 0.099415, 0.000001
50460000, -0.419627, 0.230018, -0.000002
50464000, -0.605744, 0.230588, 0.000000
50468000, -0.606814, 0.302619, 0.000001
50472000, -0.478800, 0.301380, 0.000002
50476000, -0.468542, 0.437592, 0.000001
50480000, -0.328227, 0.404678, -0.000001
50484000, -0.422052, 0.341862, -0.000001
50488000, -0.319967, 0.451858, 0.000000
50492000, -0.431372, 0.516912, 0.000001
50496000, -0.088103, 0.491097, 0.000000
50500000, -0.111900, 0.883707, -0.000001
50504000, 0.059840, 0.798365, 0.000002
50508000, 0.347614, 0.579873, 0.000001
50512000, 0.256249, 0.582970, 0.000001
50516000, 0.339751, 0.536550, -0.000002
50520000, 0.158420, 0.599801, 0.000000
50524000, 0.239501, 0.594209, 0.000001
50528000, 0.406882, 0.418383, 0.000000
50532000, 0.183011, 0.583155, -0.000001
50536000, 0.373664, 0.525663, -0.000000
50540000, 0.446680, 0.581612, -0.000001
50544000, 0.173990, 0.669354, -0.000001
50548000, 0.098349, 0.622610, 0.000000
50552000, 0.076548, 0.529100, 0.000001
50556000, -0.039959, 0.687678, -0.000002
50560000, -0.076029, 0.720840, -0.000000
50564000, 0.026531, 0.577066, 0.000000
50568000, 0.113840, 0.632579, -0.000000
50572000, -0.205882, 0.523535, 0.000002
50576000, -0.380511, 0.542712, 0.000001
50580000, -0.302554, 0.509372, 0.000002
50584000, -0.218612, 0.560655, 0.000001
50588000, -0.311306, 0.402090, -0.000000
50592000, -0.508442, 0.484826, -0.000000
50596000, -0.497927, 0.239844, -0.000000
50600000, -0.409582, 0.445458, -0.000001
50604000, -0.465302, 0.387123, -0.000000
50608000, -0.639438, 0.361183, 0.000000
50612000, -0.482762, 0.357122, 0.000001
50616000, -0.484656, 0.255967, -0.000002
50620000, -0.419255, 0.293852, 0.000000
50624000, -0.429244, 0.480557, -0.000001
50628000, -0.382225, 0.546494, 0.000000
50632000, -0.232259, 0.668378, -0.000000
50636000, -0.077020, 0.676452, 0.000001
50640000, 0.002166, 0.599894, -0.000000
50644000, 0.020602, 0.804492, 0.000000
50648000, -0.036268, 0.651796, 0.000001
50652000, -0.429118, 0.484780, -0.000002
50656000, -0.213157, 0.249133, -0.000002
50660000, -0.192171, 0.300552, -0.000001
50664000, -0.292657, 0.139582, 0.000001
50668000, -0.307723, 0.148465, 0.000000
50672000, -0.113705, 0.231383, -0.000000
50676000, -0.096424, 0.205205, 0.000001
50680000, -0.209803, 0.170292, 0.000000
50684000, -0.252025, -0.088333, 0.000001
50688000, -0.162509, 0.103633, 0.000000
50692000, -0.168294, 0.087929, 0.000001
50696000, -0.308752, 0.051714, 0.000000
50700000, -0.034384, 0.335572, -0.000003
50704000, -0.255288, 0.306624, 0.000001
50708000, -0.393115, 0.274306, -0.000003
50712000, -0.262917, 0.220956, 0.000000
50716000, -0.219428, 0.340597, 0.000000
50720000, -0.368803, 0.399464, -0.000001
50724000, -0.437544, 0.227157, -0.000001
50728000, -0.192486, 0.290752, 0.000000
50732000, -0.160148, 0.230875, -0.000000
50736000, -0.153488, 0.382897, -0.000001
50740000, -0.330006, 0.417351, -0.000001
50744000, -0.271457, 0.492268, -0.000003
50748000, -0.225378, 0.457299, 0.000000
50752000, -0.189807, 0.476300, 0.000001
50756000, -0.117155, 0.451165, -0.000001
50760000, -0.171915, 0.412101, -0.000000
50764000, -0.012549, 0.256637, 0.000000
50768000, 0.042884, 0.200894, 0.000000
50772000, -0.104236, 0.494513, -0.000001
50776000, -0.040642, 0.320191, -0.000000
50780000, -0.015327, 0.310769, -0.000001
50784000, -0.133002, 0.180007, 0.000000
50788000, -0.325600, -0.110859, 0.000000
50792000, -0.231285, 0.036352, -0.000000
50796000, -0.226227, -0.093408, -0.000000
50800000, -0.063477, 0.183703, 0.000002
50804000, -0.112488, 0.262647, -0.000001
50808000, -0.013886, 0.234458, -0.000000
50812000, -0.079566, 0.221179, 0.000001
50816000, 0.001949, 0.422356, 0.000000
50820000, -0.078967, 0.279733, 0.000001
50824000, -0.279722, 0.346876, 0.000001
50828000, -0.243723, 0.370087, 0.000000
50832000, -0.238342, 0.079303, -0.000000
50836000, -0.367763, 0.280551, 0.000001
50840000, -0.588431, 0.159305, -0.000002
50844000, -0.322197, 0.165827, 0.000002
50848000, -0.465567, 0.138231, 0.000002
50852000, -0.503402, -0.147380, -0.000001
50856000, -0.504152, -0.166441, 0.000001
50860000, -0.546918, 0.034713, 0.000001
50864000, -0.334421, 0.093262, 0.000000
50868000, -0.412512, 0.081248, -0.000002
50872000, -0.206849, 0.209913, -0.000000
50876000, -0.066184, 0.065948, 0.000001
50880000, -0.182025, 0.360446, -0.000000
50884000, -0.035092, 0.161999, -0.000000
50888000, -0.164527, 0.252149, 0.000000
50892000, -0.118328, 0.571244, -0.000001
50896000, -0.328864, 0.247447, -0.000001
50900000, -0.278101, 0.354814, 0.000001
50904000, -0.350022, 0.394587, 0.000000
50908000, -0.211994, 0.316703, 0.000001
50912000, -0.136131, 0.529187, -0.000000
50916000, -0.030556, 0.420207, 0.000001
50920000, -0.224513, 0.294411, -0.000001
50924000, -0.113089, 0.130997, 0.000000
50928000, -0.158793, 0.256769, -0.000001
50932000, -0.100383, 0.127589, 0.000001
50936000, -0.251667, 0.153784, 0.000000
50940000, -0.339991, 0.186463, 0.000000
50944000, -0.498580, 0.244341, 0.000002
50948000, -0.236509, 0.238696, 0.000001
50952000, -0.448884, 0.346909, -0.000000
50956000, -0.370584, 0.078466, -0.000001
50960000, -0.092179, 0.410024, -0.000001
50964000, -0.230518, 0.345021, -0.000000
50968000, -0.029037, 0.504727, -0.000001
50972000, -0.072410, 0.268224, -0.000001
50976000, 0.144545, 0.336563, -0.000001
50980000, 0.147929, 0.298043, 0.000001
50984000, 0.298041, 0.369283, -0.000000
50988000, 0.170643, 0.444923, 0.000002
50992000, -0.052555, 0.565639, 0.000000
50996000, -0.121669, 0.526522, 0.000001
51000000, 0.090009, 0.478589, 0.000001
51004000, 0.125649, 0.524788, 0.000000
51008000, 0.044439, 0.599599, 0.000000
51012000, 0.028146, 0.427793, -0.000000
51016000, 0.061223, 0.485478, 0.000002
51020000, 0.036205, 0.522867, 0.000000
51024000, 0.309784, 0.234268, -0.000000
51028000, 0.234814, 0.321735, 0.000001
51032000, 0.099988, 0.366462, -0.000001
51036000, 0.171689, 0.213674, -0.000001
51040000, 0.262541, 0.390301, 0.000000
51044000, 0.286879, 0.134535, 0.000001
51048000, 0.147986, 0.059502, -0.000001
51052000, 0.180202, 0.050945, 0.000001
51056000, 0.323831, 0.126238, -0.000001
51060000, 0.356947, 0.264438, 0.000001
51064000, 0.188646, 0.355775, -0.000001
51068000, 0.146717, 0.371624, -0.000001
51072000, 0.149296, 0.281689, 0.000000
51076000, -0.204632, 0.381241, -0.000001
51080000, -0.136364, 0.241004, 0.000000
51084000, -0.178949, 0.199020, 0.000001
51088000, -0.303939, 0.310114, -0.000000
51092000, -0.350635, 0.236493, 0.000000
51096000, -0.379693, 0.240939, 0.000000
51100000, -0.283117, 0.298133, -0.000000
51104000, -0.230883, 0.233299, 0.000001
51108000, -0.128825, 0.353886, -0.000001
51112000, -0.068848, 0.314571, -0.000000
51116000, -0.060039, 0.476824, -0.000001
51120000, -0.110395, 0.324288, 0.000002
51124000, -0.241416, 0.188834, -0.000000
51128000, -0.269240, 0.276804, 0.000000
51132000, -0.170671, 0.186634, -0.000000
51136000, -0.223170, 0.191308, 0.000000
51140000, -0.269558, 0.100232, 0.000000
51144000, -0.205604, 0.198546, -0.000001
51148000, -0.315879, 0.270833, 0.000001
51152000, -0.294731, 0.502386, 0.000001
51156000, -0.436008, 0.487705, -0.000002
51160000, -0.378044, 0.529993, -0.000001
51164000, -0.424255, 0.504495, -0.000001
51168000, -0.431039, 0.717510, 0.000001
51172000, -0.555039, 0.543052, 0.000000
51176000, -0.648674, 0.552245, -0.000001
51180000, -0.400607, 0.770123, -0.000001
51184000, -0.328615, 0.713200, -0.000002
51188000, -0.293534, 0.845172, 0.000000
51192000, -0.082039, 0.817073, -0.000001
51196000, -0.007254, 0.840638, 0.000001
51200000, 0.060102, 0.700907, -0.000001
51204000, 0.040593, 0.730637, -0.000002
51208000, -0.060137, 0.676453, -0.000000
51212000, -0.315662, 0.614151, -0.000001
51216000, -0.117344, 0.782732, 0.000000
51220000, -0.220711, 0.751955, -0.000000
51224000, -0.237881, 0.523070, -0.000001
51228000, -0.449997, 0.536031, -0.000000
51232000, -0.462332, 0.547823, -0.000000
51236000, -0.218010, 0.545016, -0.000000
51240000, -0.148685, 0.705271, -0.000001
51244000, -0.157577, 0.789828, -0.000002
51248000, 0.069509, 0.864391, -0.000001
51252000, 0.007351, 0.730329, -0.000000
51256000, -0.011131, 0.635119, -0.000000
51260000, -0.048663, 0.661070, -0.000000
51264000, -0.249518, 0.705754, 0.000001
51268000, -0.093094, 0.688804, -0.000002
51272000, -0.333199, 0.642200, -0.000001
51276000, -0.203524, 0.800801, 0.000000
51280000, -0.112934, 0.808596, 0.000000
51284000, -0.033013, 0.779794, -0.000000
51288000, -0.071018, 0.782419, 0.000001
51292000, -0.156762, 0.690664, -0.000002
51296000, -0.083823, 0.682612, -0.000000
51300000, -0.380971, 0.586013, 0.000002
51304000, -0.191504, 0.501498, 0.000000
51308000, -0.241429, 0.633741, -0.000001
51312000, -0.157777, 0.611938, 0.000000
51316000, -0.070007, 0.740275, -0.000000
51320000, 0.216869, 0.791497, -0.000001
51324000, 0.308714, 0.835269, 0.000000
51328000, 0.066611, 0.932890, 0.000000
51332000, 0.138221, 0.706226, -0.000000
51336000, 0.391438, 0.701219, -0.000002
51340000, 0.270597, 0.724304, -0.000001
51344000, 0.415474, 0.619114, -0.000001
51348000, 0.338877, 0.605119, 0.000001
51352000, 0.350809, 0.723865, -0.000001
51356000, 0.482257, 0.542367, -0.000001
51360000, 0.411592, 0.577992, -0.000000
51364000, 0.486259, 0.684354, 0.000000
51368000, 0.489985, 0.599075, -0.000001
51372000, 0.545289, 0.676581, -0.000002
51376000, 0.652614, 0.427333, 0.000001
51380000, 0.684359, 0.638607, 0.000001
51384000, 0.745179, 0.377740, 0.000000
51388000, 0.601323, 0.494888, -0.000001
51392000, 0.831484, 0.264838, -0.000001
51396000, 0.715193, 0.769291, 0.000000
51400000, 0.615306, 0.698053, -0.000001
51404000, 0.637579, 0.822481, 0.000000
51408000, 0.590958, 0.605698, -0.000002
51412000, 0.648568, 0.386631, -0.000001
51416000, 0.744959, 0.336152, -0.000001
51420000, 0.775267, 0.194344, 0.000000
51424000, 0.711313, 0.159335, 0.000000
51428000, 0.795005, 0.114749, 0.000001
51432000, 0.792384, 0.241881, -0.000001
51436000, 0.800215, 0.344314, 0.000001
51440000, 0.759905, 0.299135, 0.000000
51444000, 0.618560, 0.262693, -0.000001
51448000, 0.716358, 0.155846, -0.000003
51452000, 0.658874, 0.120675, -0.000001
51456000, 0.710828, 0.050788, -0.000001
51460000, 0.681808, 0.188882, -0.000002
51464000, 0.705821, 0.016409, -0.000000
51468000, 0.769874, 0.095983, -0.000000
51472000, 0.741414, -0.090285, -0.000001
51476000, 0.733768, -0.052195, 0.000000
51480000, 0.755309, -0.080227, 0.000001
51484000, 0.759600, -0.337480, 0.000001
51488000, 0.788688, 0.159309, 0.000000
51492000, 0.679908, 0.115338, 0.000003
51496000, 0.700448, -0.049222, 0.000000
51500000, 0.550254, -0.033483, 0.000001
51504000, 0.593947, -0.116998, -0.000001
51508000, 0.726491, 0.110496, 0.000000
51512000, 0.670474, 0.209586, 0.000001
51516000, 0.623067, 0.069762, 0.000000
51520000, 0.596204, 0.040106, -0.000001
51524000, 0.661829, 0.002763, -0.000000
51528000, 0.579680, -0.064946, 0.000000
51532000, 0.597893, -0.091044, -0.000001
51536000, 0.652932, -0.083067, -0.000001
51540000, 0.472167, -0.286999, 0.000002
51544000, 0.501980, -0.260800, 0.000001
51548000, 0.420051, -0.149719, -0.000004
51552000, 0.435471, -0.115845, -0.000000
51556000, 0.484021, -0.057948, -0.000000
51560000, 0.622952, -0.069953, -0.000001
51564000, 0.555106, -0.139290, -0.000000
51568000, 0.668066, -0.151491, 0.000001
51572000, 0.614927, -0.075050, -0.000000
51576000, 0.507522, -0.109261, -0.000001
51580000, 0.611413, -0.222725, -0.000001
51584000, 0.436812, -0.493546, 0.000001
51588000, 0.388786, -0.488756, -0.000001
51592000, 0.498830, -0.255854, 0.000002
51596000, 0.611697, -0.381867, -0.000001
51600000, 0.608540, -0.221716, 0.000000
51604000, 0.666445, -0.259332, -0.000002
51608000, 0.579307, -0.349422, 0.000000
51612000, 0.531632, -0.529575, -0.000000
51616000, 0.563102, -0.371313, -0.000001
51620000, 0.592991, -0.269480, -0.000001
51624000, 0.585924, 0.066585, -0.000000
51628000, 0.634145, 0.228599, 0.000000
51632000, 0.711198, -0.088176, 0.000000
51636000, 0.623772, 0.010024, 0.000001
51640000, 0.482932, 0.014522, -0.000000
51644000, 0.546041, 0.113928, 0.000001
51648000, 0.547183, 0.144994, -0.000002
51652000, 0.557918, 0.104749, -0.000002
51656000, 0.494206, -0.142782, -0.000002
51660000, 0.524047, -0.017495, -0.000000
51664000, 0.404276, -0.159935, -0.000001
51668000, 0.571114, 0.007902, -0.000000
51672000, 0.478673, -0.069625, 0.000001
51676000, 0.546571, -0.092672, 0.000000
51680000, 0.367591, -0.278891, 0.000000
51684000, 0.273312, -0.516818, -0.000001
51688000, 0.534684, -0.583929, -0.000001
51692000, 0.428002, -0.663534, -0.000001
51696000, 0.627453, -0.262316, 0.000000
51700000, 0.641518, -0.177456, -0.000001
51704000, 0.612189, -0.317154, 0.000000
51708000, 0.671107, -0.222854, -0.000001
51712000, 0.619692, -0.043960, -0.000001
51716000, 0.307700, -0.336573, -0.000000
51720000, 0.081082, -0.412719, 0.000001
51724000, 0.397109, -0.336000, -0.000001
51728000, 0.290336, -0.323188, -0.000002
51732000, 0.365453, -0.258193, -0.000001
51736000, 0.318509, -0.080364, 0.000000
51740000, 0.332715, -0.118628, -0.000000
51744000, 0.285041, -0.283469, -0.000001
51748000, 0.078045, -0.244851, 0.000000
51752000, 0.128291, -0.387301, -0.000001
51756000, 0.007122, -0.428023, 0.000000
51760000, -0.083503, -0.375333, 0.000001
51764000, 0.055072, -0.413460, 0.000001
51768000, -0.083787, -0.711928, 0.000000
51772000, 0.319925, -0.550961, -0.000000
51776000, 0.212569, -0.872204, -0.000001
51780000, 0.185650, -0.567214, -0.000001
51784000, 0.179677, -0.563751, -0.000000
51788000, 0.331618, -0.645387, 0.000001
51792000, 0.239652, -0.633910, -0.000001
51796000, 0.045734, -0.693616, -0.000001
51800000, 0.072223, -0.654007, 0.000001
51804000, 0.261676, -0.375617, -0.000001
51808000, 0.088555, -0.297354, 0.000001
51812000, 0.034801, -0.556187, 0.000000
51816000, 0.195130, -0.517800, -0.000001
51820000, 0.019482, -0.474464, -0.000001
51824000, 0.275770, -0.520107, -0.000001
51828000, 0.094811, -0.510010, -0.000000
51832000, -0.075690, -0.603489, 0.000001
51836000, 0.158963, -0.577649, -0.000000
51840000, 0.179249, -0.557252, -0.000001
51844000, 0.295338, -0.566607, 0.000000
51848000, 0.254151, -0.400930, 0.000002
51852000, 0.499450, -0.576704, 0.000001
51856000, 0.354860, -0.507344, -0.000002
51860000, 0.515412, -0.616092, -0.000001
51864000, 0.589017, -0.385140, -0.000001
51868000, 0.541932, -0.387403, -0.000000
51872000, 0.607062, -0.399685, -0.000000
51876000, 0.734917, -0.395570, 0.000000
51880000, 0.653565, -0.170145, -0.000002
51884000, 0.611452, -0.277810, 0.000000
51888000, 0.499951, -0.142220, -0.000002
51892000, 0.654222, -0.233715, -0.000000
51896000, 0.401430, -0.289442, -0.000001
51900000, 0.272121, -0.525499, -0.000002
51904000, 0.509137, -0.395577, 0.000001
51908000, 0.365922, -0.324158, 0.000000
51912000, 0.430561, -0.261041, 0.000001
51916000, 0.261016, -0.118439, 0.000000
51920000, 0.288079, -0.071562, -0.000001
51924000, 0.331105, 0.024987, 0.000001
51928000, 0.237242, -0.161307, 0.000002
51932000, 0.276780, -0.069396, -0.000000
51936000, -0.004223, -0.074498, 0.000001
51940000, 0.065759, 0.021094, -0.000002
51944000, 0.050254, -0.109023, -0.000001
51948000, 0.073747, -0.043734, 0.000002
51952000, 0.127328, -0.004063, -0.000001
51956000, 0.235881, 0.233328, -0.000001
51960000, 0.191985, 0.283993, 0.000001
51964000, 0.272828, 0.198367, -0.000002
51968000, -0.021707, 0.175837, 0.000001
51972000, 0.101675, 0.132695, -0.000001
51976000, -0.030119, 0.090229, -0.000001
51980000, 0.006549, 0.226381, -0.000001
51984000, 0.050931, 0.425438, -0.000000
51988000, 0.220974, 0.549042, -0.000001
51992000, 0.071660, 0.366051, 0.000000
51996000, 0.212688, 0.482161, 0.000001
52000000, 0.371901, 0.324610, 0.000001
52004000, 0.213316, 0.145871, -0.000002
52008000, 0.308584, -0.042571, -0.000001
52012000, 0.308337, 0.062784, 0.000000
52016000, 0.489364, -0.159045, -0.000002
52020000, 0.525880, -0.124749, 0.000002
52024000, 0.621070, -0.002868, -0.000001
52028000, 0.558842, 0.281050, 0.000000
52032000, 0.445823, 0.258252, -0.000000
52036000, 0.353992, 0.471312, -0.000000
52040000, 0.568582, 0.264637, -0.000001
52044000, 0.498806, 0.514889, 0.000001
52048000, 0.216151, 0.607397, -0.000000
52052000, 0.367389, 0.594794, -0.000000
52056000, 0.517542, 0.455473, -0.000000
52060000, 0.597451, 0.517670, 0.000002
52064000, 0.464393, 0.546784, -0.000002
52068000, 0.443271, 0.473895, -0.000002
52072000, 0.510330, 0.472125, -0.000001
52076000, 0.388961, 0.499548, 0.000002
52080000, 0.247227, 0.487629, 0.000001
52084000, 0.173530, 0.408036, -0.000001
52088000, 0.407830, 0.393258, 0.000000
52092000, 0.555940, 0.488733, 0.000000
52096000, 0.469639, 0.663015, 0.000001
52100000, 0.420236, 0.623164, 0.000000
52104000, 0.124251, 0.710814, -0.000001
52108000, 0.350712, 0.503446, -0.000001
52112000, 0.189740, 0.685620, -0.000002
52116000, 0.237776, 0.727364, -0.000001
52120000, 0.428654, 0.610906, -0.000001
52124000, 0.468386, 0.631931, 0.000000
52128000, 0.511171, 0.361122, 0.000001
52132000, 0.521775, 0.170027, -0.000002
52136000, 0.404304, 0.125228, -0.000001
52140000, 0.373036, -0.024448, -0.000001
52144000, 0.269533, 0.171982, -0.000001
52148000, 0.310751, -0.021541, -0.000000
52152000, 0.341260, -0.031127, 0.000000
52156000, 0.109994, 0.133094, -0.000001
52160000, 0.303455, 0.107180, -0.000001
52164000, 0.366765, -0.194481, 0.000000
52168000, 0.405446, 0.242004, 0.000000
52172000, 0.647811, 0.153746, -0.000003
52176000, 0.747041, -0.072481, 0.000001
52180000, 0.530631, -0.131629, -0.000003
52184000, 0.683635, -0.093270, -0.000003
52188000, 0.668489, 0.039069, -0.000002
52192000, 0.380288, -0.085146, 0.000001
52196000, 0.832685, 0.144049, -0.000001
52200000, 0.612302, 0.124420, -0.000000
52204000, 0.698792, 0.115934, -0.000001
52208000, 0.625705, 0.176880, -0.000002
52212000, 0.633038, -0.014337, -0.000000
52216000, 0.554211, -0.141831, 0.000000
52220000, 0.599769, -0.013797, 0.000001
52224000, 0.536859, -0.137544, 0.000000
52228000, 0.432911, 0.016306, 0.000002
52232000, 0.648992, 0.067075, 0.000000
52236000, 0.558609, 0.005078, -0.000001
52240000, 0.540535, 0.112894, 0.000000
52244000, 0.479333, 0.253553, 0.000000
52248000, 0.459662, 0.378228, -0.000001
52252000, 0.613422, 0.354301, 0.000000
52256000, 0.648651, 0.464798, -0.000001
52260000, 0.610521, 0.379735, 0.000001
52264000, 0.572446, 0.487486, -0.000000
52268000, 0.280399, 0.646574, -0.000002
52272000, 0.255502, 0.714756, -0.000001
52276000, 0.170001, 0.873932, -0.000001
52280000, 0.026686, 0.778859, -0.000000
52284000, 0.162161, 0.725404, -0.000002
52288000, 0.065766, 0.757325, 0.000000
52292000, 0.395250, 0.459641, 0.000001
52296000, 0.381684, 0.667816, -0.000000
52300000, 0.112809, 0.855328, -0.000001
52304000, 0.112226, 0.809524, -0.000001
52308000, 0.084158, 0.762745, 0.000000
52312000, 0.069666, 0.569690, -0.000002
52316000, -0.065496, 0.523194, -0.000001
52320000, 0.276485, 0.506524, -0.000001
52324000, -0.121618, 0.439940, 0.000001
52328000, 0.189152, 0.590327, -0.000003
52332000, 0.100667, 0.586443, -0.000000
52336000, 0.227839, 0.750341, 0.000000
52340000, 0.229926, 0.698674, -0.000001
52344000, 0.122536, 0.855669, 0.000000
52348000, -0.091085, 0.726319, -0.000000
52352000, 0.042109, 0.784735, 0.000003
52356000, 0.217016, 0.775057, 0.000001
52360000, 0.475910, 0.667183, 0.000000
52364000, 0.250950, 0.721332, -0.000000
52368000, 0.354267, 0.666737, 0.000000
52372000, 0.646874, 0.559661, 0.000000
52376000, 0.401531, 0.556960, 0.000001
52380000, 0.389571, 0.360007, 0.000000
52384000, 0.307553, 0.464636, -0.000002
52388000, 0.417270, 0.302488, -0.000002
52392000, 0.409591, 0.382507, 0.000001
52396000, 0.517100, 0.230611, -0.000000
52400000, 0.473376, 0.349032, 0.000000
52404000, 0.456569, 0.497550, 0.000000
52408000, 0.607478, 0.542590, 0.000000
52412000, 0.473842, 0.567239, -0.000000
52416000, 0.484671, 0.514032, -0.000002
52420000, 0.703527, 0.595999, -0.000001
52424000, 0.381399, 0.417982, 0.000002
52428000, 0.450990, 0.412706, 0.000001
52432000, 0.451638, 0.208111, 0.000001
52436000, 0.266379, 0.150945, 0.000001
52440000, 0.043969, 0.186488, -0.000001
52444000, 0.377737, 0.217317, 0.000001
52448000, 0.382132, 0.254951, -0.000002
52452000, 0.303513, 0.154704, 0.000001
52456000, 0.329763, 0.109206, 0.000000
52460000, 0.055196, 0.090977, 0.000001
52464000, 0.287191, 0.100517, 0.000001
52468000, 0.281363, 0.248819, -0.000000
52472000, 0.353611, 0.129374, -0.000002
52476000, 0.310965, 0.218086, -0.000001
52480000, 0.294837, 0.201046, -0.000000
52484000, 0.467911, 0.358740, -0.000002
52488000, 0.486092, 0.255775, -0.000000
52492000, 0.587673, 0.142442, 0.000002
52496000, 0.549120, 0.298690, 0.000001
52500000, 0.605382, 0.126270, 0.000001
52504000, 0.540346, 0.321215, 0.000002
52508000, 0.626255, 0.225918, -0.000001
52512000, 0.426356, 0.355584, -0.000000
52516000, 0.413137, 0.423434, 0.000001
52520000, 0.399497, 0.473840, 0.000000
52524000, 0.314618, 0.508743, 0.000002
52528000, 0.410175, 0.685054, 0.000000
52532000, 0.423704, 0.586486, -0.000000
52536000, 0.426795, 0.361510, 0.000000
52540000, 0.568977, 0.492016, -0.000000
52544000, 0.607048, 0.532274, -0.000001
52548000, 0.713546, 0.627584, 0.000002
52552000, 0.648790, 0.227842, 0.000001
52556000, 0.634454, 0.323303, -0.000002
52560000, 0.682426, 0.540602, -0.000001
52564000, 0.514699, 0.556776, -0.000001
52568000, 0.397132, 0.587624, 0.000001
52572000, 0.408317, 0.607808, 0.000002
52576000, 0.364936, 0.700267, -0.000001
52580000, 0.165661, 0.723926, -0.000001
52584000, 0.185078, 0.638548, -0.000001
52588000, 0.306365, 0.519959, -0.000000
52592000, 0.563400, 0.688432, 0.000001
52596000, 0.452853, 0.530235, -0.000000
52600000, 0.418319, 0.519589, -0.000000
52604000, 0.377078, 0.675647, -0.000003
52608000, 0.415981, 0.854533, -0.000001
52612000, 0.519088, 0.567070, -0.000001
52616000, 0.620081, 0.294832, -0.000000
52620000, 0.699956, 0.334801, -0.000001
52624000, 0.669701, 0.566988, -0.000001
52628000, 0.502558, 0.589120, -0.000001
52632000, 0.509755, 0.590900, -0.000000
52636000, 0.511674, 0.656356, 0.000001
52640000, 0.554838, 0.577590, 0.000003
52644000, 0.461892, 0.566648, 0.000000
52648000, 0.351748, 0.507313, -0.000002
52652000, 0.375245, 0.607464, -0.000000
52656000, 0.461065, 0.628772, -0.000000
52660000, 0.290129, 0.465181, -0.000000
52664000, 0.380762, 0.588178, 0.000001
52668000, 0.406469, 0.394676, 0.000001
52672000, 0.491742, 0.391481, 0.000001
52676000, 0.200958, 0.355029, 0.000002
52680000, 0.306009, 0.464868, -0.000001
52684000, 0.328700, 0.416606, -0.000000
52688000, 0.377780, 0.443887, 0.000000
52692000, 0.315735, 0.273858, 0.000000
52696000, 0.349721, 0.260471, -0.000002
52700000, 0.569552, 0.251153, 0.000001
52704000, 0.508629, 0.020825, 0.000000
52708000, 0.795906, 0.147616, 0.000001
52712000, 0.445456, 0.139612, -0.000001
52716000, 0.565351, 0.154602, 0.000002
52720000, 0.569059, 0.423224, 0.000001
52724000, 0.630974, 0.271115, 0.000001
52728000, 0.562434, 0.269280, -0.000001
52732000, 0.607986, 0.324166, 0.000001
52736000, 0.585685, 0.505088, -0.000000
52740000, 0.740092, 0.362783, 0.000000
52744000, 0.704211, 0.464508, 0.000004
52748000, 0.797058, 0.432573, 0.000000
52752000, 0.786322, 0.608238, 0.000001
52756000, 0.767523, 0.229360, -0.000002
52760000, 0.638252, 0.252237, -0.000000
52764000, 0.760010, 0.277845, -0.000003
52768000, 0.668110, 0.361226, -0.000001
52772000, 0.653592, 0.281430, -0.000001
52776000, 0.690220, 0.332103, -0.000001
52780000, 0.753039, 0.216042, -0.000001
52784000, 0.753389, -0.135221, -0.000000
52788000, 0.577895, -0.207880, -0.000000
52792000, 0.483111, 0.122673, -0.000003
52796000, 0.598205, 0.188655, -0.000002
52800000, 0.538645, 0.155659, -0.000002
52804000, 0.730931, 0.151896, 0.000002
52808000, 0.711356, 0.134369, 0.000001
52812000, 0.755949, 0.213174, 0.000001
52816000, 0.500415, 0.329915, -0.000000
52820000, 0.610192, 0.365258, 0.000003
52824000, 0.528925, 0.643110, -0.000001
52828000, 0.508438, 0.451059, 0.000001
52832000, 0.582306, -0.032269, -0.000002
52836000, 0.373511, 0.200241, 0.000001
52840000, 0.627481, 0.247016, 0.000000
52844000, 0.724158, 0.206487, -0.000002
52848000, 0.590907, 0.240853, -0.000000
52852000, 0.688750, 0.446676, 0.000002
52856000, 0.691584, 0.478013, 0.000001
52860000, 0.908419, 0.428329, -0.000001
52864000, 0.812485, 0.506086, 0.000001
52868000, 0.604300, 0.570078, -0.000001
52872000, 0.531414, 0.424565, -0.000000
52876000, 0.641896, 0.477069, -0.000000
52880000, 0.595414, 0.484275, -0.000000
52884000, 0.606111, 0.528806, 0.000001
52888000, 0.750185, 0.374043, 0.000000
52892000, 0.739664, 0.212562, 0.000001
52896000, 0.743614, 0.025886, -0.000000
52900000, 0.827993, 0.281284, 0.000001
52904000, 0.868137, 0.437933, -0.000000
52908000, 0.775574, 0.256670, -0.000001
52912000, 0.768838, 0.376230, -0.000003
52916000, 0.785457, 0.532684, 0.000001
52920000, 0.781377, 0.386538, -0.000000
52924000, 0.683926, 0.184686, -0.000000
52928000, 0.728977, 0.118589, 0.000001
52932000, 0.963338, 0.088891, 0.000000
52936000, 0.716963, 0.201179, -0.000000
52940000, 1.001096, 0.182942, 0.000001
52944000, 0.759565, 0.283863, -0.000001
52948000, 0.629263, 0.442976, 0.000000
52952000, 0.706763, 0.381625, -0.000001
52956000, 0.620473, 0.189147, -0.000000
52960000, 0.529608, 0.162539, -0.000001
52964000, 0.557920, 0.308556, 0.000002
52968000, 0.744548, 0.044016, -0.000001
52972000, 0.828779, -0.091054, -0.000001
52976000, 0.830844, -0.304943, -0.000002
52980000, 0.836800, 0.015992, 0.000001
52984000, 0.873652, 0.083823, 0.000000
52988000, 0.783842, 0.329803, -0.000000
52992000, 0.657543, 0.339659, -0.000002
52996000, 0.752537, 0.439028, 0.000000
53000000, 0.673602, 0.390689, 0.000002
53004000, 0.803128, 0.345404, 0.000000
53008000, 0.514367, 0.189553, 0.000001
53012000, 0.570222, 0.190949, 0.000001
53016000, 0.444429, 0.184481, -0.000001
53020000, 0.660856, 0.140162, -0.000002
53024000, 0.729894, -0.149937, -0.000002
53028000, 0.503937, -0.388836, 0.000002
53032000, 0.576375, -0.526214, -0.000001
53036000, 0.449893, -0.335088, 0.000001
53040000, 0.477140, -0.693488, 0.000002
53044000, 0.398061, -0.730967, -0.000000
53048000, 0.512370, -0.516716, 0.000001
53052000, 0.382294, -0.577228, 0.000000
53056000, 0.365876, -0.595215, -0.000001
53060000, 0.397902, -0.522450, -0.000001
53064000, 0.589584, -0.437018, 0.000001
53068000, 0.560765, -0.300385, 0.000001
53072000, 0.633800, -0.430309, 0.000001
53076000, 0.684379, -0.051826, -0.000001
53080000, 0.773282, 0.091084, -0.000001
53084000, 0.839572, 0.080017, 0.000000
53088000, 0.600659, 0.331719, -0.000001
53092000, 0.453113, 0.318945, -0.000001
53096000, 0.552425, 0.322536, -0.000001
53100000, 0.768180, 0.050858, 0.000002
53104000, 0.524041, 0.312063, -0.000001
53108000, 0.633170, -0.060873, -0.000001
53112000, 0.677588, 0.098631, 0.000002
53116000, 0.744559, -0.105474, 0.000000
53120000, 0.691328, -0.345667, 0.000000
53124000, 0.431091, -0.552517, -0.000000
53128000, 0.377069, -0.396918, -0.000001
53132000, 0.316405, -0.412134, 0.000001
53136000, 0.517872, -0.451546, 0.000001
53140000, 0.471784, -0.328220, -0.000001
53144000, 0.563857, -0.145116, 0.000003
53148000, 0.334881, -0.247843, 0.000001
53152000, 0.338806, 0.078600, 0.000000
53156000, 0.263246, 0.116222, -0.000003
53160000, 0.159439, 0.088160, 0.000001
53164000, 0.233685, -0.140767, 0.000001
53168000, 0.397106, -0.176400, 0.000000
53172000, 0.448337, 0.071284, 0.000000
53176000, 0.407877, 0.040729, 0.000001
53180000, 0.380234, 0.015729, -0.000004
53184000, 0.284812, 0.115446, 0.000001
53188000, 0.334881, 0.092618, 0.000000
53192000, 0.316378, -0.059316, -0.000002
53196000, 0.289111, 0.087260, 0.000000
53200000, 0.253546, -0.112580, 0.000000
53204000, 0.248969, -0.303786, -0.000001
53208000, 0.385835, -0.247577, 0.000002
53212000, 0.181012, -0.013357, -0.000001
53216000, 0.389480, 0.055388, 0.000001
53220000, 0.394432, 0.001071, 0.000000
53224000, 0.310196, -0.008299, 0.000000
53228000, 0.602801, 0.017130, -0.000001
53232000, 0.360269, -0.054100, -0.000002
53236000, 0.355603, 0.055258, 0.000001
53240000, 0.568402, 0.034447, 0.000000
53244000, 0.276722, -0.088603, -0.000000
53248000, 0.376171, -0.242324, 0.000001
53252000, 0.338058, -0.170150, -0.000001
53256000, 0.279751, -0.325797, 0.000000
53260000, 0.458212, -0.402635, -0.000001
53264000, 0.503206, -0.432192, 0.000002
53268000, 0.198721, -0.526459, 0.000001
53272000, 0.242243, -0.478640, -0.000001
53276000, 0.176755, -0.620385, 0.000001
53280000, 0.329051, -0.437505, -0.000001
53284000, 0.315509, -0.501051, 0.000000
53288000, -0.104143, -0.651245, 0.000002
53292000, -0.311132, -0.668758, -0.000001
53296000, -0.416522, -0.724295, -0.000000
53300000, -0.350722, -0.602515, -0.000001
53304000, -0.262705, -0.346952, 0.000001
53308000, -0.129953, -0.184459, 0.000001
53312000, -0.055699, -0.190367, -0.000001
53316000, 0.016972, -0.292509, -0.000001
53320000, -0.234697, -0.413689, 0.000002
53324000, -0.173918, -0.421202, 0.000001
53328000, -0.182377, -0.358142, -0.000002
53332000, -0.134422, -0.459050, -0.000000
53336000, -0.037458, -0.189588, 0.000001
53340000, 0.036287, -0.121805, -0.000000
53344000, -0.073533, -0.048141, -0.000002
53348000, -0.113112, -0.334973, -0.000001
53352000, -0.224994, -0.582596, 0.000001
53356000, -0.461948, -0.660979, -0.000002
53360000, -0.224668, -0.730510, 0.000000
53364000, -0.208234, -0.768947, -0.000001
53368000, -0.198168, -0.724927, -0.000000
53372000, -0.325110, -0.795585, 0.000001
53376000, -0.171535, -0.804555, 0.000001
53380000, -0.133384, -0.776674, 0.000001
53384000, -0.040703, -0.491263, -0.000002
53388000, 0.048912, -0.551106, 0.000001
53392000, -0.176438, -0.727296, -0.000001
53396000, -0.105811, -0.976707, -0.000001
53400000, 0.193205, -0.909386, -0.000000
53404000, 0.013638, -0.653988, -0.000000
53408000, 0.000401, -0.758221, -0.000000
53412000, 0.303517, -0.644163, -0.000001
53416000, 0.197778, -0.819616, -0.000000
53420000, -0.131791, -0.619201, 0.000003
53424000, 0.028156, -0.464286, 0.000001
53428000, -0.055058, -0.694347, 0.000001
53432000, -0.104870, -0.386780, 0.000001
53436000, 0.420251, -0.451395, 0.000000
53440000, 0.400709, -0.189481, 0.000000
53444000, 0.288440, -0.249355, 0.000001
53448000, 0.340571, -0.221676, 0.000001
53452000, 0.165772, -0.133970, 0.000001
53456000, 0.124812, -0.272555, -0.000002
53460000, 0.176594, -0.543732, 0.000001
53464000, 0.157571, -0.662100, 0.000001
53468000, -0.005989, -0.675921, -0.000000
53472000, 0.048284, -0.489366, 0.000001
53476000, 0.050856, -0.596298, 0.000000
53480000, 0.126786, -0.345823, -0.000001
53484000, 0.129013, -0.379142, -0.000002
53488000, 0.223635, -0.480892, 0.000001
53492000, 0.263704, -0.603101, -0.000002
53496000, 0.345038, -0.340616, 0.000001
53500000, 0.410539, -0.375438, -0.000001
53504000, 0.483786, -0.386001, 0.000001
53508000, 0.531103, -0.424090, 0.000001
53512000, 0.627603, -0.484296, -0.000000
53516000, 0.557134, -0.479864, 0.000000
53520000, 0.489309, -0.601395, -0.000001
53524000, 0.551373, -0.487435, 0.000000
53528000, 0.443339, -0.670494, -0.000001
53532000, 0.145501, -0.626996, 0.000002
53536000, 0.380432, -0.583992, -0.000001
53540000, 0.168819, -0.431500, 0.000001
53544000, 0.038223, -0.388506, 0.000000
53548000, 0.062665, -0.272622, -0.000001
53552000, 0.217751, -0.314979, -0.000001
53556000, 0.290432, -0.372035, -0.000000
53560000, 0.128704, -0.479903, 0.000000
53564000, -0.172671, -0.584116, -0.000001
53568000, -0.050793, -0.617446, -0.000001
53572000, 0.004303, -0.648172, 0.000001
53576000, -0.069357, -0.651550, 0.000001
53580000, 0.104977, -0.687763, -0.000000
53584000, 0.295575, -0.604285, 0.000000
53588000, 0.149610, -0.645141, 0.000001
53592000, 0.198972, -0.727243, 0.000001
53596000, 0.276737, -0.754779, 0.000002
53600000, 0.072665, -0.918277, 0.000001
53604000, -0.129536, -0.935553, 0.000001
53608000, 0.254974, -0.820396, 0.000001
53612000, 0.185743, -0.818398, -0.000003
53616000, 0.031133, -0.754514, 0.000003
53620000, 0.097376, -0.624431, 0.000003
53624000, 0.036138, -0.699289, -0.000000
53628000, 0.016653, -0.615683, -0.000000
53632000, 0.191116, -0.679534, 0.000000
53636000, 0.048377, -0.732281, 0.000001
53640000, 0.085250, -0.758040, -0.000001
53644000, -0.015678, -0.658212, 0.000001
53648000, 0.069484, -0.489984, -0.000000
53652000, -0.034863, -0.495995, 0.000001
53656000, 0.161406, -0.414798, -0.000001
53660000, 0.179513, -0.265560, 0.000002
53664000, 0.045476, -0.432709, -0.000001
53668000, 0.009592, -0.149202, -0.000002
53672000, 0.009217, -0.352033, -0.000001
53676000, -0.341747, -0.212047, 0.000000
53680000, -0.381418, -0.345417, 0.000001
53684000, -0.418649, -0.380056, 0.000000
53688000, -0.294727, -0.259011, 0.000001
53692000, -0.265868, -0.360869, 0.000001
53696000, -0.348240, -0.381369, 0.000001
53700000, -0.423805, -0.330045, -0.000002
53704000, -0.381632, -0.407363, 0.000000
53708000, -0.367614, -0.458642, -0.000001
53712000, -0.326873, -0.352361, -0.000001
53716000, -0.391972, -0.438902, 0.000000
53720000, -0.129940, -0.550689, -0.000001
53724000, -0.251921, -0.601005, 0.000000
53728000, -0.253626, -0.637262, 0.000000
53732000, -0.057913, -0.611543, 0.000000
53736000, -0.344438, -0.645192, 0.000001
53740000, -0.066747, -0.456814, -0.000001
53744000, -0.213029, -0.394760, -0.000001
53748000, -0.295509, -0.405020, -0.000001
53752000, -0.189008, -0.491347, -0.000000
