Time Step, x CoM, y CoM, z CoM
13752000, -0.735654, -0.034053, -0.000001
13756000, -0.667397, 0.167982, 0.000000
13760000, -0.733282, 0.466374, 0.000001
13764000, -0.785989, 0.267693, -0.000001
13768000, -0.677410, 0.048673, 0.000001
13772000, -0.930855, 0.134044, -0.000001
13776000, -0.878968, 0.260843, 0.000002
13780000, -0.783921, 0.162675, -0.000002
13784000, -0.792670, 0.147081, 0.000002
13788000, -0.683677, 0.274474, 0.000001
13792000, -0.649768, 0.114757, -0.000000
13796000, -0.616039, 0.267285, -0.000002
13800000, -0.762752, 0.244856, -0.000002
13804000, -0.616817, 0.423722, 0.000000
13808000, -0.675182, 0.325962, 0.000001
13812000, -0.719362, 0.320137, -0.000002
13816000, -0.595301, 0.082974, -0.000001
13820000, -0.543062, -0.086142, 0.000000
13824000, -0.480252, -0.129249, 0.000000
13828000, -0.478950, 0.036270, 0.000001
13832000, -0.596242, 0.055813, -0.000002
13836000, -0.604730, -0.066382, -0.000001
13840000, -0.572011, -0.129456, -0.000001
13844000, -0.509704, -0.185180, 0.000001
13848000, -0.547981, -0.297649, 0.000001
13852000, -0.598872, -0.193183, 0.000000
13856000, -0.682857, -0.253360, 0.000001
13860000, -0.777172, -0.017864, 0.000001
13864000, -0.695566, -0.065138, 0.000002
13868000, -0.681729, 0.458937, -0.000000
13872000, -0.614621, 0.282938, 0.000002
13876000, -0.785780, 0.299048, -0.000001
13880000, -0.711261, 0.424630, -0.000002
13884000, -0.296005, 0.588272, -0.000001
13888000, -0.414214, 0.731705, -0.000001
13892000, -0.514025, 0.694592, 0.000000
13896000, -0.583246, 0.645318, 0.000000
13900000, -0.695442, 0.545720, -0.000001
13904000, -0.536450, 0.502817, 0.000000
13908000, -0.597934, 0.619423, -0.000001
13912000, -0.831964, 0.406799, 0.000001
13916000, -0.627448, 0.330355, 0.000001
13920000, -0.671494, 0.548081, 0.000001
13924000, -0.725688, 0.449953, -0.000001
13928000, -0.726523, 0.436323, -0.000000
13932000, -0.731126, 0.457798, 0.000000
13936000, -0.695514, 0.234094, 0.000001
13940000, -0.691316, 0.406076, -0.000002
13944000, -0.645939, 0.380885, -0.000000
13948000, -0.573929, 0.384050, 0.000000
13952000, -0.741324, 0.294279, 0.000003
13956000, -0.621525, 0.612142, 0.000001
13960000, -0.720497, 0.382255, 0.000002
13964000, -0.500742, 0.363658, 0.000001
13968000, -0.585276, 0.376481, -0.000000
13972000, -0.504179, 0.622504, 0.000000
13976000, -0.377167, 0.557128, -0.000001
13980000, -0.292977, 0.621120, -0.000001
13984000, -0.199258, 0.562817, -0.000000
13988000, -0.167800, 0.524996, 0.000001
13992000, -0.177872, 0.761002, -0.000001
13996000, -0.167978, 0.694929, 0.000001
14000000, -0.179754, 0.715835, 0.000001
14004000, -0.177951, 0.740285, 0.000001
14008000, -0.353506, 0.627324, -0.000002
14012000, -0.326553, 0.566061, -0.000001
14016000, -0.315764, 0.708268, -0.000002
14020000, -0.181616, 0.727462, 0.000001
14024000, -0.052829, 0.666659, 0.000001
14028000, -0.165400, 0.718767, 0.000001
14032000, -0.434513, 0.668238, 0.000001
14036000, -0.242455, 0.761134, 0.000002
14040000, -0.448792, 0.719337, -0.000003
14044000, -0.239124, 0.756690, 0.000000
14048000, -0.175146, 0.852941, 0.000001
14052000, -0.269563, 0.709060, 0.000000
14056000, -0.511167, 0.718843, 0.000001
14060000, -0.417883, 0.806264, -0.000001
14064000, -0.665404, 0.557748, 0.000000
14068000, -0.645511, 0.384111, -0.000000
14072000, -0.634293, 0.322410, 0.000002
14076000, -0.541395, 0.225965, -0.000000
14080000, -0.458763, 0.277888, -0.000000
14084000, -0.502582, 0.490883, 0.000001
14088000, -0.464384, 0.572985, -0.000001
14092000, -0.334022, 0.337900, -0.000000
14096000, -0.502491, 0.340751, -0.000002
14100000, -0.310979, 0.323551, 0.000000
14104000, -0.246180, 0.514350, 0.000001
14108000, -0.474022, 0.348075, -0.000000
14112000, -0.391786, 0.322544, -0.000001
14116000, -0.349241, 0.264034, 0.000000
14120000, -0.270699, 0.384420, -0.000000
14124000, -0.242846, 0.405146, -0.000002
14128000, -0.474058, 0.462123, -0.000001
14132000, -0.193761, 0.308963, -0.000001
14136000, -0.301548, 0.301914, -0.000000
14140000, -0.302936, 0.327899, -0.000000
14144000, -0.219517, 0.491877, -0.000000
14148000, -0.156560, 0.413603, -0.000001
14152000, 0.031165, 0.459738, 0.000001
14156000, 0.185485, 0.345560, -0.000002
14160000, -0.021785, 0.400020, 0.000000
14164000, 0.134790, 0.375460, 0.000001
14168000, 0.273529, 0.397112, -0.000001
14172000, 0.203814, 0.414602, 0.000001
14176000, 0.116003, 0.502241, -0.000000
14180000, 0.217801, 0.449582, -0.000000
14184000, 0.075361, 0.222454, -0.000000
14188000, 0.022616, 0.361168, 0.000001
14192000, 0.082417, 0.273446, -0.000002
14196000, 0.168995, 0.403340, 0.000003
14200000, -0.062380, 0.450886, -0.000001
14204000, -0.153916, 0.304732, 0.000000
14208000, -0.264946, 0.485658, -0.000001
14212000, -0.332578, 0.418684, 0.000001
14216000, -0.165380, 0.617735, 0.000000
14220000, -0.236681, 0.646769, -0.000003
14224000, -0.341113, 0.642817, -0.000001
14228000, -0.142638, 0.720334, 0.000000
14232000, -0.137602, 0.735874, -0.000002
14236000, 0.002993, 0.749315, 0.000001
14240000, -0.037954, 0.561442, -0.000001
14244000, 0.188301, 0.707203, 0.000000
14248000, 0.275665, 0.705161, -0.000000
14252000, 0.178275, 0.521997, 0.000001
14256000, 0.294329, 0.652833, 0.000000
14260000, 0.293263, 0.621500, -0.000001
14264000, 0.142891, 0.536226, -0.000000
14268000, -0.000269, 0.664164, -0.000000
14272000, -0.250090, 0.611787, -0.000001
14276000, -0.076464, 0.562088, 0.000001
14280000, -0.085607, 0.495103, 0.000000
14284000, -0.309875, 0.383689, 0.000001
14288000, -0.142442, 0.284183, -0.000001
14292000, -0.073069, 0.417071, -0.000000
14296000, -0.331253, 0.294515, 0.000002
14300000, -0.230299, 0.341677, 0.000001
14304000, -0.205407, 0.285502, 0.000001
14308000, 0.023339, 0.311365, -0.000001
14312000, -0.130709, 0.343304, -0.000000
14316000, 0.080334, 0.382792, -0.000001
14320000, 0.001022, 0.681886, 0.000002
14324000, -0.090508, 0.371673, -0.000001
14328000, 0.033410, 0.342956, 0.000000
14332000, 0.204672, 0.302587, 0.000001
14336000, 0.166384, 0.173884, 0.000001
14340000, 0.147785, 0.234989, 0.000000
14344000, 0.252726, 0.327668, -0.000000
14348000, 0.163586, 0.032323, -0.000001
14352000, 0.264844, 0.146906, 0.000001
14356000, 0.352464, 0.151230, 0.000001
14360000, 0.175109, 0.040932, 0.000000
14364000, 0.254373, 0.224184, 0.000000
14368000, 0.287374, 0.090648, 0.000002
14372000, 0.187274, 0.171622, -0.000000
14376000, 0.017808, 0.306733, -0.000000
14380000, -0.035175, 0.414582, -0.000001
14384000, -0.040026, 0.049042, -0.000001
14388000, 0.081329, 0.246373, -0.000002
14392000, 0.175780, 0.239137, 0.000001
14396000, 0.335214, 0.366402, -0.000001
14400000, 0.229186, 0.207645, 0.000001
14404000, 0.342910, 0.321832, 0.000001
14408000, 0.315553, 0.234835, 0.000001
14412000, 0.358549, 0.305179, -0.000001
14416000, 0.209888, 0.232217, -0.000002
14420000, 0.060061, 0.351166, 0.000000
14424000, 0.155784, 0.368033, -0.000000
14428000, 0.253508, 0.288244, -0.000000
14432000, 0.180935, 0.213563, -0.000002
14436000, 0.202943, 0.174060, -0.000002
14440000, 0.130492, 0.105754, 0.000001
14444000, -0.052255, 0.121231, -0.000000
14448000, -0.047504, -0.003758, 0.000001
14452000, -0.038361, -0.006497, 0.000000
14456000, 0.226287, -0.023170, 0.000000
14460000, 0.099432, 0.127483, 0.000000
14464000, 0.063473, 0.023170, -0.000001
14468000, 0.181318, 0.068956, 0.000001
14472000, 0.036486, 0.181155, 0.000001
14476000, 0.276482, 0.270050, 0.000001
14480000, 0.208634, 0.232124, -0.000001
14484000, 0.108387, 0.262790, -0.000001
14488000, 0.113283, 0.039017, 0.000000
14492000, 0.226013, 0.110045, 0.000001
14496000, 0.313169, 0.345897, -0.000000
14500000, 0.165963, 0.166863, -0.000001
14504000, 0.191585, 0.332321, -0.000001
14508000, 0.236702, 0.391762, 0.000001
14512000, 0.316095, 0.264221, 0.000001
14516000, 0.558211, 0.067771, 0.000001
14520000, 0.394430, 0.037416, -0.000002
14524000, 0.492188, 0.000693, 0.000002
14528000, 0.370855, 0.167667, 0.000002
14532000, 0.206292, -0.165461, -0.000001
14536000, 0.581997, -0.153408, 0.000001
14540000, 0.358453, -0.094526, -0.000000
14544000, 0.238840, -0.056055, 0.000001
14548000, 0.281193, 0.042318, -0.000000
14552000, 0.294447, 0.086453, 0.000000
14556000, 0.305699, 0.104423, -0.000000
14560000, 0.361131, 0.080504, -0.000002
14564000, 0.475236, 0.250847, -0.000000
14568000, 0.446585, 0.154795, 0.000000
14572000, 0.328734, 0.280347, -0.000001
14576000, 0.309387, 0.370407, -0.000000
14580000, 0.330918, 0.315597, 0.000001
14584000, 0.216559, 0.280060, -0.000001
14588000, 0.139874, 0.152620, 0.000002
14592000, 0.128810, 0.149347, -0.000001
14596000, -0.016091, 0.299387, -0.000001
14600000, 0.107162, 0.389251, 0.000001
14604000, -0.081598, 0.327677, 0.000002
14608000, -0.002376, 0.191965, 0.000000
14612000, 0.043782, -0.032956, 0.000001
14616000, -0.031600, 0.140420, 0.000001
14620000, -0.063269, 0.114285, -0.000003
14624000, 0.106168, -0.019147, -0.000001
14628000, 0.111111, 0.278386, 0.000002
14632000, -0.145025, 0.338615, 0.000001
14636000, 0.033133, 0.333289, -0.000001
14640000, -0.021450, 0.238696, -0.000002
14644000, -0.191544, 0.503882, -0.000000
14648000, -0.235911, 0.490337, 0.000001
14652000, -0.151097, 0.657817, -0.000001
14656000, 0.139597, 0.629273, -0.000000
14660000, 0.361514, 0.662614, 0.000000
14664000, 0.033981, 0.759427, 0.000002
14668000, 0.351004, 0.660836, 0.000000
14672000, 0.103328, 0.736139, -0.000001
14676000, -0.086323, 0.722038, 0.000001
14680000, -0.058354, 0.858883, -0.000000
14684000, -0.215913, 0.883745, -0.000002
14688000, 0.037571, 0.718144, -0.000002
14692000, 0.170709, 0.808561, -0.000002
14696000, -0.209529, 0.792477, -0.000001
14700000, -0.336796, 0.683111, -0.000001
14704000, -0.164694, 0.678800, 0.000002
14708000, -0.022159, 0.712329, -0.000001
14712000, -0.084152, 0.699730, -0.000001
14716000, -0.159654, 0.782588, 0.000001
14720000, -0.006731, 0.741557, -0.000001
14724000, 0.011307, 0.925567, 0.000002
14728000, -0.216984, 0.832539, -0.000001
14732000, -0.189492, 0.804647, 0.000001
14736000, -0.339310, 0.806876, -0.000001
14740000, -0.339936, 0.755530, -0.000001
14744000, -0.428648, 0.615500, 0.000000
14748000, -0.552138, 0.422352, -0.000001
14752000, -0.554697, 0.342434, 0.000001
14756000, -0.408943, 0.394163, -0.000000
14760000, -0.525067, 0.225111, -0.000001
14764000, -0.409465, 0.466928, 0.000001
14768000, -0.503477, 0.355410, -0.000002
14772000, -0.384842, 0.528275, 0.000001
14776000, -0.235701, 0.480767, -0.000002
14780000, -0.137649, 0.432107, -0.000002
14784000, -0.125050, 0.398672, -0.000002
14788000, -0.119229, 0.559803, -0.000001
14792000, -0.020928, 0.395370, -0.000000
14796000, 0.068189, 0.464834, 0.000002
14800000, 0.048764, 0.404842, 0.000002
14804000, -0.107726, 0.509703, -0.000001
14808000, -0.176637, 0.456246, 0.000000
14812000, -0.104618, 0.448627, 0.000001
14816000, -0.183373, 0.510731, -0.000001
14820000, -0.278501, 0.304044, -0.000001
14824000, -0.321094, 0.378506, -0.000001
14828000, -0.209706, 0.406099, -0.000001
14832000, -0.011891, 0.550032, -0.000000
14836000, -0.034961, 0.685121, 0.000000
14840000, 0.217266, 0.532075, -0.000000
14844000, 0.083618, 0.597117, -0.000000
14848000, 0.147252, 0.646658, 0.000002
14852000, 0.299398, 0.661533, 0.000000
14856000, 0.344554, 0.518061, -0.000002
14860000, 0.077015, 0.688352, -0.000001
14864000, 0.075462, 0.607268, -0.000002
14868000, 0.013012, 0.635427, 0.000001
14872000, -0.024729, 0.740720, -0.000001
14876000, -0.006907, 0.724194, -0.000002
14880000, -0.123781, 0.835387, 0.000001
14884000, -0.062873, 0.736300, -0.000001
14888000, 0.320883, 0.691528, -0.000001
14892000, 0.338959, 0.704910, -0.000001
14896000, 0.334076, 0.504214, -0.000001
14900000, 0.263142, 0.670675, -0.000002
14904000, 0.167939, 0.513920, 0.000000
14908000, 0.260572, 0.455687, 0.000000
14912000, -0.052548, 0.638768, 0.000000
14916000, 0.237986, 0.511931, -0.000001
14920000, 0.206069, 0.516033, -0.000001
14924000, 0.104432, 0.638775, -0.000001
14928000, -0.127565, 0.422044, 0.000003
14932000, -0.108567, 0.657132, 0.000001
14936000, -0.058994, 0.702808, 0.000001
14940000, 0.061411, 0.685063, -0.000001
14944000, -0.002399, 0.672868, 0.000001
14948000, -0.151126, 0.634849, -0.000000
14952000, -0.189098, 0.686207, 0.000002
14956000, -0.013642, 0.707336, 0.000001
14960000, -0.180316, 0.531777, -0.000001
14964000, -0.345195, 0.736154, -0.000001
14968000, -0.462689, 0.513089, -0.000001
14972000, -0.544834, 0.387896, -0.000000
14976000, -0.487718, 0.316030, -0.000001
14980000, -0.641042, 0.550882, 0.000000
14984000, -0.673618, 0.258232, -0.000001
14988000, -0.819139, 0.071034, 0.000000
14992000, -0.734762, 0.139218, -0.000001
14996000, -0.791227, 0.139810, -0.000002
15000000, -0.773066, 0.030354, -0.000000
15004000, -0.720266, 0.197106, 0.000000
15008000, -0.764897, 0.351527, -0.000000
15012000, -0.648223, 0.572891, -0.000000
15016000, -0.473740, 0.814497, -0.000001
15020000, -0.889597, 0.503965, 0.000000
15024000, -0.783705, 0.193922, 0.000001
15028000, -0.649304, 0.302901, 0.000002
15032000, -0.689469, 0.223756, 0.000002
15036000, -0.796640, -0.081219, -0.000000
15040000, -0.777655, 0.015622, -0.000001
15044000, -0.821734, 0.032592, 0.000002
15048000, -0.661753, -0.051655, 0.000000
15052000, -0.710067, -0.153000, -0.000001
15056000, -0.708118, -0.333476, 0.000003
15060000, -0.506997, -0.118264, 0.000001
15064000, -0.389537, -0.338352, -0.000001
15068000, -0.403571, -0.120291, -0.000000
15072000, -0.528109, -0.233974, 0.000001
15076000, -0.640937, -0.168134, 0.000001
15080000, -0.537319, -0.010733, 0.000001
15084000, -0.674528, -0.049573, -0.000000
15088000, -0.703350, -0.059289, 0.000000
15092000, -0.660103, -0.105704, 0.000000
15096000, -0.541493, -0.124214, 0.000001
15100000, -0.522040, -0.151837, 0.000001
15104000, -0.617569, -0.113053, -0.000003
15108000, -0.614183, -0.045673, -0.000001
15112000, -0.658667, -0.201110, 0.000002
15116000, -0.687363, -0.270630, -0.000001
15120000, -0.475449, -0.300441, 0.000001
15124000, -0.573958, -0.320997, 0.000001
15128000, -0.440950, -0.303680, -0.000001
15132000, -0.535338, -0.333141, -0.000001
15136000, -0.552952, -0.374384, -0.000001
15140000, -0.572560, -0.585017, 0.000001
15144000, -0.264349, -0.585404, -0.000001
15148000, -0.171065, -0.810219, -0.000000
15152000, -0.259304, -0.880089, 0.000000
15156000, -0.039012, -0.846231, 0.000000
15160000, -0.004002, -0.826512, 0.000001
15164000, 0.220402, -0.835422, -0.000000
15168000, 0.319504, -0.487413, -0.000000
15172000, 0.032883, -0.613964, 0.000000
15176000, -0.039484, -0.562136, 0.000000
15180000, 0.067361, -0.595872, 0.000001
15184000, -0.028196, -0.545100, 0.000001
15188000, -0.072912, -0.800726, -0.000001
15192000, -0.243626, -0.705127, 0.000000
15196000, -0.342468, -0.657211, 0.000002
15200000, -0.224964, -0.693848, -0.000000
15204000, -0.386529, -0.612233, 0.000002
15208000, -0.156616, -0.794657, 0.000001
15212000, -0.057392, -0.864332, -0.000001
15216000, -0.013053, -0.834267, 0.000001
15220000, 0.289226, -0.789346, -0.000000
15224000, 0.211391, -0.653208, 0.000001
15228000, 0.439603, -0.547264, -0.000002
15232000, 0.390823, -0.586821, -0.000001
15236000, 0.392076, -0.462927, 0.000002
15240000, 0.432086, -0.494350, 0.000002
15244000, 0.584953, -0.223362, 0.000001
15248000, 0.526459, -0.448401, 0.000000
15252000, 0.588965, -0.395173, 0.000001
15256000, 0.613357, -0.357467, -0.000000
15260000, 0.689051, -0.301604, -0.000000
15264000, 0.611718, -0.305668, 0.000000
15268000, 0.180742, -0.150347, -0.000002
15272000, 0.211250, -0.052565, 0.000002
15276000, 0.363861, -0.148619, -0.000002
15280000, 0.321491, -0.175061, -0.000001
15284000, 0.351767, -0.227334, -0.000002
15288000, 0.302322, -0.040885, -0.000001
15292000, 0.638147, -0.341230, -0.000001
15296000, 0.578028, -0.462843, -0.000001
15300000, 0.600029, -0.453047, -0.000002
15304000, 0.747062, -0.373274, -0.000001
15308000, 0.754025, -0.487078, -0.000001
15312000, 0.402784, -0.673291, 0.000001
15316000, 0.546358, -0.762289, -0.000001
15320000, 0.528842, -0.588399, -0.000001
15324000, 0.439190, -0.503295, 0.000000
15328000, 0.445080, -0.446801, -0.000001
15332000, 0.450632, -0.599520, -0.000001
15336000, 0.304166, -0.537030, -0.000000
15340000, 0.361745, -0.579224, -0.000001
15344000, 0.173115, -0.792725, -0.000002
15348000, 0.284113, -0.714948, -0.000001
15352000, 0.315961, -0.779818, 0.000001
15356000, 0.405261, -0.781701, -0.000001
15360000, 0.556199, -0.772987, -0.000002
15364000, 0.527645, -0.412067, 0.000002
15368000, 0.535882, -0.552168, -0.000001
15372000, 0.613584, -0.245258, -0.000002
15376000, 0.599828, -0.280975, -0.000000
15380000, 0.629973, -0.426036, -0.000000
15384000, 0.346895, -0.364273, -0.000000
15388000, 0.321361, -0.332765, -0.000000
15392000, 0.332864, -0.182409, 0.000001
15396000, 0.296947, -0.571577, -0.000001
15400000, 0.402631, -0.344624, -0.000000
15404000, 0.394792, -0.329049, -0.000002
15408000, 0.384707, -0.545409, -0.000001
15412000, 0.148499, -0.664647, 0.000003
15416000, 0.296190, -0.489102, 0.000000
15420000, 0.069471, -0.542042, -0.000001
15424000, 0.150995, -0.496337, -0.000002
15428000, 0.149700, -0.475837, -0.000001
15432000, 0.058762, -0.561861, -0.000000
15436000, 0.116943, -0.593164, 0.000000
15440000, 0.176109, -0.754784, -0.000001
15444000, 0.327022, -0.685819, 0.000001
15448000, 0.392635, -0.716002, 0.000000
15452000, 0.570081, -0.500553, -0.000001
15456000, 0.512474, -0.319504, -0.000000
15460000, 0.454910, -0.469092, 0.000003
15464000, 0.149363, -0.504713, -0.000000
15468000, 0.262785, -0.504343, -0.000001
15472000, 0.137317, -0.510762, 0.000000
15476000, 0.165242, -0.609927, -0.000000
15480000, 0.185406, -0.579455, -0.000000
15484000, 0.233380, -0.252019, -0.000002
15488000, 0.125242, -0.239458, 0.000001
15492000, -0.017181, -0.364051, -0.000000
15496000, 0.059954, -0.463567, -0.000000
15500000, 0.087615, -0.504083, 0.000000
15504000, 0.099706, -0.580882, 0.000000
15508000, 0.211982, -0.647497, -0.000001
15512000, -0.176511, -0.562013, -0.000000
15516000, -0.096695, -0.587422, 0.000000
15520000, -0.182411, -0.623559, -0.000001
15524000, -0.216873, -0.639576, 0.000000
15528000, -0.354617, -0.499015, 0.000000
15532000, -0.222664, -0.429946, -0.000002
15536000, -0.255427, -0.445860, 0.000001
15540000, -0.322973, -0.318843, -0.000000
15544000, -0.211487, -0.348672, -0.000001
15548000, -0.124256, -0.450689, 0.000002
15552000, -0.154047, -0.609174, 0.000001
15556000, -0.087328, -0.758022, 0.000002
15560000, 0.269845, -0.605779, 0.000002
15564000, 0.293054, -0.605989, 0.000001
15568000, 0.218821, -0.671897, 0.000000
15572000, 0.116170, -0.620178, -0.000002
15576000, -0.064546, -0.668289, 0.000000
15580000, -0.095796, -0.594499, -0.000002
15584000, 0.027808, -0.617707, 0.000000
15588000, -0.251383, -0.662233, 0.000001
15592000, 0.004340, -0.624020, -0.000002
15596000, 0.145014, -0.663714, 0.000001
15600000, 0.310648, -0.538320, -0.000001
15604000, 0.439764, -0.392649, 0.000001
15608000, 0.629770, -0.276607, 0.000001
15612000, 0.587873, -0.487261, 0.000000
15616000, 0.403747, -0.357912, 0.000001
15620000, 0.327190, -0.439902, -0.000001
15624000, 0.342885, -0.394757, -0.000001
15628000, 0.436870, -0.287065, 0.000000
15632000, 0.156783, -0.456119, -0.000001
15636000, -0.016056, -0.563324, 0.000002
15640000, 0.328481, -0.604591, -0.000001
15644000, 0.058962, -0.511596, 0.000001
15648000, 0.072654, -0.506479, -0.000001
15652000, 0.135664, -0.387799, 0.000001
15656000, -0.056119, -0.496561, 0.000002
15660000, 0.052463, -0.456101, -0.000002
15664000, 0.072170, -0.609153, 0.000001
15668000, 0.112368, -0.597638, 0.000000
15672000, 0.345464, -0.272073, 0.000002
15676000, 0.360898, -0.358135, 0.000001
15680000, 0.382206, -0.238048, -0.000001
15684000, 0.287891, -0.464256, -0.000000
15688000, 0.162703, -0.447162, -0.000000
15692000, 0.284995, -0.473184, -0.000002
15696000, 0.368151, -0.454317, -0.000000
15700000, 0.539481, -0.324058, 0.000000
15704000, 0.329034, -0.387666, 0.000001
15708000, 0.323129, -0.163776, 0.000001
15712000, 0.307275, -0.258830, 0.000001
15716000, 0.499117, -0.458092, -0.000001
15720000, 0.327000, -0.294055, -0.000001
15724000, 0.401871, -0.251557, -0.000001
15728000, 0.513202, -0.275456, -0.000001
15732000, 0.644704, -0.137453, 0.000003
15736000, 0.490486, -0.173912, -0.000001
15740000, 0.391407, -0.424925, 0.000001
15744000, 0.412459, -0.488378, 0.000003
15748000, 0.282410, -0.429863, -0.000001
15752000, 0.376357, -0.510219, 0.000002
15756000, 0.320571, -0.290282, -0.000000
15760000, 0.341767, -0.291813, 0.000000
15764000, 0.437082, -0.374607, -0.000002
15768000, 0.438807, -0.473038, -0.000003
15772000, 0.291888, -0.451373, 0.000000
15776000, 0.316094, -0.297198, -0.000000
15780000, 0.439616, -0.059245, -0.000001
15784000, 0.493469, -0.005755, -0.000002
15788000, 0.431440, -0.171769, 0.000002
15792000, 0.511352, -0.048449, -0.000001
15796000, 0.446878, -0.020455, 0.000001
15800000, 0.466447, -0.035035, 0.000000
15804000, 0.472886, -0.038203, -0.000001
15808000, 0.391251, -0.034451, 0.000000
15812000, 0.490829, -0.193734, 0.000001
15816000, 0.312592, 0.116209, 0.000000
15820000, 0.237089, 0.131707, 0.000000
15824000, 0.174941, 0.329612, 0.000001
15828000, 0.230892, 0.378183, 0.000000
15832000, 0.367253, 0.311979, -0.000003
15836000, 0.333551, 0.278228, -0.000003
15840000, 0.420044, 0.298470, 0.000001
15844000, 0.587671, 0.372026, -0.000000
15848000, 0.656907, 0.219494, -0.000000
15852000, 0.678614, 0.306501, -0.000001
15856000, 0.785615, 0.207498, -0.000001
15860000, 0.713529, 0.240407, -0.000000
15864000, 0.861985, 0.161728, 0.000001
15868000, 0.586598, 0.197283, -0.000001
15872000, 0.573901, 0.166468, -0.000001
15876000, 0.639705, 0.186459, -0.000000
15880000, 0.480776, 0.326309, 0.000000
15884000, 0.282855, 0.677180, -0.000002
15888000, 0.356955, 0.518948, 0.000000
15892000, 0.224774, 0.606533, 0.000001
15896000, 0.144020, 0.722394, 0.000000
15900000, 0.072323, 0.671263, -0.000002
15904000, 0.030724, 0.656342, -0.000001
15908000, -0.133723, 0.721644, 0.000001
15912000, -0.161439, 0.661114, 0.000001
15916000, -0.120229, 0.604401, 0.000001
15920000, -0.004805, 0.519797, 0.000000
15924000, 0.129329, 0.611423, -0.000001
15928000, 0.036175, 0.667127, 0.000001
15932000, 0.148667, 0.707087, 0.000001
15936000, 0.090107, 0.565472, -0.000001
15940000, 0.112973, 0.655343, 0.000002
15944000, 0.142759, 0.536948, -0.000000
15948000, 0.472184, 0.473857, 0.000001
15952000, 0.716058, 0.269963, 0.000001
15956000, 0.437876, 0.195243, -0.000000
15960000, 0.622220, -0.025097, 0.000000
15964000, 0.308844, 0.086512, -0.000001
15968000, 0.523097, -0.040288, 0.000000
15972000, 0.556846, 0.245332, 0.000000
15976000, 0.512905, 0.275443, 0.000001
15980000, 0.475084, 0.464104, 0.000000
15984000, 0.419484, 0.409533, 0.000000
15988000, 0.494108, 0.571696, -0.000000
15992000, 0.568133, 0.454665, -0.000002
15996000, 0.578213, 0.415189, -0.000001
16000000, 0.672226, 0.176534, -0.000001
16004000, 0.640306, 0.298664, -0.000002
16008000, 0.762097, 0.126920, 0.000001
16012000, 0.567861, 0.259062, 0.000001
16016000, 0.579602, 0.249418, -0.000000
16020000, 0.399101, 0.113701, -0.000001
16024000, 0.271576, 0.167608, 0.000002
16028000, 0.553705, 0.294226, -0.000001
16032000, 0.566385, 0.192899, 0.000000
16036000, 0.327734, 0.327069, 0.000001
16040000, 0.159802, 0.312776, 0.000000
16044000, 0.394713, 0.263897, -0.000001
16048000, 0.232412, 0.278441, 0.000001
16052000, 0.250847, 0.192912, 0.000002
16056000, 0.265986, 0.328611, 0.000000
16060000, 0.185384, 0.198761, -0.000001
16064000, 0.373588, 0.335960, 0.000001
16068000, 0.198783, 0.205286, 0.000002
16072000, 0.217846, 0.148270, -0.000001
16076000, 0.028556, 0.191677, -0.000002
16080000, 0.184276, 0.227856, 0.000000
16084000, 0.109509, 0.537823, -0.000001
16088000, -0.045798, 0.557546, 0.000000
16092000, -0.109443, 0.504314, -0.000001
16096000, -0.155393, 0.510617, -0.000001
16100000, 0.034439, 0.656600, 0.000001
16104000, -0.108329, 0.620947, 0.000001
16108000, 0.139294, 0.609139, -0.000000
16112000, -0.064864, 0.804914, -0.000002
16116000, -0.067984, 0.739799, 0.000002
16120000, -0.064606, 0.614554, -0.000000
16124000, -0.213925, 0.787074, 0.000001
16128000, -0.395437, 0.785965, -0.000001
16132000, -0.370691, 0.745047, -0.000001
16136000, -0.525637, 0.459371, 0.000001
16140000, -0.636408, 0.414186, -0.000001
16144000, -0.623274, 0.231015, 0.000000
16148000, -0.677447, 0.226395, 0.000002
16152000, -0.436146, -0.096158, 0.000001
16156000, -0.139212, 0.136521, 0.000000
16160000, -0.477013, 0.015838, -0.000000
16164000, -0.406428, -0.055919, 0.000001
16168000, -0.541427, -0.019050, 0.000000
16172000, -0.663821, -0.168909, -0.000002
16176000, -0.755059, -0.099108, -0.000001
16180000, -0.564745, -0.046255, -0.000001
16184000, -0.458160, 0.229333, -0.000000
16188000, -0.563525, 0.060873, 0.000000
16192000, -0.501452, 0.149202, -0.000001
16196000, -0.396019, -0.022000, 0.000001
16200000, -0.358191, 0.056119, 0.000000
16204000, -0.433916, 0.023334, 0.000001
16208000, -0.505393, 0.042682, 0.000000
16212000, -0.544245, 0.002123, -0.000001
16216000, -0.562214, 0.073216, 0.000000
16220000, -0.401718, 0.114727, -0.000001
16224000, -0.564428, 0.120500, -0.000001
16228000, -0.484615, 0.058154, -0.000001
16232000, -0.572729, -0.048767, 0.000001
16236000, -0.517169, -0.207206, 0.000001
16240000, -0.673440, -0.141587, 0.000001
16244000, -0.544778, -0.036606, 0.000001
16248000, -0.552682, -0.144353, -0.000000
16252000, -0.517963, -0.194937, -0.000001
16256000, -0.499503, -0.092996, 0.000001
16260000, -0.586664, 0.053894, -0.000004
16264000, -0.579490, -0.134157, -0.000000
16268000, -0.472057, -0.098350, 0.000001
16272000, -0.626618, -0.080623, 0.000001
16276000, -0.566243, 0.033566, 0.000003
16280000, -0.637412, 0.241504, 0.000000
16284000, -0.565813, 0.244481, -0.000001
16288000, -0.237038, 0.279055, 0.000001
16292000, -0.334247, 0.412775, -0.000000
16296000, -0.455623, 0.420628, 0.000001
16300000, -0.452409, 0.285020, -0.000001
16304000, -0.526731, 0.151351, 0.000000
16308000, -0.451816, 0.190111, -0.000001
16312000, -0.412734, -0.019026, 0.000001
16316000, -0.460132, -0.226565, -0.000002
16320000, -0.506838, 0.004421, 0.000001
16324000, -0.270928, -0.041361, 0.000002
16328000, -0.448795, 0.130771, -0.000000
16332000, -0.369868, 0.011335, 0.000001
16336000, -0.503613, 0.187425, 0.000001
16340000, -0.361434, 0.277182, -0.000001
16344000, -0.279849, 0.052135, 0.000000
16348000, -0.326578, 0.005743, 0.000000
16352000, -0.238076, 0.186771, 0.000001
16356000, -0.332241, 0.220284, 0.000001
16360000, -0.342867, 0.159920, -0.000001
16364000, -0.344978, 0.135885, 0.000001
16368000, -0.075968, 0.135936, -0.000001
16372000, -0.283640, 0.023804, 0.000001
16376000, -0.157623, 0.020883, 0.000001
16380000, -0.314401, -0.019547, -0.000001
16384000, 0.101809, -0.013438, -0.000001
16388000, -0.082990, -0.058410, -0.000001
16392000, -0.358433, 0.082138, 0.000001
16396000, -0.305214, -0.174334, -0.000001
16400000, -0.234870, -0.195756, 0.000002
16404000, -0.251440, -0.346769, -0.000002
16408000, -0.124377, -0.266952, 0.000001
16412000, -0.004332, -0.238513, 0.000004
16416000, -0.131837, -0.112739, 0.000001
16420000, 0.007157, -0.081188, -0.000000
16424000, 0.101228, -0.233848, 0.000000
16428000, 0.174494, 0.035187, 0.000001
16432000, -0.019256, -0.105169, 0.000002
16436000, -0.169931, -0.267932, -0.000001
16440000, -0.109708, 0.029511, 0.000002
16444000, -0.305167, -0.050277, -0.000000
16448000, -0.348870, 0.172739, -0.000001
16452000, -0.066784, 0.097158, 0.000000
16456000, -0.179313, 0.175447, 0.000000
16460000, -0.323019, -0.041136, -0.000001
16464000, -0.422623, 0.015346, 0.000000
16468000, -0.482597, 0.035521, 0.000001
16472000, -0.484174, 0.029977, 0.000000
16476000, -0.504761, -0.077712, -0.000001
16480000, -0.500990, -0.167016, -0.000000
16484000, -0.587743, -0.120832, 0.000001
16488000, -0.513672, -0.068815, 0.000000
16492000, -0.346045, 0.061558, 0.000001
16496000, -0.429595, -0.139649, -0.000001
16500000, -0.417806, -0.181611, -0.000002
16504000, -0.403346, -0.391783, -0.000000
16508000, -0.642289, -0.405380, 0.000001
16512000, -0.563398, -0.265041, -0.000001
16516000, -0.644447, -0.140076, -0.000001
16520000, -0.596823, -0.364350, -0.000000
16524000, -0.594023, -0.528429, -0.000000
16528000, -0.605752, -0.323792, -0.000001
16532000, -0.473284, -0.320476, 0.000002
16536000, -0.645795, -0.178444, 0.000001
16540000, -0.441359, -0.485650, -0.000001
16544000, -0.411658, -0.474246, -0.000001
16548000, -0.517061, -0.712111, -0.000002
16552000, -0.539178, -0.406923, 0.000000
16556000, -0.524864, -0.531601, 0.000002
16560000, -0.509416, -0.308176, 0.000002
16564000, -0.574238, -0.451459, 0.000001
16568000, -0.644672, -0.504831, -0.000000
16572000, -0.585966, -0.378930, 0.000001
16576000, -0.582015, -0.061998, 0.000001
16580000, -0.538589, 0.032458, 0.000001
16584000, -0.655512, -0.022826, -0.000002
16588000, -0.734130, -0.059503, 0.000002
16592000, -0.739303, -0.050682, 0.000000
16596000, -0.667905, -0.146055, 0.000002
16600000, -0.655254, -0.232124, 0.000001
16604000, -0.601538, 0.022110, -0.000001
16608000, -0.587436, -0.093664, -0.000002
16612000, -0.624062, -0.208444, 0.000000
16616000, -0.808395, -0.117272, 0.000001
16620000, -0.690541, -0.265643, 0.000000
16624000, -0.884373, -0.049139, 0.000000
16628000, -0.716495, -0.144529, 0.000001
16632000, -0.651463, -0.337816, 0.000000
16636000, -0.654114, -0.387847, -0.000001
16640000, -0.742130, -0.117174, 0.000001
16644000, -0.785481, 0.148979, 0.000001
16648000, -0.787303, 0.278451, -0.000000
16652000, -0.852016, 0.066493, -0.000000
16656000, -0.900125, 0.166720, -0.000001
16660000, -0.760535, -0.022750, 0.000000
16664000, -0.757455, 0.211090, 0.000001
16668000, -0.805446, 0.115034, -0.000001
16672000, -0.854929, 0.168177, 0.000000
16676000, -0.799250, 0.095968, 0.000001
16680000, -0.722571, 0.388630, -0.000001
16684000, -0.660472, 0.160233, 0.000001
16688000, -0.739613, 0.213035, 0.000001
16692000, -0.603883, -0.236994, 0.000000
16696000, -0.679935, -0.286623, 0.000001
16700000, -0.741507, -0.416161, -0.000002
16704000, -0.675361, -0.542301, 0.000000
16708000, -0.400702, -0.561357, 0.000000
16712000, -0.526594, -0.469094, 0.000001
16716000, -0.560767, -0.575808, -0.000003
16720000, -0.689624, -0.466114, 0.000000
16724000, -0.528034, -0.649223, 0.000001
16728000, -0.436457, -0.610275, -0.000001
16732000, -0.479748, -0.445037, -0.000001
16736000, -0.260933, -0.362086, -0.000000
16740000, -0.356447, -0.482813, -0.000001
16744000, -0.378541, -0.533973, 0.000001
16748000, -0.219320, -0.519635, 0.000001
16752000, -0.242282, -0.492566, -0.000000
16756000, -0.145954, -0.409653, -0.000000
16760000, -0.146560, -0.603037, -0.000002
16764000, -0.121331, -0.516857, -0.000002
16768000, -0.284801, -0.377785, 0.000000
16772000, -0.266105, -0.496935, -0.000000
16776000, -0.249815, -0.466428, -0.000001
16780000, -0.339096, -0.509905, 0.000001
16784000, -0.414178, -0.460511, 0.000001
16788000, -0.630208, -0.226093, 0.000000
16792000, -0.363914, -0.101504, -0.000000
16796000, -0.461527, -0.226349, -0.000000
16800000, -0.333476, -0.271945, -0.000001
16804000, -0.456180, -0.163276, -0.000001
16808000, -0.268617, -0.371849, 0.000001
16812000, -0.032817, -0.377116, 0.000002
16816000, -0.195528, -0.195840, -0.000001
16820000, -0.406160, -0.309551, -0.000001
16824000, -0.423527, -0.170559, -0.000000
16828000, -0.377722, -0.284393, -0.000001
16832000, -0.640069, -0.297044, -0.000000
16836000, -0.487927, -0.138388, -0.000001
16840000, -0.665231, 0.046185, -0.000000
16844000, -0.741075, 0.026024, 0.000000
16848000, -0.504873, 0.153961, -0.000001
16852000, -0.353620, 0.133836, -0.000001
16856000, -0.290879, 0.129612, -0.000001
16860000, -0.130461, 0.180381, 0.000001
16864000, 0.083769, 0.054893, 0.000002
16868000, -0.209200, 0.194464, -0.000000
16872000, -0.147450, 0.228656, 0.000001
16876000, -0.123095, -0.064442, -0.000002
16880000, -0.137481, -0.183947, 0.000001
16884000, 0.325383, 0.003528, 0.000001
16888000, 0.249814, -0.034442, -0.000001
16892000, 0.177098, -0.112468, 0.000001
16896000, 0.351218, -0.024201, -0.000002
16900000, 0.292256, 0.059561, 0.000000
16904000, 0.436327, -0.033607, 0.000000
16908000, 0.350682, 0.005507, 0.000001
16912000, 0.332648, 0.066165, -0.000001
16916000, 0.251539, 0.071381, -0.000001
16920000, 0.015949, 0.098274, -0.000001
16924000, -0.063437, -0.033124, -0.000000
16928000, -0.312124, 0.047505, -0.000001
16932000, -0.230915, 0.114778, -0.000001
16936000, -0.246002, 0.141958, 0.000000
16940000, -0.148416, 0.135866, 0.000001
16944000, -0.213399, 0.254498, 0.000001
16948000, -0.137965, 0.212030, -0.000002
16952000, -0.123543, 0.411766, 0.000001
16956000, -0.035558, 0.431067, 0.000001
16960000, 0.040233, 0.504414, 0.000000
16964000, 0.026118, 0.339960, -0.000001
16968000, 0.130585, 0.252115, 0.000001
16972000, -0.123272, 0.321795, -0.000000
16976000, -0.147510, 0.394079, 0.000000
16980000, -0.348577, 0.476424, -0.000001
16984000, -0.478954, 0.405223, -0.000002
16988000, -0.547921, 0.532365, 0.000002
16992000, -0.450772, 0.508870, 0.000001
16996000, -0.418346, 0.495738, -0.000001
17000000, -0.354902, 0.516890, 0.000000
17004000, -0.165330, 0.694396, -0.000000
17008000, -0.195880, 0.624700, 0.000000
17012000, -0.259192, 0.632624, 0.000001
17016000, -0.330990, 0.627566, 0.000003
17020000, -0.282983, 0.669558, -0.000002
17024000, -0.193640, 0.615436, 0.000001
17028000, -0.081817, 0.690088, -0.000001
17032000, -0.181153, 0.565607, 0.000000
17036000, -0.281441, 0.627359, -0.000001
17040000, -0.092084, 0.658345, 0.000001
17044000, -0.272661, 0.521180, -0.000001
17048000, -0.441544, 0.619609, -0.000001
17052000, -0.301162, 0.518075, 0.000001
17056000, -0.324979, 0.678988, 0.000000
17060000, -0.343218, 0.625634, -0.000002
17064000, -0.447411, 0.623979, 0.000000
17068000, -0.379429, 0.634704, 0.000001
17072000, -0.393734, 0.497113, -0.000001
17076000, -0.394972, 0.427493, -0.000001
17080000, -0.419575, 0.363163, -0.000000
17084000, -0.383905, 0.301768, 0.000001
17088000, -0.427551, 0.146532, -0.000003
17092000, -0.454084, 0.162204, 0.000001
17096000, -0.556440, 0.155532, 0.000001
17100000, -0.475648, -0.336630, -0.000000
17104000, -0.332239, -0.301997, -0.000004
17108000, -0.274110, -0.511085, -0.000000
17112000, -0.354801, -0.358137, 0.000000
17116000, -0.413126, -0.398594, 0.000000
17120000, -0.429114, -0.371991, 0.000003
17124000, -0.233600, -0.424116, -0.000001
17128000, -0.409856, -0.372910, -0.000000
17132000, -0.298843, -0.160278, -0.000000
17136000, -0.394154, -0.216405, -0.000000
17140000, -0.292433, -0.276590, 0.000004
17144000, -0.513434, -0.345093, -0.000002
17148000, -0.512852, -0.513156, -0.000000
17152000, -0.392159, -0.671342, -0.000002
17156000, -0.287583, -0.540847, -0.000001
17160000, -0.145478, -0.359344, -0.000001
17164000, 0.036021, -0.441497, 0.000001
17168000, -0.089885, -0.652572, -0.000002
17172000, -0.175021, -0.590124, 0.000001
17176000, -0.502881, -0.373366, 0.000001
17180000, -0.599141, -0.573077, 0.000002
17184000, -0.306503, -0.674179, -0.000001
17188000, -0.450207, -0.710802, 0.000002
17192000, -0.456698, -0.498999, 0.000001
17196000, -0.341594, -0.627240, 0.000002
17200000, -0.171610, -0.477755, 0.000001
17204000, -0.193469, -0.338581, 0.000001
17208000, -0.003347, -0.511396, 0.000001
17212000, 0.098466, -0.381307, -0.000000
17216000, 0.155980, -0.387904, -0.000001
17220000, -0.009897, -0.378183, 0.000001
17224000, 0.085071, -0.391282, 0.000000
17228000, 0.105250, -0.451389, 0.000000
17232000, 0.211650, -0.561228, -0.000001
17236000, 0.358927, -0.316978, 0.000000
17240000, 0.209147, -0.423840, 0.000001
17244000, 0.263410, -0.774927, 0.000001
17248000, 0.314351, -0.460381, -0.000001
17252000, 0.485102, -0.298298, -0.000001
17256000, 0.594936, -0.538023, 0.000001
17260000, 0.589757, -0.378196, -0.000000
17264000, 0.550158, -0.316608, 0.000001
17268000, 0.723164, -0.258951, 0.000000
17272000, 0.737774, -0.401469, -0.000000
17276000, 0.631357, -0.141046, -0.000000
17280000, 0.705943, -0.238346, -0.000000
17284000, 0.673275, -0.452750, 0.000002
17288000, 0.780085, -0.442947, 0.000001
17292000, 0.689226, -0.556906, -0.000000
17296000, 0.445165, -0.504959, 0.000000
17300000, 0.201878, -0.756168, -0.000000
17304000, 0.286911, -0.504619, 0.000003
17308000, 0.340213, -0.526970, -0.000002
17312000, 0.251815, -0.456365, -0.000002
17316000, 0.356826, -0.409138, 0.000002
17320000, 0.363929, -0.349025, 0.000000
17324000, 0.333457, -0.323145, 0.000001
17328000, 0.445774, -0.231147, 0.000002
17332000, 0.469335, -0.176116, -0.000001
17336000, 0.580422, -0.298937, 0.000001
17340000, 0.673845, -0.123684, -0.000000
17344000, 0.658730, -0.051344, 0.000000
17348000, 0.565829, -0.314088, 0.000002
17352000, 0.799579, -0.130968, 0.000000
17356000, 0.639942, -0.278187, 0.000001
17360000, 0.358620, -0.242696, 0.000001
17364000, 0.382752, -0.362324, 0.000001
17368000, 0.119950, -0.188096, 0.000000
17372000, 0.138160, -0.370798, 0.000001
17376000, 0.102983, -0.019973, 0.000001
17380000, 0.134174, -0.136504, 0.000002
17384000, 0.274411, -0.202791, -0.000000
17388000, 0.121281, -0.239011, 0.000000
17392000, 0.244568, -0.192140, -0.000001
17396000, 0.170008, -0.109116, -0.000000
17400000, 0.520039, -0.193276, 0.000001
17404000, 0.635264, -0.027900, 0.000001
17408000, 0.737071, 0.125681, 0.000001
17412000, 0.666221, 0.150042, 0.000002
17416000, 0.560317, 0.140023, -0.000001
17420000, 0.649611, 0.290234, 0.000002
17424000, 0.667847, 0.228430, -0.000000
17428000, 0.676957, 0.234182, -0.000000
17432000, 0.540069, 0.092073, 0.000002
17436000, 0.453142, 0.545632, 0.000000
17440000, 0.431821, 0.258224, -0.000001
17444000, 0.157029, 0.390855, -0.000001
17448000, -0.046086, 0.647544, -0.000002
17452000, 0.132825, 0.650067, 0.000001
17456000, 0.094532, 0.564223, 0.000000
17460000, -0.061470, 0.378426, -0.000001
17464000, -0.184403, 0.511574, 0.000000
17468000, -0.360405, 0.443317, 0.000000
17472000, -0.199528, 0.440739, -0.000001
17476000, -0.124159, 0.161930, 0.000000
17480000, -0.228011, 0.235657, 0.000002
17484000, -0.212536, 0.293257, 0.000002
17488000, -0.223919, 0.581654, 0.000001
17492000, -0.012543, 0.685079, 0.000001
17496000, 0.113140, 0.845121, 0.000001
17500000, 0.363784, 0.782572, 0.000001
17504000, 0.472469, 0.555683, -0.000001
17508000, 0.306424, 0.717719, 0.000001
17512000, 0.275643, 0.821820, 0.000000
17516000, 0.312836, 0.708470, 0.000000
17520000, 0.446624, 0.634436, 0.000001
17524000, 0.673466, 0.551258, -0.000000
17528000, 0.639394, 0.515645, 0.000000
17532000, 0.700277, 0.554631, 0.000003
17536000, 0.732233, 0.326669, -0.000000
17540000, 0.567739, 0.228156, 0.000000
17544000, 0.716066, 0.136690, -0.000001
17548000, 0.726479, -0.028299, -0.000001
17552000, 0.754759, -0.126067, -0.000002
17556000, 0.721522, 0.007194, 0.000001
17560000, 0.679110, -0.030288, 0.000000
17564000, 0.411230, -0.166475, 0.000000
17568000, 0.427082, -0.138044, -0.000001
17572000, 0.491954, -0.219712, 0.000000
17576000, 0.329181, -0.259518, -0.000001
17580000, 0.598658, -0.318087, -0.000001
17584000, 0.575162, -0.345334, -0.000000
17588000, 0.352740, -0.217364, 0.000001
17592000, 0.439644, -0.104433, -0.000001
17596000, 0.562057, -0.163664, 0.000002
17600000, 0.729447, -0.161270, -0.000000
17604000, 0.666952, -0.148304, -0.000000
17608000, 0.589824, -0.145999, -0.000000
17612000, 0.520935, -0.017961, 0.000000
17616000, 0.364771, 0.150042, -0.000000
17620000, 0.523974, 0.223687, 0.000000
17624000, 0.360083, 0.131635, 0.000000
17628000, 0.369479, 0.167503, 0.000001
17632000, 0.487486, -0.027470, 0.000000
17636000, 0.074503, -0.112375, -0.000002
17640000, 0.224962, -0.136130, 0.000001
17644000, 0.318616, -0.129084, -0.000000
17648000, 0.398780, -0.075535, -0.000000
17652000, 0.433101, -0.093816, 0.000001
17656000, 0.454229, -0.090593, 0.000001
17660000, 0.351245, -0.002504, 0.000001
17664000, 0.437058, -0.067396, -0.000001
17668000, 0.465237, -0.069416, 0.000001
17672000, 0.575478, -0.266080, 0.000002
17676000, 0.620916, -0.225855, 0.000000
17680000, 0.567514, -0.192173, -0.000001
17684000, 0.502553, -0.188555, 0.000000
17688000, 0.523370, 0.023237, -0.000002
17692000, 0.668339, 0.130691, -0.000001
17696000, 0.653484, 0.350569, -0.000001
17700000, 0.550852, 0.580131, -0.000001
17704000, 0.550340, 0.454054, -0.000001
17708000, 0.602811, 0.299175, 0.000002
17712000, 0.624980, 0.303676, -0.000001
17716000, 0.598779, 0.242175, -0.000000
17720000, 0.467287, 0.419460, 0.000000
17724000, 0.319908, 0.424893, -0.000003
17728000, 0.346924, 0.457521, -0.000002
17732000, 0.448047, 0.425720, 0.000000
17736000, 0.336984, 0.482219, -0.000000
17740000, 0.503388, 0.593650, 0.000000
17744000, 0.297761, 0.618087, -0.000002
17748000, 0.331099, 0.474818, 0.000000
17752000, 0.509644, 0.524746, 0.000001
17756000, 0.633463, 0.592872, 0.000001
17760000, 0.668666, 0.538539, -0.000000
17764000, 0.752799, 0.198050, 0.000000
17768000, 0.780125, 0.310314, 0.000002
17772000, 0.781697, 0.025833, 0.000001
17776000, 0.724600, 0.212126, -0.000000
17780000, 0.758024, 0.168300, 0.000001
17784000, 0.673609, 0.082997, -0.000002
17788000, 0.477032, 0.248749, -0.000001
17792000, 0.564912, 0.348784, -0.000001
17796000, 0.543762, 0.279636, -0.000001
17800000, 0.611439, 0.294770, 0.000002
17804000, 0.441653, 0.237156, 0.000000
17808000, 0.488610, 0.371208, -0.000001
17812000, 0.376021, 0.218463, -0.000001
17816000, 0.366681, 0.377226, 0.000000
17820000, 0.208769, 0.361030, 0.000001
17824000, 0.373717, 0.464135, -0.000001
17828000, 0.055700, 0.364818, 0.000002
17832000, 0.006437, 0.424492, -0.000001
17836000, -0.118387, 0.411486, 0.000002
17840000, -0.032890, 0.326176, 0.000002
17844000, -0.200614, 0.331014, 0.000001
17848000, -0.046972, 0.260458, 0.000000
17852000, -0.174638, 0.232550, 0.000000
17856000, -0.131503, 0.220222, 0.000002
17860000, 0.030535, 0.336601, 0.000001
17864000, -0.031590, 0.252530, 0.000000
17868000, 0.048715, 0.275033, 0.000000
17872000, 0.023992, 0.133854, 0.000001
17876000, 0.148274, 0.111048, 0.000001
17880000, 0.202457, 0.172834, 0.000000
17884000, 0.190632, -0.001431, 0.000001
17888000, 0.221576, 0.081882, 0.000001
17892000, 0.155914, -0.002619, 0.000001
17896000, 0.093532, 0.162891, -0.000001
17900000, 0.061126, 0.276259, 0.000001
17904000, -0.010084, 0.271488, -0.000000
17908000, -0.017565, 0.152733, 0.000001
17912000, -0.195170, 0.121448, 0.000000
17916000, -0.241125, 0.243568, -0.000001
17920000, -0.277819, 0.245566, -0.000001
17924000, -0.308168, 0.226357, -0.000002
17928000, -0.143420, 0.018818, 0.000001
17932000, -0.103986, 0.093731, -0.000001
17936000, -0.178586, -0.119363, 0.000001
17940000, -0.026226, 0.028117, -0.000003
17944000, -0.103706, -0.101136, -0.000001
17948000, -0.127964, 0.035037, 0.000000
17952000, -0.095412, 0.087266, 0.000001
17956000, -0.085746, 0.015867, -0.000001
17960000, -0.267930, 0.054679, 0.000000
17964000, -0.301826, 0.267377, -0.000003
17968000, -0.253472, 0.228954, -0.000000
17972000, -0.001888, 0.402322, -0.000002
17976000, 0.297213, 0.294519, 0.000002
17980000, 0.281889, 0.321355, 0.000000
17984000, 0.127417, 0.259712, -0.000002
17988000, 0.293751, 0.332282, 0.000001
17992000, 0.246310, 0.247819, 0.000000
17996000, 0.259771, 0.285843, 0.000000
18000000, 0.205572, 0.304538, 0.000001
18004000, 0.403582, 0.335613, 0.000001
18008000, 0.247540, 0.324808, -0.000001
18012000, 0.124425, 0.170977, -0.000001
18016000, 0.024807, 0.244577, 0.000001
18020000, 0.058403, 0.238186, -0.000000
18024000, 0.201105, 0.398545, 0.000001
18028000, 0.071606, 0.362371, 0.000001
18032000, 0.074658, 0.264470, 0.000002
18036000, -0.035423, 0.461985, 0.000003
18040000, -0.099670, 0.274199, -0.000001
18044000, -0.157811, 0.318120, 0.000001
18048000, -0.097833, 0.196431, 0.000002
18052000, -0.087501, 0.236670, -0.000001
18056000, -0.026857, 0.394450, -0.000000
18060000, 0.046532, 0.441480, -0.000001
18064000, -0.037149, 0.403885, 0.000001
18068000, 0.001059, 0.441091, -0.000000
18072000, 0.095802, 0.377819, -0.000000
18076000, 0.335755, 0.350469, -0.000001
18080000, 0.531622, 0.343944, -0.000001
18084000, 0.617179, 0.326634, -0.000001
18088000, 0.473806, 0.255659, -0.000000
18092000, 0.487681, 0.313167, -0.000000
18096000, 0.512403, 0.152055, -0.000002
18100000, 0.484101, 0.247877, 0.000000
18104000, 0.445526, 0.045671, 0.000001
18108000, 0.293903, 0.201931, 0.000000
18112000, 0.350931, 0.126572, -0.000000
18116000, 0.365820, 0.134846, -0.000002
18120000, 0.096313, 0.016343, 0.000001
18124000, 0.198906, -0.009717, -0.000002
18128000, 0.373343, -0.073668, -0.000000
18132000, 0.573602, -0.258111, -0.000000
18136000, 0.225590, -0.262876, 0.000002
18140000, 0.268609, -0.126179, -0.000001
18144000, 0.375195, -0.338026, 0.000001
18148000, 0.469968, -0.209053, 0.000001
18152000, 0.634170, -0.189631, 0.000000
18156000, 0.779040, -0.194801, -0.000002
18160000, 0.648692, -0.092900, 0.000000
18164000, 0.656994, -0.383693, -0.000001
18168000, 0.592685, -0.241264, 0.000001
18172000, 0.508501, -0.197940, 0.000000
18176000, 0.622596, -0.126186, -0.000001
18180000, 0.506648, -0.351103, -0.000001
18184000, 0.508083, -0.297101, -0.000002
18188000, 0.575532, -0.432478, 0.000000
18192000, 0.534702, -0.595990, 0.000000
18196000, 0.603640, -0.509539, 0.000001
18200000, 0.401305, -0.654885, -0.000000
18204000, 0.328096, -0.697049, -0.000001
18208000, 0.219495, -0.636967, -0.000002
18212000, 0.282238, -0.622110, -0.000001
18216000, 0.211793, -0.445205, 0.000001
18220000, 0.063135, -0.620371, 0.000001
18224000, 0.319272, -0.593429, 0.000000
18228000, 0.340280, -0.529310, 0.000001
18232000, 0.272737, -0.520790, -0.000003
18236000, 0.226377, -0.657559, 0.000002
18240000, 0.448162, -0.366523, -0.000001
18244000, 0.433190, -0.216941, 0.000001
18248000, 0.539795, -0.141085, -0.000001
18252000, 0.578481, -0.170508, -0.000001
18256000, 0.569055, -0.115079, 0.000001
18260000, 0.420302, -0.256433, 0.000000
18264000, 0.251217, -0.379506, -0.000001
18268000, 0.281727, -0.389401, -0.000000
18272000, 0.193584, -0.532475, 0.000001
18276000, 0.152206, -0.409292, 0.000003
18280000, 0.145240, -0.512665, -0.000002
18284000, 0.084722, -0.410779, -0.000002
18288000, 0.084473, -0.338138, -0.000001
18292000, 0.034177, -0.431120, 0.000001
18296000, 0.017075, -0.481572, -0.000003
18300000, -0.072327, -0.524738, -0.000001
18304000, -0.059635, -0.238086, -0.000001
18308000, 0.197673, -0.323582, -0.000001
18312000, 0.246805, -0.379841, -0.000000
18316000, 0.399018, -0.309451, -0.000001
18320000, 0.110089, -0.003961, -0.000000
18324000, 0.039414, -0.195261, -0.000001
18328000, 0.060760, -0.006950, -0.000000
18332000, 0.151971, 0.025521, 0.000000
18336000, 0.110084, -0.172568, -0.000000
18340000, 0.078692, -0.230801, -0.000001
18344000, -0.117747, -0.176703, 0.000002
18348000, -0.097125, -0.192376, 0.000000
18352000, 0.056220, -0.262308, -0.000000
18356000, -0.051612, 0.015055, -0.000001
18360000, 0.039309, -0.004863, -0.000000
18364000, 0.066341, 0.014725, 0.000001
18368000, 0.091447, 0.091030, 0.000001
18372000, 0.201901, -0.042487, -0.000002
18376000, 0.202935, -0.059659, 0.000001
18380000, 0.084985, 0.036436, 0.000000
18384000, 0.103170, -0.087961, -0.000000
18388000, 0.122385, 0.031720, -0.000002
18392000, 0.108662, 0.032834, -0.000002
18396000, -0.034775, -0.096679, -0.000000
18400000, 0.189860, -0.008648, -0.000002
18404000, 0.114871, -0.049053, 0.000002
18408000, 0.210893, -0.187253, 0.000002
18412000, 0.209408, -0.275089, -0.000001
18416000, 0.438006, -0.133979, -0.000000
18420000, 0.452122, -0.165218, 0.000002
18424000, 0.693696, -0.076637, 0.000000
18428000, 0.703481, -0.079388, -0.000000
18432000, 0.590799, 0.087984, 0.000002
18436000, 0.685099, 0.078344, 0.000000
18440000, 0.511913, -0.150316, -0.000002
18444000, 0.579501, -0.294997, 0.000001
18448000, 0.454966, -0.244823, 0.000001
18452000, 0.752969, -0.315760, 0.000002
18456000, 0.739481, -0.261292, -0.000000
18460000, 0.669397, -0.272422, 0.000002
18464000, 0.735510, -0.251882, 0.000001
18468000, 0.617915, -0.204767, 0.000001
18472000, 0.660411, -0.036985, 0.000001
18476000, 0.656897, -0.073786, -0.000000
18480000, 0.713983, 0.165472, -0.000002
18484000, 0.666933, 0.043839, -0.000001
18488000, 0.674763, 0.047096, -0.000002
18492000, 0.649415, 0.096116, -0.000002
18496000, 0.586111, 0.123701, 0.000001
18500000, 0.689112, 0.137968, 0.000002
18504000, 0.446461, 0.133836, -0.000001
18508000, 0.360375, 0.368538, 0.000001
18512000, 0.509926, 0.419965, 0.000000
18516000, 0.547801, 0.174367, 0.000000
18520000, 0.666478, 0.336288, 0.000003
18524000, 0.492726, 0.318498, -0.000000
18528000, 0.535304, 0.505820, -0.000001
18532000, 0.502582, 0.675616, 0.000003
18536000, 0.496864, 0.515929, -0.000000
18540000, 0.398054, 0.507401, 0.000001
18544000, 0.566780, 0.495101, 0.000001
18548000, 0.705826, 0.268274, -0.000001
18552000, 0.570394, 0.198342, 0.000001
18556000, 0.413973, 0.159535, -0.000000
18560000, 0.552285, 0.511152, 0.000000
18564000, 0.441148, 0.306446, -0.000000
18568000, 0.250639, 0.356106, 0.000002
18572000, 0.125204, 0.384042, -0.000000
18576000, 0.102911, 0.367276, -0.000000
18580000, -0.068888, 0.452738, 0.000001
18584000, 0.138198, 0.586181, -0.000001
18588000, 0.221920, 0.831786, -0.000001
18592000, 0.274429, 0.764421, 0.000001
18596000, 0.343905, 0.758058, 0.000001
18600000, 0.064837, 0.727359, 0.000000
18604000, 0.142363, 0.693292, -0.000001
18608000, 0.129914, 0.659589, -0.000000
18612000, 0.254916, 0.540414, 0.000001
18616000, 0.031471, 0.560191, 0.000000
18620000, -0.085743, 0.486962, -0.000001
18624000, 0.011601, 0.407125, -0.000001
18628000, 0.042043, 0.400914, 0.000000
18632000, 0.246196, 0.336617, 0.000001
18636000, 0.230655, 0.453063, 0.000001
18640000, 0.052604, 0.323812, 0.000000
18644000, -0.020673, 0.281794, -0.000002
18648000, -0.005141, 0.248744, 0.000001
18652000, -0.138759, 0.410902, -0.000001
18656000, -0.091974, 0.379443, -0.000000
18660000, -0.273521, 0.304123, 0.000001
18664000, -0.252650, 0.287014, -0.000002
18668000, -0.415458, 0.234586, 0.000003
18672000, -0.298014, 0.099331, 0.000000
18676000, -0.186777, 0.200902, 0.000000
18680000, -0.211765, 0.200276, -0.000002
18684000, -0.223852, 0.108695, -0.000002
18688000, -0.100439, 0.203248, 0.000001
18692000, -0.421457, 0.420026, -0.000000
18696000, -0.509271, 0.585045, -0.000002
18700000, -0.721774, 0.504914, -0.000001
18704000, -0.694869, 0.420561, -0.000001
18708000, -0.736727, 0.530603, -0.000001
18712000, -0.504995, 0.701927, -0.000000
18716000, -0.483598, 0.782637, 0.000000
18720000, -0.293895, 0.888476, -0.000002
18724000, -0.246872, 0.765189, 0.000001
18728000, -0.172856, 0.912778, -0.000001
18732000, 0.004265, 0.720224, 0.000001
18736000, -0.099974, 0.680108, -0.000000
18740000, -0.063226, 0.730429, -0.000001
18744000, -0.142768, 0.522179, -0.000000
18748000, -0.361446, 0.489260, -0.000002
18752000, -0.364963, 0.611707, -0.000000
18756000, -0.403063, 0.657040, -0.000000
18760000, -0.323370, 0.746444, -0.000001
18764000, -0.376214, 0.704932, 0.000002
18768000, -0.322819, 0.641906, 0.000000
18772000, -0.329854, 0.560552, 0.000000
18776000, -0.504332, 0.415330, 0.000001
18780000, -0.499079, 0.150471, 0.000000
18784000, -0.732790, 0.037906, -0.000001
18788000, -0.598209, -0.168915, -0.000001
18792000, -0.667302, -0.092060, -0.000000
18796000, -0.775760, 0.066831, 0.000001
18800000, -0.690709, -0.073652, 0.000000
18804000, -0.595064, -0.012877, -0.000000
18808000, -0.683316, 0.044619, -0.000000
18812000, -0.636711, 0.233205, -0.000001
18816000, -0.607996, -0.006134, 0.000001
18820000, -0.742184, -0.104044, -0.000000
18824000, -0.578575, 0.069779, -0.000002
18828000, -0.604381, 0.002084, 0.000001
18832000, -0.453748, 0.059231, 0.000001
18836000, -0.395385, 0.000952, -0.000000
18840000, -0.489584, -0.021312, -0.000000
18844000, -0.586747, -0.014595, 0.000001
18848000, -0.395258, 0.104891, -0.000001
18852000, -0.465669, 0.267383, -0.000003
18856000, -0.334247, 0.320261, 0.000000
18860000, -0.382309, 0.307206, -0.000002
18864000, -0.237343, 0.297337, 0.000001
18868000, -0.259776, 0.349895, 0.000001
18872000, -0.302062, 0.439380, -0.000001
18876000, -0.340367, 0.486704, 0.000002
18880000, -0.306860, 0.439941, 0.000001
18884000, -0.151600, 0.359927, 0.000000
18888000, -0.220352, 0.384880, 0.000000
18892000, -0.167410, 0.431343, 0.000002
18896000, -0.178877, 0.527396, -0.000003
18900000, -0.423015, 0.645833, 0.000000
18904000, -0.326632, 0.479461, -0.000002
18908000, -0.316963, 0.537527, 0.000001
18912000, -0.238486, 0.567672, 0.000002
18916000, -0.330123, 0.545991, 0.000001
18920000, -0.347596, 0.542033, 0.000001
18924000, -0.379629, 0.364789, 0.000000
18928000, -0.429142, 0.139473, 0.000000
18932000, -0.354596, 0.537569, -0.000001
18936000, -0.278989, 0.428999, 0.000002
18940000, -0.128372, 0.494612, 0.000001
18944000, -0.146105, 0.523962, 0.000002
18948000, -0.209863, 0.488398, -0.000000
18952000, -0.191526, 0.381455, -0.000002
18956000, -0.241588, 0.304896, 0.000001
18960000, -0.306949, 0.412876, -0.000001
18964000, -0.502800, 0.377003, 0.000002
18968000, -0.450119, 0.372775, -0.000002
18972000, -0.554003, 0.429672, -0.000001
18976000, -0.519689, 0.366015, -0.000001
18980000, -0.371419, 0.265307, 0.000000
18984000, -0.302213, 0.446730, -0.000001
18988000, -0.281535, 0.364045, 0.000000
18992000, -0.358591, 0.327152, -0.000000
18996000, -0.265844, 0.384293, -0.000002
19000000, -0.230965, 0.172706, -0.000003
19004000, -0.367543, 0.068799, 0.000000
19008000, -0.476372, 0.121292, -0.000000
19012000, -0.298390, 0.179548, -0.000000
19016000, -0.557560, 0.072341, 0.000001
19020000, -0.351529, 0.087646, 0.000001
19024000, -0.568791, 0.011917, -0.000001
19028000, -0.295659, -0.168909, -0.000001
19032000, -0.426177, -0.347942, -0.000001
19036000, -0.506216, -0.132573, 0.000001
19040000, -0.749293, -0.375771, 0.000001
19044000, -0.306518, -0.205856, 0.000002
19048000, -0.207328, -0.197137, 0.000001
19052000, -0.228258, -0.089166, -0.000001
19056000, -0.478323, -0.159739, 0.000000
19060000, -0.622236, 0.036646, 0.000001
19064000, -0.570390, 0.198636, -0.000003
19068000, -0.340681, 0.069987, -0.000002
19072000, -0.438278, -0.163466, 0.000001
19076000, -0.297116, -0.328864, -0.000001
19080000, -0.353636, -0.307051, -0.000003
19084000, -0.384239, -0.283468, 0.000001
19088000, -0.300216, -0.166664, -0.000000
19092000, -0.226094, -0.330103, -0.000000
19096000, -0.209571, -0.412964, 0.000000
19100000, -0.303768, -0.399358, -0.000002
19104000, -0.287786, -0.411990, 0.000001
19108000, -0.615421, -0.531323, 0.000001
19112000, -0.382065, -0.396566, 0.000000
19116000, -0.494409, -0.140322, 0.000000
19120000, -0.572902, -0.173365, -0.000000
19124000, -0.617983, -0.056626, -0.000001
19128000, -0.555445, 0.050034, 0.000000
19132000, -0.652407, 0.070428, -0.000000
19136000, -0.675129, -0.008355, -0.000000
19140000, -0.644172, -0.116364, -0.000001
19144000, -0.580356, 0.115362, -0.000002
19148000, -0.467428, 0.070796, -0.000001
19152000, -0.446308, -0.275467, 0.000001
19156000, -0.386600, 0.105900, 0.000001
19160000, -0.511222, 0.001618, 0.000001
19164000, -0.556036, -0.080799, -0.000000
19168000, -0.403949, -0.124008, -0.000001
19172000, -0.447266, -0.008422, -0.000001
19176000, -0.597851, -0.001857, 0.000001
19180000, -0.560586, -0.024636, -0.000000
19184000, -0.703670, -0.007085, 0.000001
19188000, -0.698427, 0.191327, -0.000001
19192000, -0.623954, 0.070286, -0.000000
19196000, -0.604507, -0.025035, 0.000001
19200000, -0.663694, -0.053505, -0.000002
19204000, -0.457497, -0.164094, -0.000000
19208000, -0.544758, -0.190865, -0.000000
19212000, -0.610614, -0.295613, -0.000000
19216000, -0.664841, -0.224021, 0.000000
19220000, -0.661709, -0.315062, 0.000001
19224000, -0.638019, -0.194848, 0.000000
19228000, -0.615136, -0.345498, -0.000002
19232000, -0.328542, -0.320112, -0.000002
19236000, -0.254890, -0.335878, -0.000001
19240000, -0.300892, -0.505100, -0.000002
19244000, -0.328876, -0.443675, 0.000000
19248000, -0.462407, -0.503524, -0.000000
19252000, -0.404781, -0.309219, 0.000002
19256000, -0.381586, -0.253881, -0.000000
19260000, -0.508357, -0.186365, -0.000001
19264000, -0.259015, -0.247678, 0.000002
19268000, -0.386799, -0.237402, 0.000002
19272000, -0.562238, -0.060633, -0.000001
19276000, -0.355704, 0.103442, 0.000001
19280000, -0.459334, 0.028396, -0.000001
19284000, -0.482972, -0.038699, -0.000001
19288000, -0.325062, -0.199947, 0.000001
19292000, -0.274953, 0.017793, -0.000000
19296000, -0.203620, -0.228371, 0.000000
19300000, -0.168868, -0.207872, 0.000002
19304000, -0.075751, -0.341710, 0.000001
19308000, -0.179656, -0.208022, -0.000000
19312000, -0.263126, -0.310509, 0.000002
19316000, -0.382939, -0.354950, -0.000001
19320000, -0.437772, -0.360498, -0.000002
19324000, -0.495246, -0.233116, -0.000000
19328000, -0.428399, -0.081526, -0.000002
19332000, -0.269914, -0.468644, -0.000002
19336000, -0.501409, -0.505071, -0.000002
19340000, -0.430633, -0.583343, 0.000001
19344000, -0.185686, -0.461873, 0.000001
19348000, -0.213074, -0.528085, -0.000002
19352000, -0.179363, -0.451162, 0.000001
19356000, -0.306788, -0.348610, 0.000000
19360000, -0.266575, -0.329798, -0.000002
19364000, -0.225654, 0.073588, 0.000000
19368000, -0.309335, -0.087687, -0.000000
19372000, -0.279527, -0.134537, 0.000001
19376000, -0.168483, -0.156280, -0.000001
19380000, -0.087712, -0.192222, 0.000000
19384000, -0.247777, -0.188265, -0.000001
19388000, -0.141941, -0.213590, -0.000000
19392000, -0.002056, -0.269290, -0.000000
19396000, 0.155385, -0.229298, -0.000000
19400000, 0.162069, -0.359618, 0.000000
19404000, 0.109013, -0.139424, -0.000001
19408000, 0.072439, -0.194102, -0.000002
19412000, 0.217625, -0.320454, -0.000001
19416000, 0.152046, -0.226054, 0.000000
19420000, 0.170239, -0.106009, -0.000002
19424000, -0.019425, 0.017247, 0.000001
19428000, 0.157093, -0.110405, -0.000000
19432000, 0.088664, -0.012677, -0.000000
19436000, -0.084106, -0.025223, -0.000001
19440000, 0.086408, 0.138379, -0.000001
19444000, 0.018634, 0.038537, -0.000001
19448000, -0.048668, 0.049963, -0.000000
19452000, -0.055618, 0.033608, 0.000001
19456000, -0.045041, -0.096406, 0.000002
19460000, -0.015349, 0.045261, -0.000000
19464000, 0.063246, -0.032025, -0.000001
19468000, 0.112822, -0.104763, 0.000000
19472000, -0.008813, -0.087802, 0.000001
19476000, 0.169816, -0.048772, -0.000001
19480000, 0.041341, 0.087168, 0.000001
19484000, 0.103837, -0.053689, -0.000001
19488000, 0.140706, 0.056493, 0.000001
19492000, 0.038742, 0.069868, -0.000001
19496000, -0.038301, 0.108468, 0.000001
19500000, -0.117463, 0.033637, -0.000003
19504000, -0.098423, 0.088962, 0.000002
19508000, 0.064221, -0.112264, -0.000000
19512000, -0.042508, -0.118630, 0.000000
19516000, -0.061028, -0.151977, -0.000002
19520000, 0.002235, -0.250959, 0.000001
19524000, 0.247224, -0.232537, 0.000000
19528000, 0.120505, -0.102055, -0.000002
19532000, 0.150121, 0.103435, 0.000001
19536000, 0.136621, 0.013040, 0.000002
19540000, 0.139830, 0.064467, 0.000002
19544000, 0.145491, 0.193438, -0.000000
19548000, 0.082463, 0.199242, 0.000001
19552000, -0.030222, -0.146357, 0.000001
19556000, 0.126180, -0.015208, -0.000000
19560000, 0.275894, -0.111726, -0.000003
19564000, 0.212435, -0.187979, 0.000001
19568000, 0.296106, -0.096325, 0.000001
19572000, 0.195953, -0.132159, 0.000002
19576000, 0.233098, 0.076888, -0.000001
19580000, 0.200983, 0.123987, -0.000001
19584000, 0.159889, -0.066049, 0.000000
19588000, 0.267355, -0.074557, -0.000002
19592000, 0.003785, -0.267082, -0.000000
19596000, 0.156220, -0.184734, -0.000001
19600000, 0.071426, -0.261949, 0.000001
19604000, 0.183302, -0.188040, 0.000000
19608000, 0.272101, -0.027479, -0.000000
19612000, 0.098223, -0.046870, 0.000000
19616000, 0.161540, -0.137411, -0.000000
19620000, -0.015426, -0.073080, -0.000002
19624000, 0.227865, -0.045674, -0.000001
19628000, 0.117794, -0.066529, -0.000002
19632000, 0.214558, 0.122761, 0.000001
19636000, 0.260672, 0.131631, -0.000002
19640000, -0.107688, 0.083594, -0.000001
19644000, 0.028375, -0.076968, -0.000002
19648000, -0.080334, -0.033041, 0.000001
19652000, 0.108244, -0.048222, -0.000000
19656000, -0.082859, -0.078215, 0.000002
19660000, 0.011360, -0.233517, 0.000001
19664000, 0.157969, -0.188526, -0.000001
19668000, 0.281993, -0.089552, 0.000002
19672000, 0.228763, -0.179368, -0.000002
19676000, 0.269772, -0.113403, 0.000001
19680000, 0.253329, -0.170687, -0.000000
19684000, 0.101809, -0.195944, 0.000002
19688000, 0.200674, -0.282029, 0.000000
19692000, 0.156038, -0.457693, -0.000001
19696000, 0.333318, -0.348932, -0.000001
19700000, 0.379877, -0.338095, -0.000001
19704000, 0.255394, -0.210597, 0.000002
19708000, 0.298732, 0.035467, 0.000001
19712000, 0.190090, 0.075580, -0.000000
19716000, 0.325643, 0.134520, 0.000003
19720000, 0.185508, 0.076628, -0.000002
19724000, 0.390550, -0.111971, 0.000001
19728000, 0.316061, 0.064480, -0.000000
19732000, 0.300704, -0.051455, -0.000000
19736000, 0.429143, 0.154677, 0.000001
19740000, 0.441026, 0.008042, -0.000003
19744000, 0.515586, 0.072131, -0.000000
19748000, 0.460119, 0.006429, 0.000001
19752000, 0.369439, -0.231790, 0.000002
19756000, 0.429390, -0.180139, -0.000001
19760000, 0.523167, -0.180840, -0.000000
19764000, 0.574041, -0.241663, 0.000001
19768000, 0.578844, -0.186010, 0.000002
19772000, 0.526758, -0.185131, 0.000000
19776000, 0.546772, -0.181541, 0.000000
19780000, 0.522358, -0.142340, 0.000003
19784000, 0.604180, -0.086074, 0.000000
19788000, 0.615724, -0.276339, 0.000001
19792000, 0.584837, -0.361123, -0.000000
19796000, 0.380526, -0.404252, 0.000001
19800000, 0.408832, -0.212797, -0.000000
19804000, 0.450021, -0.266105, 0.000001
19808000, 0.263739, -0.323166, -0.000000
19812000, 0.394146, -0.500794, 0.000002
19816000, 0.349435, -0.436364, 0.000001
19820000, 0.489099, -0.472282, -0.000002
19824000, 0.664131, -0.462590, -0.000000
19828000, 0.551785, -0.567346, -0.000001
19832000, 0.459335, -0.695481, -0.000002
19836000, 0.531292, -0.516616, -0.000002
19840000, 0.520895, -0.463366, -0.000001
19844000, 0.469524, -0.613242, -0.000001
19848000, 0.574827, -0.462814, -0.000001
19852000, 0.610700, -0.113159, 0.000000
19856000, 0.612183, -0.034456, -0.000002
19860000, 0.434479, -0.124541, 0.000002
19864000, 0.395084, -0.175997, 0.000002
19868000, 0.359341, -0.235380, -0.000001
19872000, 0.405203, -0.182872, 0.000002
19876000, 0.461818, -0.003849, -0.000000
19880000, 0.320400, -0.207527, 0.000002
19884000, 0.471706, -0.077943, -0.000001
19888000, 0.485190, -0.037363, 0.000001
19892000, 0.586993, -0.105464, -0.000000
19896000, 0.473527, -0.118920, 0.000001
19900000, 0.593567, -0.132791, 0.000000
19904000, 0.687691, -0.161058, 0.000002
19908000, 0.527702, -0.241647, 0.000001
19912000, 0.233675, -0.468169, -0.000000
19916000, 0.137618, -0.518022, 0.000001
19920000, 0.232700, -0.523469, -0.000000
19924000, 0.243029, -0.404569, 0.000000
19928000, 0.319712, -0.379515, -0.000001
19932000, 0.437554, -0.257870, 0.000001
19936000, 0.252218, -0.429976, -0.000002
19940000, 0.064956, -0.325356, 0.000001
19944000, 0.224507, -0.364130, 0.000001
19948000, 0.171067, -0.310298, 0.000000
19952000, 0.200657, -0.327699, -0.000001
19956000, 0.123017, -0.401224, -0.000001
19960000, 0.128212, -0.318841, -0.000002
19964000, -0.062363, -0.356740, 0.000001
19968000, 0.014130, -0.279994, -0.000001
19972000, 0.024007, -0.215049, -0.000002
19976000, -0.013033, -0.137489, 0.000001
19980000, 0.160491, -0.311090, -0.000001
19984000, 0.391381, -0.263851, -0.000000
19988000, 0.291139, -0.172380, 0.000001
19992000, 0.476783, -0.030755, 0.000001
19996000, 0.289219, -0.220086, -0.000001
20000000, 0.249620, -0.014925, -0.000001
20004000, 0.305367, -0.006141, 0.000001
20008000, 0.377997, -0.048308, 0.000000
20012000, 0.352688, -0.107777, -0.000000
20016000, 0.280131, -0.127592, -0.000000
20020000, 0.317174, 0.152561, -0.000001
20024000, 0.395814, 0.161647, 0.000001
20028000, 0.397843, 0.151241, 0.000002
20032000, 0.398184, 0.325895, -0.000003
20036000, 0.440575, 0.091809, -0.000001
20040000, 0.473746, 0.243099, -0.000000
20044000, 0.200072, 0.336875, -0.000002
20048000, 0.134702, 0.303769, 0.000001
20052000, 0.159418, 0.079470, 0.000001
20056000, 0.208990, 0.154800, 0.000000
20060000, 0.091617, 0.162972, 0.000000
20064000, 0.126822, 0.330550, -0.000001
20068000, 0.170584, 0.260409, 0.000002
20072000, 0.210164, 0.249878, -0.000001
20076000, 0.213357, 0.282230, -0.000002
20080000, 0.244712, 0.407227, -0.000001
20084000, 0.132834, 0.537283, -0.000001
20088000, 0.143855, 0.549561, -0.000001
20092000, 0.145627, 0.498792, 0.000002
20096000, 0.233454, 0.379313, 0.000001
20100000, 0.418417, 0.423819, -0.000001
20104000, 0.258227, 0.225731, -0.000001
20108000, 0.163439, 0.361355, -0.000000
20112000, 0.276730, 0.252383, -0.000000
20116000, 0.230123, 0.501204, 0.000000
20120000, 0.332970, 0.524244, 0.000000
20124000, 0.247280, 0.473851, -0.000001
20128000, 0.292700, 0.390851, 0.000001
20132000, 0.090752, 0.435410, 0.000001
20136000, 0.111339, 0.520831, -0.000001
20140000, 0.113148, 0.471138, 0.000001
20144000, 0.017753, 0.406851, -0.000002
20148000, 0.073638, 0.559868, -0.000000
20152000, 0.204556, 0.460005, 0.000001
20156000, 0.350040, 0.395316, -0.000001
20160000, 0.167402, 0.388778, 0.000000
20164000, 0.227582, 0.410226, -0.000001
20168000, 0.267690, 0.368742, -0.000002
20172000, 0.217402, 0.310590, 0.000001
20176000, 0.337213, 0.315237, 0.000000
20180000, 0.372401, 0.297697, 0.000001
20184000, 0.374760, 0.289612, -0.000000
20188000, 0.398819, 0.256750, 0.000001
20192000, 0.488942, 0.108196, -0.000002
20196000, 0.574611, 0.260097, 0.000000
20200000, 0.581078, 0.172398, 0.000001
20204000, 0.453655, 0.189549, 0.000000
20208000, 0.389800, 0.299281, 0.000000
20212000, 0.570037, 0.411619, 0.000000
20216000, 0.331796, 0.503260, 0.000002
20220000, 0.130176, 0.564592, -0.000000
20224000, 0.173737, 0.514266, -0.000001
20228000, 0.360309, 0.324154, 0.000001
20232000, 0.310201, 0.378416, 0.000001
20236000, 0.563963, 0.298017, 0.000001
20240000, 0.607311, 0.157429, -0.000000
20244000, 0.450781, 0.266681, -0.000001
20248000, 0.338266, 0.187631, -0.000000
20252000, 0.392225, 0.181849, -0.000001
20256000, 0.326507, 0.220794, 0.000001
20260000, 0.291582, 0.379066, -0.000001
20264000, 0.149599, 0.465299, -0.000000
20268000, 0.166804, 0.348193, -0.000000
20272000, 0.160283, 0.442721, -0.000001
20276000, -0.073879, 0.544572, -0.000000
20280000, -0.038469, 0.530189, -0.000000
20284000, 0.037857, 0.528234, -0.000000
20288000, -0.015987, 0.575853, 0.000001
20292000, -0.193658, 0.609407, -0.000000
20296000, -0.152896, 0.507446, -0.000000
20300000, -0.253716, 0.433130, 0.000000
20304000, -0.121987, 0.433266, -0.000002
20308000, -0.222785, 0.481697, -0.000001
20312000, -0.231320, 0.509070, -0.000000
20316000, -0.261097, 0.469410, -0.000000
20320000, -0.490201, 0.511998, -0.000000
20324000, -0.464294, 0.294639, 0.000001
20328000, -0.394065, 0.415287, -0.000000
20332000, -0.316721, 0.264232, 0.000000
20336000, -0.473249, 0.249818, 0.000001
20340000, -0.374710, 0.202732, 0.000002
20344000, -0.328090, 0.187561, 0.000001
20348000, -0.269098, 0.497356, 0.000001
20352000, -0.226749, 0.255255, -0.000001
20356000, -0.326398, 0.377430, 0.000001
20360000, -0.265770, 0.320829, -0.000001
20364000, -0.230630, 0.205042, -0.000001
20368000, -0.255206, 0.171179, -0.000000
20372000, -0.266696, 0.248870, -0.000000
20376000, -0.164871, 0.454157, -0.000001
20380000, -0.328207, 0.272538, 0.000003
20384000, -0.202283, 0.057613, -0.000001
20388000, -0.088372, 0.234229, 0.000003
20392000, -0.070145, 0.063862, 0.000002
20396000, 0.012480, -0.128154, 0.000000
20400000, -0.123760, -0.159452, 0.000001
20404000, -0.017722, -0.144746, -0.000000
20408000, 0.015551, -0.137142, 0.000001
20412000, -0.056533, -0.050268, 0.000000
20416000, -0.212068, -0.018999, 0.000001
20420000, -0.193101, -0.185428, -0.000002
20424000, -0.085402, -0.007511, 0.000000
20428000, -0.244913, 0.031452, -0.000002
20432000, -0.367511, -0.113633, -0.000001
20436000, -0.478268, -0.055097, -0.000002
20440000, -0.481944, -0.051527, 0.000002
20444000, -0.586614, 0.056011, 0.000000
20448000, -0.620756, 0.033877, -0.000000
20452000, -0.572964, -0.383792, -0.000000
20456000, -0.511642, -0.393199, -0.000000
20460000, -0.411642, -0.528158, 0.000000
20464000, -0.271725, -0.489680, -0.000001
20468000, -0.049488, -0.556856, -0.000000
20472000, -0.153071, -0.397486, 0.000002
20476000, -0.176931, -0.342736, 0.000002
20480000, -0.153935, -0.398030, -0.000001
20484000, -0.318108, -0.539522, -0.000000
20488000, -0.468440, -0.501086, 0.000001
20492000, -0.472042, -0.512805, -0.000001
20496000, -0.440313, -0.544957, 0.000001
20500000, -0.616574, -0.458573, -0.000001
20504000, -0.484265, -0.539388, -0.000000
20508000, -0.361129, -0.549795, 0.000000
20512000, -0.238488, -0.424124, 0.000000
20516000, -0.261850, -0.433461, -0.000001
20520000, -0.407408, -0.424234, 0.000001
20524000, -0.451896, -0.449840, 0.000001
20528000, -0.317857, -0.495365, 0.000000
20532000, -0.260998, -0.656092, -0.000001
20536000, -0.250817, -0.726610, 0.000001
20540000, -0.262547, -0.387509, 0.000000
20544000, -0.408630, -0.553945, 0.000000
20548000, -0.117390, -0.531555, -0.000001
20552000, -0.010294, -0.551301, 0.000001
20556000, -0.140323, -0.601075, -0.000001
20560000, -0.297884, -0.525851, 0.000000
20564000, -0.242743, -0.361127, 0.000002
20568000, -0.035449, -0.255321, 0.000001
20572000, -0.245663, -0.275517, 0.000002
20576000, -0.293432, -0.268587, 0.000002
20580000, -0.300198, -0.356763, -0.000000
20584000, -0.302456, -0.442790, -0.000001
20588000, -0.480551, -0.363928, 0.000001
20592000, -0.270754, -0.259682, 0.000002
20596000, -0.350326, -0.296564, -0.000003
20600000, -0.402621, -0.274293, -0.000001
20604000, -0.480067, -0.226513, 0.000000
20608000, -0.380703, -0.288123, 0.000004
20612000, -0.380273, -0.265730, 0.000000
20616000, -0.334826, -0.412483, 0.000001
20620000, -0.436892, -0.365542, 0.000003
20624000, -0.441044, -0.461319, -0.000001
20628000, -0.254558, -0.415771, -0.000001
20632000, -0.297776, -0.678909, 0.000001
20636000, -0.307509, -0.703482, -0.000000
20640000, -0.052958, -0.840490, 0.000000
20644000, -0.016658, -0.794521, -0.000001
20648000, -0.071387, -0.651513, -0.000000
20652000, -0.080544, -0.620241, 0.000001
20656000, 0.067495, -0.407932, -0.000002
20660000, 0.093341, -0.382753, 0.000001
20664000, -0.092819, -0.551910, -0.000001
20668000, -0.004543, -0.402816, 0.000001
20672000, 0.041318, -0.509135, 0.000000
20676000, 0.060530, -0.542162, 0.000000
20680000, 0.069787, -0.619388, 0.000001
20684000, 0.199835, -0.451540, -0.000001
20688000, 0.100358, -0.562456, -0.000001
20692000, 0.062683, -0.431310, -0.000001
20696000, 0.177709, -0.594859, 0.000002
20700000, -0.000899, -0.631151, -0.000000
20704000, 0.165481, -0.459976, -0.000002
20708000, -0.069277, -0.736595, 0.000001
20712000, -0.203446, -0.785470, 0.000002
20716000, -0.224559, -0.713622, -0.000000
20720000, -0.147807, -0.530638, 0.000001
20724000, -0.208951, -0.527412, -0.000002
20728000, -0.150887, -0.505326, -0.000001
20732000, -0.112643, -0.463742, -0.000003
20736000, -0.058462, -0.376370, -0.000000
20740000, -0.217646, -0.295511, -0.000002
20744000, -0.011615, -0.277431, 0.000001
20748000, -0.012631, -0.400612, 0.000003
20752000, -0.161291, -0.298859, 0.000000
20756000, -0.008299, -0.041319, 0.000001
20760000, 0.052592, -0.314951, 0.000000
20764000, 0.021317, -0.376387, 0.000001
20768000, -0.119445, -0.340235, 0.000000
20772000, 0.005265, -0.379088, -0.000001
20776000, 0.127798, -0.315354, -0.000001
20780000, 0.172202, -0.570888, 0.000002
20784000, 0.023763, -0.668477, 0.000000
20788000, 0.111647, -0.690325, 0.000002
20792000, 0.053722, -0.620595, 0.000001
20796000, -0.080852, -0.432854, 0.000000
20800000, -0.045791, -0.351631, 0.000000
20804000, -0.120529, -0.343444, -0.000002
20808000, -0.061488, -0.145994, -0.000001
20812000, -0.229824, -0.321971, -0.000002
20816000, -0.430886, -0.162617, 0.000002
20820000, -0.430027, -0.036253, 0.000001
20824000, -0.321192, -0.185748, -0.000001
20828000, -0.299840, 0.054428, 0.000000
20832000, -0.286338, 0.007410, -0.000001
20836000, -0.322005, 0.239855, 0.000002
20840000, -0.523508, 0.313717, -0.000001
20844000, -0.422532, 0.200473, -0.000001
20848000, -0.554046, 0.206674, 0.000002
20852000, -0.615325, 0.074007, 0.000001
20856000, -0.467070, 0.081029, 0.000002
20860000, -0.513527, 0.323052, 0.000000
20864000, -0.698581, 0.164007, 0.000002
20868000, -0.604016, -0.063980, -0.000002
20872000, -0.704657, -0.079389, -0.000001
20876000, -0.714068, -0.280707, 0.000002
20880000, -0.494077, -0.484296, -0.000001
20884000, -0.510565, -0.402679, 0.000001
20888000, -0.574711, -0.471046, -0.000001
20892000, -0.620740, -0.347647, -0.000001
20896000, -0.290599, -0.367970, -0.000001
20900000, -0.504486, -0.284924, -0.000000
20904000, -0.515972, -0.291146, 0.000001
20908000, -0.500177, -0.119232, 0.000001
20912000, -0.291601, -0.388489, 0.000001
20916000, -0.194168, -0.597967, 0.000003
20920000, -0.136375, -0.530184, -0.000000
20924000, 0.037401, -0.513841, 0.000000
20928000, 0.287458, -0.441997, -0.000002
20932000, 0.323943, -0.638404, -0.000002
20936000, 0.223285, -0.474422, -0.000001
20940000, 0.303440, -0.385100, -0.000000
20944000, 0.063272, -0.558237, -0.000000
20948000, 0.026323, -0.528678, -0.000001
20952000, 0.224148, -0.472566, 0.000000
20956000, 0.321938, -0.334385, -0.000000
20960000, 0.393212, -0.307240, 0.000002
20964000, 0.239999, -0.532750, -0.000001
20968000, 0.132785, -0.562572, -0.000002
20972000, 0.318575, -0.571239, 0.000002
20976000, -0.019724, -0.706406, 0.000002
20980000, -0.076061, -0.639941, 0.000001
20984000, 0.006360, -0.491908, -0.000001
20988000, -0.000006, -0.589861, 0.000002
20992000, -0.029061, -0.562740, 0.000000
20996000, 0.043883, -0.541590, 0.000001
21000000, 0.015017, -0.731341, 0.000000
21004000, 0.260348, -0.533882, 0.000000
21008000, 0.253830, -0.549141, -0.000000
21012000, 0.327295, -0.509788, -0.000002
21016000, 0.223171, -0.429420, 0.000001
21020000, 0.542029, -0.360201, -0.000001
21024000, 0.392035, -0.251084, -0.000001
21028000, 0.471345, -0.228456, -0.000000
21032000, 0.274278, -0.318153, -0.000002
21036000, 0.234800, -0.607031, -0.000002
21040000, 0.446883, -0.294305, 0.000000
21044000, 0.289944, -0.304727, 0.000000
21048000, 0.445112, -0.132944, 0.000001
21052000, 0.473825, -0.161228, -0.000001
21056000, 0.395476, -0.206672, 0.000001
21060000, 0.385086, -0.160890, 0.000003
21064000, 0.460928, -0.339366, 0.000000
21068000, 0.459517, -0.222385, -0.000001
21072000, 0.355282, 0.049941, 0.000001
21076000, 0.373615, -0.018859, 0.000000
21080000, 0.383551, -0.110355, -0.000001
21084000, 0.378641, -0.243780, -0.000000
21088000, 0.445148, -0.151980, 0.000000
21092000, 0.594895, -0.089994, 0.000001
21096000, 0.371813, -0.032907, -0.000000
21100000, 0.361574, -0.109276, 0.000000
21104000, 0.496975, -0.136740, 0.000001
21108000, 0.447279, -0.121353, -0.000001
21112000, 0.490620, -0.130984, 0.000001
21116000, 0.316593, -0.148980, -0.000000
21120000, 0.394482, 0.046019, -0.000001
21124000, 0.445183, -0.265543, 0.000001
21128000, 0.579365, -0.315987, 0.000001
21132000, 0.565398, -0.037384, -0.000001
21136000, 0.458383, -0.121707, 0.000001
21140000, 0.384006, -0.064287, 0.000002
21144000, 0.341858, -0.100374, -0.000002
21148000, 0.140802, 0.119266, -0.000000
21152000, 0.126957, -0.045127, -0.000000
21156000, 0.470029, -0.154414, -0.000000
21160000, 0.587324, -0.218946, -0.000000
21164000, 0.513780, -0.120893, -0.000001
21168000, 0.353147, -0.061879, 0.000001
21172000, 0.368572, 0.001916, -0.000001
21176000, 0.343811, -0.003851, 0.000001
21180000, 0.352143, 0.102944, 0.000002
21184000, 0.416237, 0.143955, -0.000003
21188000, 0.611886, 0.195363, -0.000000
21192000, 0.492303, 0.033559, -0.000000
21196000, 0.297413, 0.240774, 0.000001
21200000, 0.386320, 0.204354, 0.000000
21204000, 0.460723, 0.176586, 0.000002
21208000, 0.320772, 0.417801, -0.000000
21212000, 0.150791, 0.382493, 0.000001
21216000, 0.270653, 0.543062, 0.000002
21220000, 0.317496, 0.586139, -0.000000
21224000, 0.016289, 0.578307, -0.000001
21228000, 0.171128, 0.536961, 0.000001
21232000, 0.033149, 0.597695, -0.000000
21236000, 0.136504, 0.462052, -0.000000
21240000, -0.131803, 0.619056, -0.000001
21244000, 0.034933, 0.413633, 0.000002
21248000, 0.013599, 0.549334, -0.000000
21252000, 0.069888, 0.485908, -0.000002
21256000, 0.101528, 0.291355, 0.000002
21260000, 0.287630, 0.277230, -0.000001
21264000, 0.342213, 0.377070, -0.000002
21268000, 0.289990, 0.271534, 0.000002
21272000, 0.229447, 0.313629, 0.000000
21276000, 0.148556, 0.337912, 0.000000
21280000, 0.173397, 0.265742, 0.000001
21284000, 0.346608, 0.320053, -0.000002
21288000, 0.271644, 0.340798, 0.000000
21292000, 0.263122, 0.503659, -0.000003
21296000, 0.093604, 0.421798, -0.000001
21300000, 0.237765, 0.458588, 0.000001
21304000, 0.296012, 0.443075, -0.000000
21308000, 0.307115, 0.428258, 0.000001
21312000, 0.388605, 0.388066, 0.000000
21316000, 0.387849, 0.544144, -0.000001
21320000, 0.344824, 0.576198, 0.000002
21324000, 0.385968, 0.829722, -0.000001
21328000, 0.479176, 0.615936, -0.000002
21332000, 0.404894, 0.816103, 0.000000
21336000, 0.494519, 0.575298, 0.000000
21340000, 0.318126, 0.635929, 0.000000
21344000, 0.135354, 0.713521, -0.000001
21348000, 0.048303, 0.830648, 0.000000
21352000, -0.004133, 0.737952, 0.000001
21356000, 0.038717, 0.622967, -0.000002
21360000, 0.096277, 0.644548, 0.000001
21364000, 0.069485, 0.800044, 0.000001
21368000, -0.011488, 0.892414, -0.000001
21372000, 0.298102, 0.900028, 0.000001
21376000, 0.486994, 0.672345, -0.000002
21380000, 0.570938, 0.436525, -0.000001
21384000, 0.493776, 0.493942, 0.000000
21388000, 0.245374, 0.580513, 0.000001
21392000, 0.182546, 0.466668, 0.000001
21396000, 0.228885, 0.355769, -0.000001
21400000, 0.325071, 0.270060, -0.000002
21404000, 0.176807, 0.395852, -0.000001
21408000, 0.111578, 0.280181, 0.000000
21412000, 0.134914, 0.357320, -0.000001
21416000, 0.162561, 0.460629, -0.000000
21420000, 0.183848, 0.369767, -0.000000
21424000, 0.024701, 0.177016, -0.000000
21428000, 0.430560, 0.355572, -0.000001
21432000, 0.255031, 0.262966, -0.000001
21436000, 0.202914, 0.320434, -0.000002
21440000, 0.201897, 0.251816, -0.000001
21444000, 0.169806, 0.320186, 0.000002
21448000, -0.088159, 0.093560, -0.000001
21452000, 0.178745, 0.380788, 0.000001
21456000, 0.318139, 0.442335, -0.000003
21460000, 0.286987, 0.510972, -0.000001
21464000, 0.631754, 0.426794, -0.000001
21468000, 0.502691, 0.393929, 0.000000
21472000, 0.514152, 0.436984, -0.000000
21476000, 0.316186, 0.478414, 0.000002
21480000, 0.677012, 0.254941, 0.000002
21484000, 0.649500, 0.053608, -0.000001
21488000, 0.575186, 0.293287, 0.000002
21492000, 0.400626, 0.139128, 0.000000
21496000, 0.466042, 0.312703, 0.000000
21500000, 0.425721, 0.363450, 0.000001
21504000, 0.255759, 0.383566, -0.000000
21508000, 0.272957, 0.258636, 0.000000
21512000, 0.340627, 0.294440, -0.000001
21516000, 0.558428, 0.302214, 0.000001
21520000, 0.558531, 0.282232, 0.000002
21524000, 0.368214, 0.248073, -0.000001
21528000, 0.581210, 0.192189, 0.000001
21532000, 0.586458, -0.049850, 0.000000
21536000, 0.458959, 0.111833, -0.000002
21540000, 0.486611, -0.123169, 0.000001
21544000, 0.512333, -0.227679, -0.000000
21548000, 0.409486, -0.056276, 0.000000
21552000, 0.162083, 0.016103, 0.000001
21556000, 0.194389, 0.139617, 0.000001
21560000, 0.254733, 0.071629, 0.000002
21564000, 0.325067, 0.243225, 0.000001
21568000, 0.256773, 0.174262, -0.000001
21572000, 0.079831, 0.206639, 0.000001
21576000, 0.115788, 0.095029, -0.000000
21580000, -0.073818, 0.158290, -0.000001
21584000, -0.055408, 0.086044, -0.000002
21588000, 0.037807, 0.070120, 0.000001
21592000, 0.175665, 0.044470, 0.000000
21596000, 0.100049, -0.031130, 0.000002
21600000, 0.179957, -0.128692, -0.000000
21604000, 0.309113, -0.102804, 0.000001
21608000, 0.411812, -0.182186, -0.000001
21612000, 0.547145, -0.178502, 0.000000
21616000, 0.482989, -0.245426, -0.000000
21620000, 0.417544, -0.319833, 0.000000
21624000, 0.502143, -0.141613, 0.000001
21628000, 0.463077, -0.226734, -0.000000
21632000, 0.304108, -0.331674, 0.000000
21636000, 0.291163, -0.253351, 0.000002
21640000, 0.259888, -0.042930, 0.000001
21644000, 0.185355, 0.050177, 0.000001
21648000, 0.310945, 0.124176, -0.000002
21652000, 0.263080, 0.194528, 0.000000
21656000, 0.428958, 0.033894, -0.000003
21660000, 0.391843, 0.085601, -0.000001
21664000, 0.606925, -0.162967, -0.000002
21668000, 0.660394, -0.203348, 0.000000
21672000, 0.682132, -0.115779, -0.000000
21676000, 0.528217, -0.286736, -0.000000
21680000, 0.532052, -0.201781, 0.000000
21684000, 0.525361, -0.248406, 0.000001
21688000, 0.562612, -0.233705, -0.000002
21692000, 0.487955, -0.293967, 0.000001
21696000, 0.628694, -0.336876, 0.000000
21700000, 0.524762, -0.220140, 0.000002
21704000, 0.356948, -0.336098, 0.000000
21708000, 0.510227, -0.407863, 0.000002
21712000, 0.591780, -0.447543, -0.000000
21716000, 0.677060, -0.166033, -0.000002
21720000, 0.520096, -0.437729, -0.000000
21724000, 0.332489, -0.571471, -0.000002
21728000, 0.683548, -0.209143, 0.000000
21732000, 0.741843, -0.366357, -0.000001
21736000, 0.407873, -0.566139, 0.000000
21740000, 0.532791, -0.510776, -0.000002
21744000, 0.542632, -0.607704, 0.000001
21748000, 0.377164, -0.470316, -0.000002
21752000, 0.456377, -0.565292, -0.000002
21756000, 0.340632, -0.517396, -0.000000
21760000, 0.447712, -0.322881, -0.000000
21764000, 0.416280, -0.320918, -0.000000
21768000, 0.498257, -0.378450, -0.000000
21772000, 0.519134, -0.316915, 0.000000
21776000, 0.484169, -0.186075, -0.000001
21780000, 0.565004, -0.120253, -0.000001
21784000, 0.493217, -0.291741, 0.000002
21788000, 0.609830, -0.166445, 0.000001
21792000, 0.695697, -0.205095, 0.000001
21796000, 0.654241, 0.054365, 0.000001
21800000, 0.534331, 0.117253, 0.000003
21804000, 0.653211, 0.094827, 0.000003
21808000, 0.471629, 0.118592, -0.000000
21812000, 0.564877, 0.265749, -0.000001
21816000, 0.420024, 0.468954, -0.000001
21820000, 0.497305, 0.393802, -0.000000
21824000, 0.427474, 0.238937, -0.000000
21828000, 0.538205, 0.383814, -0.000003
21832000, 0.481171, 0.196880, -0.000002
21836000, 0.368005, 0.125118, -0.000001
21840000, 0.501957, 0.142953, 0.000001
21844000, 0.677556, 0.491053, -0.000000
21848000, 0.338121, 0.708412, -0.000001
21852000, 0.503199, 0.681395, -0.000000
21856000, 0.375217, 0.655458, -0.000002
21860000, 0.604587, 0.488194, -0.000000
21864000, 0.482584, 0.584012, 0.000001
21868000, 0.248019, 0.402049, 0.000001
21872000, 0.225562, 0.498207, -0.000001
21876000, 0.349028, 0.376957, -0.000000
21880000, 0.405251, 0.465297, -0.000000
21884000, 0.321720, 0.490301, -0.000003
21888000, 0.202920, 0.654967, -0.000001
21892000, 0.039128, 0.787773, -0.000002
21896000, 0.163726, 0.669450, 0.000001
21900000, 0.167261, 0.445396, 0.000002
21904000, 0.253494, 0.573891, 0.000001
21908000, 0.373948, 0.448348, -0.000001
21912000, 0.370798, 0.457021, 0.000002
21916000, 0.452390, 0.476291, 0.000001
21920000, 0.500837, 0.456352, 0.000001
21924000, 0.437333, 0.462314, 0.000000
21928000, 0.573216, 0.571019, -0.000002
21932000, 0.587102, 0.632516, -0.000001
21936000, 0.208890, 0.777222, 0.000001
21940000, 0.199939, 0.829478, 0.000001
21944000, 0.297354, 0.822928, -0.000000
21948000, 0.230487, 0.700264, -0.000001
21952000, 0.035030, 0.730850, -0.000000
21956000, 0.029434, 0.669253, -0.000000
21960000, -0.188966, 0.628850, 0.000001
21964000, -0.041332, 0.517803, -0.000000
21968000, 0.125488, 0.671577, 0.000002
21972000, 0.045192, 0.627610, 0.000000
21976000, -0.051168, 0.685258, -0.000000
21980000, -0.157081, 0.873556, 0.000001
21984000, -0.187547, 0.776288, -0.000000
21988000, -0.247585, 0.591356, 0.000001
21992000, -0.352190, 0.517361, -0.000001
21996000, -0.369045, 0.629156, -0.000002
22000000, -0.427650, 0.556087, -0.000002
22004000, -0.359274, 0.458556, -0.000002
22008000, -0.459682, 0.549331, -0.000001
22012000, -0.563263, 0.335364, -0.000000
22016000, -0.518057, 0.318086, -0.000000
22020000, -0.610311, 0.436843, -0.000000
22024000, -0.525053, 0.431700, -0.000001
22028000, -0.435979, 0.465560, 0.000002
22032000, -0.353567, 0.593494, 0.000001
22036000, -0.281040, 0.505333, 0.000000
22040000, -0.551980, 0.148136, 0.000001
22044000, -0.615608, 0.204675, 0.000001
22048000, -0.735350, -0.102848, 0.000001
22052000, -0.707575, -0.003666, 0.000000
22056000, -0.705656, 0.153903, -0.000001
22060000, -0.802262, -0.064240, 0.000002
22064000, -0.640452, 0.067004, 0.000002
22068000, -0.394206, 0.242983, -0.000001
22072000, -0.432064, 0.097849, 0.000000
22076000, -0.406533, 0.081107, 0.000003
22080000, -0.335856, -0.036200, -0.000001
22084000, -0.434210, 0.038116, -0.000001
22088000, -0.460032, 0.083156, -0.000001
22092000, -0.393241, 0.086267, -0.000001
22096000, -0.627054, 0.098640, -0.000001
22100000, -0.704086, -0.051042, 0.000002
22104000, -0.668283, -0.044229, -0.000001
22108000, -0.581765, 0.149218, -0.000001
22112000, -0.412162, 0.100457, -0.000002
22116000, -0.485016, -0.173164, -0.000000
22120000, -0.558124, -0.168616, 0.000002
22124000, -0.425893, -0.168863, -0.000001
22128000, -0.345599, -0.219314, 0.000001
22132000, -0.490250, -0.198059, -0.000002
22136000, -0.532794, -0.190638, -0.000001
22140000, -0.388197, -0.148822, 0.000001
22144000, -0.407920, -0.394116, 0.000001
22148000, -0.552020, -0.394747, 0.000000
22152000, -0.405772, -0.243423, -0.000001
22156000, -0.598071, -0.116035, 0.000000
22160000, -0.573371, -0.158356, 0.000001
22164000, -0.497942, -0.055173, -0.000001
22168000, -0.425772, -0.187810, 0.000000
22172000, -0.491465, -0.418309, 0.000000
22176000, -0.523762, -0.207569, -0.000001
22180000, -0.344334, 0.051820, -0.000000
22184000, -0.553549, -0.071697, -0.000000
22188000, -0.378620, -0.197059, 0.000002
22192000, -0.399837, -0.459110, 0.000000
22196000, -0.626586, -0.201608, 0.000002
22200000, -0.489264, -0.339388, -0.000000
22204000, -0.468285, -0.186628, -0.000001
22208000, -0.491619, -0.445540, 0.000000
22212000, -0.493859, -0.426317, -0.000002
22216000, -0.328421, -0.421441, 0.000000
22220000, -0.367788, -0.469754, -0.000002
22224000, -0.459793, -0.381755, -0.000001
22228000, -0.387141, -0.454074, -0.000001
22232000, -0.470017, -0.289260, 0.000000
22236000, -0.546571, -0.209285, -0.000000
22240000, -0.546676, -0.142745, -0.000002
22244000, -0.665589, -0.211105, -0.000001
22248000, -0.566995, -0.220347, 0.000001
22252000, -0.513341, -0.200763, -0.000002
22256000, -0.473446, -0.126819, 0.000001
22260000, -0.462790, -0.107646, -0.000002
22264000, -0.378512, -0.100695, 0.000000
22268000, -0.523727, 0.031954, -0.000001
22272000, -0.448832, 0.029806, -0.000001
22276000, -0.551757, 0.091106, -0.000000
22280000, -0.614632, 0.111992, 0.000002
22284000, -0.579416, 0.040170, -0.000001
22288000, -0.505984, 0.335827, 0.000001
22292000, -0.505284, 0.348832, 0.000000
22296000, -0.631445, 0.462280, -0.000001
22300000, -0.511869, 0.363929, 0.000001
22304000, -0.605404, 0.336159, -0.000001
22308000, -0.404911, 0.371348, 0.000000
22312000, -0.401875, 0.228543, 0.000001
22316000, -0.285145, 0.401284, 0.000001
22320000, -0.160510, 0.339035, 0.000001
22324000, -0.360801, 0.281640, -0.000001
22328000, -0.390078, 0.280051, -0.000000
22332000, -0.439425, 0.575278, 0.000000
22336000, 0.095813, 0.616974, 0.000000
22340000, -0.021858, 0.529431, 0.000000
22344000, 0.229461, 0.528638, 0.000001
22348000, 0.485187, 0.438917, -0.000001
22352000, 0.540157, 0.362381, -0.000002
22356000, 0.443160, 0.446943, -0.000001
22360000, 0.345333, 0.496700, 0.000001
22364000, 0.286753, 0.446286, -0.000001
22368000, 0.159344, 0.580090, -0.000001
22372000, 0.352404, 0.491633, -0.000001
22376000, 0.490158, 0.330527, -0.000000
22380000, 0.632237, 0.395194, 0.000001
22384000, 0.629080, 0.429572, 0.000000
22388000, 0.514964, 0.454837, 0.000001
22392000, 0.628395, 0.315432, -0.000000
22396000, 0.519432, 0.203710, 0.000002
22400000, 0.703358, 0.157133, -0.000002
22404000, 0.607788, 0.137409, 0.000000
22408000, 0.704934, 0.030985, -0.000001
22412000, 0.705284, -0.070610, 0.000001
22416000, 0.648143, 0.093799, 0.000001
22420000, 0.743828, -0.112920, 0.000002
22424000, 0.781319, 0.013968, 0.000000
22428000, 0.744742, -0.060625, 0.000001
22432000, 0.652580, -0.240355, 0.000001
22436000, 0.727808, -0.249538, -0.000001
22440000, 0.627241, -0.322659, -0.000002
22444000, 0.352021, -0.511595, -0.000000
22448000, 0.324836, -0.491421, -0.000000
22452000, 0.257965, -0.490072, -0.000002
22456000, 0.200814, -0.429817, 0.000000
22460000, 0.259974, -0.401410, -0.000000
22464000, -0.016429, -0.454249, -0.000000
22468000, -0.077255, -0.433232, -0.000001
22472000, 0.071097, -0.250296, -0.000002
22476000, -0.073747, -0.457706, 0.000002
22480000, 0.020924, -0.108496, -0.000003
22484000, -0.144864, -0.022137, 0.000000
22488000, 0.239647, -0.079297, -0.000001
22492000, 0.120251, -0.012922, -0.000002
22496000, 0.065792, 0.179009, 0.000000
22500000, 0.129955, 0.034346, -0.000001
22504000, 0.135380, 0.064378, 0.000000
22508000, 0.147190, -0.241850, 0.000000
22512000, 0.126175, -0.205121, -0.000001
22516000, 0.217922, -0.092619, 0.000000
22520000, 0.518250, -0.095530, 0.000002
22524000, 0.263119, -0.077376, -0.000001
22528000, 0.194472, -0.026587, -0.000001
22532000, 0.142951, -0.124431, -0.000001
22536000, 0.183757, -0.220004, -0.000001
22540000, 0.113843, -0.382034, -0.000001
22544000, 0.081811, -0.511844, -0.000001
22548000, 0.150416, -0.513900, 0.000001
22552000, 0.230991, -0.605893, -0.000001
22556000, 0.181076, -0.664250, 0.000003
22560000, 0.088476, -0.662614, 0.000001
22564000, 0.159224, -0.644293, -0.000001
22568000, -0.152711, -0.759613, -0.000001
22572000, -0.021681, -0.797140, -0.000001
22576000, -0.163222, -0.693639, -0.000001
22580000, -0.078096, -0.592695, -0.000002
22584000, -0.124635, -0.554831, -0.000001
22588000, -0.134421, -0.703465, -0.000003
22592000, 0.018336, -0.703650, -0.000001
22596000, 0.064033, -0.687685, -0.000001
22600000, 0.152312, -0.616997, -0.000000
22604000, 0.000413, -0.682920, 0.000001
22608000, -0.049970, -0.849986, 0.000002
22612000, 0.168800, -0.782352, -0.000001
22616000, -0.118561, -0.777011, 0.000001
22620000, 0.126830, -0.570413, -0.000000
22624000, 0.031368, -0.630679, -0.000001
22628000, -0.117058, -0.698605, 0.000002
22632000, -0.165941, -0.654499, 0.000002
22636000, -0.002576, -0.667899, -0.000003
22640000, 0.084529, -0.554687, -0.000001
22644000, -0.088160, -0.634286, -0.000000
22648000, -0.209272, -0.641271, -0.000000
22652000, -0.475698, -0.585593, 0.000001
22656000, -0.352163, -0.676350, 0.000000
22660000, -0.330416, -0.422614, -0.000001
22664000, -0.437392, -0.381313, -0.000000
22668000, -0.374922, -0.202867, -0.000000
22672000, -0.531420, -0.194952, -0.000000
22676000, -0.659877, -0.088789, -0.000002
22680000, -0.715541, -0.046217, 0.000001
22684000, -0.635084, -0.013540, 0.000001
22688000, -0.626073, 0.117133, 0.000002
22692000, -0.478687, 0.066568, 0.000001
22696000, -0.525139, 0.237472, -0.000001
22700000, -0.333758, 0.288880, 0.000000
22704000, -0.391638, 0.373535, 0.000002
22708000, -0.439790, 0.180163, 0.000001
22712000, -0.490638, 0.242583, 0.000001
22716000, -0.308041, 0.226493, -0.000001
22720000, -0.381766, 0.267573, 0.000001
22724000, -0.446226, 0.264047, -0.000000
22728000, -0.471433, 0.164835, 0.000002
22732000, -0.438137, 0.172062, -0.000000
22736000, -0.452503, 0.101609, 0.000000
22740000, -0.646987, 0.015277, 0.000000
22744000, -0.510299, -0.072777, -0.000000
22748000, -0.493793, -0.414798, -0.000001
22752000, -0.245535, -0.326918, 0.000001
22756000, -0.492125, -0.265093, 0.000000
22760000, -0.418205, -0.228272, 0.000001
22764000, -0.344492, -0.140269, 0.000002
22768000, -0.361158, -0.125362, -0.000001
22772000, -0.455883, -0.363861, 0.000000
22776000, -0.488962, -0.330078, 0.000001
22780000, -0.307261, -0.513488, -0.000000
22784000, -0.301393, -0.495264, -0.000001
22788000, -0.423815, -0.574948, -0.000001
22792000, -0.424117, -0.277732, 0.000000
22796000, -0.419276, -0.306441, 0.000001
22800000, -0.143448, -0.429201, 0.000002
22804000, -0.224819, -0.524656, -0.000001
22808000, -0.399920, -0.493871, 0.000000
22812000, -0.468377, -0.451615, 0.000001
22816000, -0.446173, -0.684297, 0.000000
22820000, -0.295879, -0.567316, -0.000001
22824000, -0.259254, -0.520515, -0.000002
22828000, -0.406854, -0.622518, -0.000001
22832000, -0.156263, -0.803991, -0.000001
22836000, -0.301288, -0.645012, 0.000000
22840000, -0.369146, -0.546170, 0.000002
22844000, -0.423569, -0.476778, 0.000003
22848000, -0.478681, -0.484461, -0.000002
22852000, -0.523524, -0.396159, 0.000001
22856000, -0.400505, -0.373156, -0.000001
22860000, -0.451355, -0.405358, -0.000000
22864000, -0.302984, -0.490619, 0.000000
22868000, -0.408925, -0.485784, 0.000002
22872000, -0.286808, -0.460265, 0.000001
22876000, -0.263241, -0.637874, 0.000002
22880000, -0.535349, -0.454889, 0.000001
22884000, -0.368027, -0.784791, -0.000001
22888000, -0.089135, -0.882914, 0.000001
22892000, -0.003651, -0.744323, -0.000001
22896000, 0.037335, -0.771999, -0.000001
22900000, -0.022472, -0.653595, 0.000002
22904000, -0.061942, -0.669423, 0.000002
22908000, 0.212109, -0.713277, 0.000004
22912000, 0.374236, -0.646104, -0.000001
22916000, 0.439982, -0.656266, 0.000000
22920000, 0.246925, -0.729898, 0.000002
22924000, 0.439727, -0.528986, -0.000000
22928000, 0.311259, -0.618916, 0.000001
22932000, 0.268357, -0.622934, 0.000001
22936000, 0.558882, -0.470145, 0.000001
22940000, 0.536072, -0.478456, 0.000001
22944000, 0.607658, -0.478524, -0.000000
22948000, 0.496878, -0.247383, -0.000000
22952000, 0.490360, -0.336931, -0.000001
22956000, 0.337844, -0.371089, -0.000001
22960000, 0.391544, -0.432549, -0.000001
22964000, 0.518101, -0.523796, -0.000000
22968000, 0.315882, -0.373623, -0.000000
22972000, 0.498180, -0.130732, -0.000002
22976000, 0.476769, -0.043421, -0.000003
22980000, 0.637321, -0.161608, -0.000001
22984000, 0.677778, 0.008589, 0.000001
22988000, 0.423764, -0.000656, 0.000001
22992000, 0.707156, 0.184438, 0.000003
22996000, 0.722479, -0.017994, 0.000002
23000000, 0.586270, 0.044253, -0.000001
23004000, 0.531174, -0.073412, 0.000000
23008000, 0.417521, -0.302944, -0.000001
23012000, 0.354638, 0.068690, -0.000000
23016000, 0.288277, -0.283757, -0.000001
23020000, 0.390197, 0.025723, -0.000002
23024000, 0.286132, -0.018462, -0.000000
23028000, 0.204245, -0.136556, 0.000001
23032000, 0.137527, -0.066193, -0.000002
23036000, 0.405444, -0.033510, 0.000001
23040000, 0.432726, -0.316743, 0.000000
23044000, 0.457861, -0.472108, -0.000001
23048000, 0.184347, -0.356992, 0.000000
23052000, 0.069430, -0.350586, 0.000000
23056000, 0.239873, -0.208390, -0.000002
23060000, 0.289994, -0.296834, 0.000001
23064000, 0.281912, -0.165610, -0.000001
23068000, 0.445476, -0.351911, -0.000000
23072000, 0.743634, -0.253201, -0.000000
23076000, 0.652998, -0.324800, -0.000001
23080000, 0.602337, 0.090571, 0.000002
23084000, 0.628505, 0.239618, -0.000000
23088000, 0.739076, 0.349381, -0.000002
23092000, 0.592864, 0.239061, 0.000001
23096000, 0.728486, -0.047426, -0.000002
23100000, 0.727159, -0.000598, 0.000002
23104000, 0.744298, -0.255535, -0.000003
23108000, 0.795028, -0.152618, -0.000000
23112000, 0.631277, -0.193090, -0.000001
23116000, 0.558072, -0.371294, 0.000001
23120000, 0.465790, -0.415298, -0.000002
23124000, 0.673682, -0.228760, 0.000002
23128000, 0.622163, -0.190141, 0.000000
23132000, 0.657407, -0.306462, 0.000000
23136000, 0.612311, -0.267486, -0.000001
23140000, 0.665442, -0.308491, -0.000002
23144000, 0.735804, -0.262855, -0.000000
23148000, 0.498539, -0.255050, 0.000001
23152000, 0.593820, -0.191056, -0.000000
23156000, 0.428308, -0.213039, -0.000000
23160000, 0.781999, 0.013943, -0.000001
23164000, 0.718351, -0.070897, -0.000002
23168000, 0.661704, -0.002873, 0.000001
23172000, 0.776983, -0.022532, 0.000001
23176000, 0.647057, 0.001391, -0.000003
23180000, 0.728786, 0.021420, -0.000001
23184000, 0.608379, 0.059669, -0.000000
23188000, 0.661136, 0.284121, -0.000000
23192000, 0.491094, 0.385532, -0.000001
23196000, 0.587443, 0.202451, 0.000001
23200000, 0.688208, 0.031565, 0.000002
23204000, 0.733658, 0.106171, -0.000001
23208000, 0.637254, 0.233383, -0.000001
23212000, 0.701924, 0.227478, 0.000001
23216000, 0.696808, 0.198171, -0.000000
23220000, 0.841255, 0.181138, -0.000001
23224000, 0.770766, 0.149168, 0.000001
23228000, 0.717761, -0.070714, -0.000000
23232000, 0.610286, -0.109335, 0.000001
23236000, 0.570832, -0.222950, -0.000001
23240000, 0.649472, -0.138962, 0.000000
23244000, 0.566684, -0.222055, -0.000002
23248000, 0.428426, -0.290223, 0.000001
23252000, 0.572243, -0.364667, -0.000000
23256000, 0.503114, -0.471661, -0.000000
23260000, 0.394622, -0.247430, -0.000001
23264000, 0.561955, -0.400099, 0.000001
23268000, 0.593997, -0.329391, -0.000002
23272000, 0.576371, -0.620259, -0.000000
23276000, 0.414607, -0.618445, -0.000001
23280000, 0.625344, -0.428277, 0.000001
23284000, 0.665119, -0.338528, -0.000001
23288000, 0.578970, -0.436196, -0.000000
23292000, 0.666547, -0.382768, 0.000002
23296000, 0.659307, -0.490542, 0.000001
23300000, 0.571827, -0.382595, -0.000000
23304000, 0.477382, -0.366091, 0.000000
23308000, 0.468501, -0.523209, -0.000000
23312000, 0.493714, -0.423415, -0.000001
23316000, 0.431765, -0.469000, -0.000000
23320000, 0.587417, -0.357268, 0.000000
23324000, 0.510343, -0.147925, -0.000002
23328000, 0.642876, -0.215684, -0.000000
23332000, 0.697896, -0.192029, 0.000001
23336000, 0.618562, -0.166541, -0.000000
23340000, 0.729946, -0.229690, 0.000001
23344000, 0.713120, -0.195690, -0.000000
23348000, 0.566162, -0.358728, -0.000000
23352000, 0.620949, -0.118591, -0.000002
23356000, 0.639926, 0.081790, 0.000001
23360000, 0.678543, 0.012083, 0.000001
23364000, 0.727228, 0.110134, 0.000002
23368000, 0.591245, 0.295631, -0.000001
23372000, 0.418206, 0.023151, -0.000001
23376000, 0.304518, -0.231028, -0.000001
23380000, 0.312332, -0.204976, 0.000001
23384000, 0.285192, -0.409363, 0.000001
23388000, 0.332745, -0.474439, -0.000001
23392000, 0.237014, -0.499881, 0.000001
23396000, 0.190475, -0.364781, -0.000002
23400000, -0.151375, -0.357927, -0.000002
23404000, -0.306403, -0.411419, -0.000001
23408000, -0.291559, -0.258926, 0.000001
23412000, -0.217144, -0.371832, 0.000002
23416000, -0.470332, -0.241402, -0.000000
23420000, -0.167467, -0.404565, -0.000000
23424000, -0.245801, -0.402339, -0.000002
23428000, -0.153791, -0.379497, 0.000001
23432000, -0.158200, -0.225980, -0.000000
23436000, -0.221257, -0.316216, -0.000000
23440000, -0.151929, -0.306290, -0.000000
23444000, 0.097805, -0.176123, -0.000000
23448000, 0.074192, -0.441022, 0.000000
23452000, 0.039583, -0.476952, -0.000002
23456000, 0.069379, -0.371028, -0.000001
23460000, 0.075347, -0.346547, 0.000000
23464000, 0.072554, -0.267960, 0.000001
23468000, 0.257536, -0.296679, 0.000000
23472000, 0.456810, -0.229838, 0.000000
23476000, 0.366999, -0.253172, 0.000001
23480000, 0.368738, -0.249811, 0.000001
23484000, 0.281094, -0.270344, 0.000002
23488000, 0.352056, -0.241828, 0.000001
23492000, 0.325507, -0.255274, 0.000000
23496000, 0.403359, -0.322810, 0.000001
23500000, 0.238510, -0.297357, 0.000001
23504000, 0.476165, -0.220748, -0.000001
23508000, 0.518201, -0.146275, 0.000000
23512000, 0.506526, -0.049172, 0.000001
23516000, 0.599382, -0.050707, 0.000000
23520000, 0.666147, -0.003254, -0.000000
23524000, 0.456325, 0.051385, -0.000000
23528000, 0.626737, 0.007267, 0.000000
23532000, 0.716012, 0.117774, -0.000000
23536000, 0.602962, -0.071340, 0.000000
23540000, 0.647156, 0.016572, -0.000001
23544000, 0.697723, 0.167000, -0.000001
23548000, 0.820176, 0.061152, -0.000000
23552000, 0.812183, 0.208583, 0.000000
23556000, 0.857192, 0.138054, -0.000000
23560000, 0.828500, 0.222385, -0.000000
23564000, 0.846885, 0.248133, -0.000000
23568000, 0.825779, 0.103316, 0.000001
23572000, 0.820788, -0.020657, -0.000000
23576000, 0.813509, 0.045779, -0.000000
23580000, 0.821175, 0.019143, -0.000001
23584000, 0.734782, -0.101882, 0.000001
23588000, 0.752923, -0.098608, 0.000003
23592000, 0.561356, -0.305999, 0.000001
23596000, 0.651251, -0.209754, 0.000001
23600000, 0.657682, -0.259385, -0.000001
23604000, 0.559286, -0.524926, -0.000001
23608000, 0.586882, -0.495189, 0.000000
23612000, 0.713524, -0.533112, 0.000003
23616000, 0.641637, -0.491521, 0.000002
23620000, 0.805138, -0.286955, -0.000001
23624000, 0.713880, -0.117248, -0.000000
23628000, 0.687409, 0.204015, 0.000001
23632000, 0.535121, 0.068775, 0.000001
23636000, 0.376021, 0.133571, 0.000001
23640000, 0.289446, 0.092970, -0.000002
23644000, 0.339134, 0.061620, -0.000001
23648000, 0.557946, 0.055983, 0.000002
23652000, 0.514103, 0.195222, 0.000000
23656000, 0.514758, 0.348125, -0.000001
23660000, 0.484365, 0.285167, -0.000001
23664000, 0.483320, 0.309761, 0.000002
23668000, 0.323103, 0.486124, 0.000002
23672000, 0.130985, 0.422278, -0.000000
23676000, 0.142163, 0.368349, 0.000002
23680000, 0.227074, 0.500467, -0.000000
23684000, 0.044898, 0.446703, 0.000002
23688000, 0.129047, 0.314061, -0.000001
23692000, 0.075766, 0.374543, 0.000000
23696000, -0.009274, 0.202554, -0.000000
23700000, -0.097665, 0.161483, 0.000000
23704000, -0.059726, 0.087001, -0.000000
23708000, 0.120707, 0.031463, -0.000003
23712000, 0.066119, 0.103697, -0.000002
23716000, -0.014914, 0.043151, 0.000001
23720000, 0.164463, -0.004959, 0.000001
23724000, 0.082242, -0.097807, 0.000001
23728000, 0.149992, 0.020545, 0.000001
23732000, 0.156366, 0.125732, -0.000000
23736000, 0.182429, 0.046969, -0.000002
23740000, 0.202091, 0.131971, 0.000000
23744000, 0.218531, 0.082215, 0.000001
23748000, 0.100104, 0.128912, -0.000002
23752000, 0.080832, 0.171219, 0.000000
23756000, 0.022228, 0.211235, 0.000002
23760000, -0.052485, 0.116421, 0.000000
23764000, 0.065066, 0.261626, -0.000000
23768000, 0.054127, 0.330653, -0.000001
23772000, -0.132108, 0.185864, 0.000000
23776000, -0.174168, 0.404167, -0.000000
23780000, 0.062386, 0.214338, 0.000000
23784000, 0.078772, 0.146036, -0.000002
23788000, -0.043528, 0.130883, -0.000000
23792000, 0.012821, 0.075493, -0.000002
23796000, -0.073550, 0.263916, -0.000002
23800000, -0.029885, 0.149881, 0.000001
23804000, -0.000813, 0.187102, -0.000001
23808000, 0.216297, 0.029976, 0.000000
23812000, 0.140939, 0.199248, 0.000000
23816000, -0.039204, 0.448582, -0.000001
23820000, 0.066740, 0.370946, -0.000000
23824000, 0.113707, 0.481542, 0.000000
23828000, -0.107420, 0.427246, 0.000001
23832000, -0.089604, 0.546443, 0.000002
23836000, -0.096880, 0.376637, 0.000001
23840000, -0.264509, 0.434957, -0.000000
23844000, 0.012775, 0.502345, 0.000000
23848000, 0.053664, 0.398708, 0.000001
23852000, -0.105935, 0.333906, -0.000002
23856000, -0.058868, 0.360147, -0.000000
23860000, -0.194479, 0.420274, 0.000003
23864000, -0.061883, 0.358608, 0.000001
23868000, -0.018521, 0.292786, -0.000002
23872000, -0.116179, 0.358378, 0.000001
23876000, -0.031940, 0.406410, 0.000002
23880000, -0.030179, 0.407129, -0.000000
23884000, 0.041165, 0.470256, 0.000000
23888000, 0.120974, 0.359560, 0.000000
23892000, 0.260071, 0.137768, -0.000002
23896000, 0.010128, 0.373829, -0.000001
23900000, 0.089023, 0.294413, -0.000000
23904000, -0.096036, 0.356082, -0.000001
23908000, 0.004014, 0.535162, -0.000000
23912000, 0.005666, 0.558727, 0.000000
23916000, 0.045029, 0.364744, -0.000000
23920000, 0.100449, 0.194354, 0.000001
23924000, 0.101143, 0.483460, 0.000001
23928000, 0.103557, 0.444832, 0.000000
23932000, -0.110629, 0.368311, 0.000002
23936000, -0.401976, 0.265946, 0.000000
23940000, -0.308796, 0.286879, 0.000000
23944000, -0.337518, 0.253009, -0.000001
23948000, -0.259459, 0.163938, -0.000000
23952000, -0.102759, 0.275651, -0.000001
23956000, -0.219143, 0.256013, 0.000001
23960000, -0.123207, 0.240444, -0.000001
23964000, -0.324102, 0.380331, 0.000000
23968000, -0.209319, 0.492850, -0.000001
23972000, -0.100420, 0.419175, -0.000002
23976000, 0.126529, 0.396137, 0.000000
23980000, 0.167564, 0.261278, 0.000002
23984000, 0.185090, 0.240431, 0.000001
23988000, 0.363365, 0.303457, 0.000001
23992000, 0.348432, 0.167208, -0.000000
23996000, 0.151747, 0.298938, -0.000000
24000000, 0.223916, 0.114783, -0.000000
24004000, -0.022907, 0.005568, 0.000001
24008000, -0.065262, 0.166137, 0.000000
24012000, -0.093291, 0.119846, -0.000002
24016000, 0.008290, 0.197174, 0.000000
24020000, -0.021209, 0.275051, -0.000001
24024000, 0.080395, 0.150399, -0.000001
24028000, 0.084406, 0.206888, 0.000000
24032000, 0.230115, 0.203079, -0.000001
24036000, 0.072468, 0.073163, -0.000000
24040000, 0.000075, 0.023871, 0.000002
24044000, 0.090168, 0.062166, 0.000001
24048000, 0.026343, 0.087300, -0.000000
24052000, -0.067585, 0.100973, 0.000000
24056000, 0.117471, 0.140106, 0.000001
24060000, 0.000001, 0.013065, 0.000000
24064000, 0.030351, 0.172687, 0.000001
24068000, 0.069789, 0.165362, 0.000001
24072000, 0.065733, -0.020354, -0.000001
24076000, 0.302293, 0.103503, -0.000002
24080000, 0.336792, 0.013293, 0.000000
24084000, 0.390732, 0.089690, 0.000001
24088000, 0.302228, -0.034544, -0.000000
24092000, 0.166736, 0.083745, -0.000002
24096000, 0.172996, 0.132488, -0.000000
24100000, -0.028472, 0.111087, 0.000001
24104000, 0.045099, 0.079875, -0.000000
24108000, 0.137050, 0.081459, -0.000001
24112000, 0.296769, 0.036666, -0.000001
24116000, 0.170875, 0.244803, 0.000001
24120000, 0.275454, 0.222081, 0.000000
24124000, 0.223068, 0.106104, -0.000000
24128000, 0.232027, 0.151129, -0.000000
24132000, 0.132610, 0.279093, 0.000000
24136000, 0.014586, 0.231833, 0.000001
24140000, 0.196737, 0.137548, 0.000002
24144000, 0.221668, 0.425186, -0.000000
24148000, 0.091813, 0.119653, 0.000001
24152000, 0.166839, 0.164566, -0.000001
24156000, 0.303108, 0.278825, 0.000000
24160000, 0.354955, 0.014505, 0.000000
24164000, 0.331888, 0.053583, -0.000000
24168000, 0.291401, -0.002329, 0.000002
24172000, 0.223498, -0.121250, -0.000001
24176000, 0.350496, 0.036900, -0.000001
24180000, 0.268066, -0.088453, 0.000001
24184000, 0.185622, 0.041658, -0.000001
24188000, 0.264538, -0.015346, -0.000002
24192000, 0.206148, -0.066040, 0.000001
24196000, 0.170043, 0.020027, 0.000001
24200000, 0.164722, -0.120990, -0.000001
24204000, 0.202133, -0.184891, 0.000002
24208000, 0.146361, -0.065053, 0.000000
24212000, 0.140520, 0.007801, 0.000001
24216000, 0.272568, -0.023897, -0.000001
24220000, 0.236187, -0.067521, 0.000002
24224000, 0.160049, -0.289896, 0.000000
24228000, 0.178156, -0.217983, -0.000001
24232000, 0.110585, -0.165953, -0.000001
24236000, 0.238473, -0.120012, 0.000001
24240000, 0.217761, -0.097054, 0.000000
24244000, 0.407197, 0.017383, 0.000001
24248000, 0.413018, 0.051561, -0.000000
24252000, 0.411006, 0.087659, 0.000001
24256000, 0.398272, -0.035411, 0.000003
24260000, 0.433598, 0.048165, -0.000003
24264000, 0.380261, 0.165572, -0.000000
24268000, 0.418743, 0.130827, 0.000002
24272000, 0.338322, 0.051343, -0.000000
24276000, 0.324471, 0.082593, 0.000001
24280000, 0.444449, 0.234906, -0.000001
24284000, 0.546811, 0.019569, -0.000002
24288000, 0.622407, 0.135763, -0.000002
24292000, 0.509867, -0.000844, 0.000001
24296000, 0.494320, 0.140345, -0.000001
24300000, 0.400576, 0.427583, -0.000002
24304000, 0.451508, 0.423698, 0.000000
24308000, 0.549083, 0.172746, 0.000002
24312000, 0.286160, 0.155533, 0.000000
24316000, 0.310725, 0.181507, 0.000000
24320000, 0.346111, 0.319854, -0.000001
24324000, 0.474204, 0.172164, -0.000001
24328000, 0.322836, 0.458761, 0.000003
24332000, 0.442804, 0.149543, 0.000000
24336000, 0.449054, 0.267569, 0.000001
24340000, 0.522981, 0.172663, 0.000000
24344000, 0.590055, 0.272672, -0.000000
24348000, 0.498841, 0.309472, 0.000001
24352000, 0.343509, 0.162447, -0.000002
24356000, 0.274288, 0.228709, 0.000002
24360000, 0.219960, 0.014071, -0.000002
24364000, 0.165859, 0.030422, -0.000001
24368000, 0.310778, 0.095320, 0.000001
24372000, 0.425062, 0.197567, 0.000000
24376000, 0.174389, 0.101012, 0.000000
24380000, 0.169680, 0.227510, 0.000000
24384000, 0.073915, 0.362067, 0.000000
24388000, -0.028127, 0.206775, 0.000000
24392000, 0.194688, 0.275378, -0.000001
24396000, 0.145188, 0.398509, 0.000000
24400000, 0.198369, 0.602477, -0.000001
24404000, 0.231427, 0.600972, -0.000002
24408000, 0.289614, 0.480541, 0.000002
24412000, 0.028208, 0.532579, -0.000003
24416000, -0.231752, 0.586804, 0.000000
24420000, -0.066007, 0.443586, 0.000000
24424000, -0.177170, 0.467221, -0.000001
24428000, -0.142147, 0.514283, -0.000001
24432000, -0.172189, 0.620072, -0.000003
24436000, 0.069988, 0.607135, -0.000000
24440000, 0.033147, 0.515554, -0.000001
24444000, 0.173721, 0.567505, 0.000000
24448000, 0.085469, 0.591596, -0.000001
24452000, 0.055702, 0.417308, 0.000001
24456000, 0.075060, 0.525782, -0.000002
24460000, -0.192802, 0.636046, -0.000001
24464000, -0.140581, 0.571807, -0.000001
24468000, 0.067209, 0.524119, 0.000000
24472000, -0.219989, 0.471286, -0.000001
24476000, -0.292505, 0.489726, -0.000001
24480000, -0.142267, 0.540195, -0.000001
24484000, -0.207616, 0.452370, -0.000000
24488000, -0.182567, 0.620671, -0.000000
24492000, -0.298355, 0.511929, -0.000001
24496000, -0.251903, 0.335860, 0.000000
24500000, -0.447280, 0.410486, -0.000001
24504000, -0.174745, 0.585489, -0.000001
24508000, 0.027919, 0.524610, -0.000001
24512000, 0.039969, 0.366699, -0.000000
24516000, 0.164622, 0.551843, -0.000000
24520000, 0.030510, 0.460889, 0.000001
24524000, -0.000394, 0.434367, -0.000000
24528000, -0.146012, 0.460915, 0.000000
24532000, -0.282550, 0.566674, 0.000000
24536000, -0.360358, 0.459518, 0.000002
24540000, -0.289861, 0.460597, -0.000001
24544000, -0.425824, 0.535992, -0.000002
24548000, -0.167571, 0.479771, 0.000000
24552000, -0.296953, 0.376593, 0.000001
24556000, -0.265534, 0.430883, -0.000001
24560000, -0.432540, 0.450010, -0.000001
24564000, -0.346009, 0.615803, 0.000002
24568000, -0.178059, 0.750761, 0.000000
24572000, -0.102910, 0.738414, -0.000000
24576000, 0.031255, 0.671600, -0.000002
24580000, 0.103044, 0.557447, -0.000001
24584000, 0.123028, 0.443082, -0.000000
24588000, 0.415213, 0.242824, 0.000000
24592000, 0.140684, 0.335473, 0.000000
24596000, 0.184074, 0.277069, -0.000000
24600000, 0.265607, 0.064711, 0.000001
24604000, 0.208891, 0.300063, -0.000000
24608000, 0.307806, 0.303941, 0.000000
24612000, -0.134793, 0.374876, -0.000002
24616000, -0.082087, 0.429499, 0.000000
24620000, 0.081705, 0.405154, -0.000000
24624000, 0.055488, 0.632168, 0.000001
24628000, 0.140503, 0.424005, -0.000001
24632000, -0.056242, 0.309308, 0.000001
24636000, -0.041203, 0.184813, 0.000002
24640000, -0.088631, 0.107218, 0.000000
24644000, 0.030597, -0.002079, 0.000001
24648000, 0.133894, 0.288193, -0.000000
24652000, 0.026429, 0.329953, -0.000002
24656000, 0.055688, 0.250570, 0.000000
24660000, 0.000293, 0.393850, -0.000002
24664000, -0.115828, 0.388125, -0.000001
24668000, 0.115217, 0.351659, 0.000000
24672000, 0.062541, 0.295236, 0.000001
24676000, 0.080659, 0.290437, -0.000001
24680000, 0.006050, 0.386408, 0.000001
24684000, 0.123375, 0.345149, -0.000000
24688000, 0.009546, 0.374226, -0.000000
24692000, -0.090998, 0.399289, -0.000002
24696000, 0.104890, 0.363247, 0.000002
24700000, -0.102532, 0.389232, -0.000001
24704000, -0.029355, 0.551870, -0.000001
24708000, -0.049141, 0.610253, -0.000000
24712000, 0.020062, 0.673963, 0.000000
24716000, -0.112963, 0.672219, -0.000001
24720000, -0.192238, 0.812512, 0.000000
24724000, -0.268972, 0.838991, 0.000001
24728000, -0.072704, 0.813846, 0.000003
24732000, -0.103370, 0.622402, 0.000001
24736000, 0.136583, 0.504487, 0.000001
24740000, 0.141162, 0.494883, 0.000000
24744000, 0.058222, 0.459306, -0.000002
24748000, -0.194398, 0.549927, -0.000001
24752000, -0.034543, 0.571932, 0.000000
24756000, -0.000389, 0.579205, -0.000000
24760000, 0.109063, 0.565704, 0.000002
24764000, 0.018824, 0.466117, -0.000000
24768000, 0.133990, 0.484775, 0.000001
24772000, 0.083086, 0.693067, 0.000001
24776000, 0.184627, 0.580507, -0.000001
24780000, 0.162219, 0.544117, 0.000000
24784000, 0.218266, 0.591903, -0.000000
24788000, 0.134565, 0.524015, -0.000001
24792000, -0.090425, 0.526036, 0.000000
24796000, -0.087281, 0.412388, 0.000001
24800000, 0.140852, 0.440562, 0.000001
24804000, 0.081811, 0.329889, -0.000001
24808000, 0.062266, 0.504843, -0.000001
24812000, 0.084668, 0.440903, -0.000001
24816000, -0.151984, 0.436451, 0.000000
24820000, -0.240784, 0.399293, -0.000001
24824000, 0.031187, 0.462492, 0.000002
24828000, 0.009492, 0.591128, -0.000000
24832000, 0.218108, 0.430764, -0.000003
24836000, 0.215426, 0.308086, 0.000003
24840000, 0.277606, 0.395199, 0.000002
24844000, 0.018508, 0.274693, -0.000001
24848000, -0.003933, 0.390807, -0.000000
24852000, -0.065064, 0.291478, 0.000002
24856000, -0.088374, 0.521183, 0.000000
24860000, -0.111420, 0.661649, 0.000000
24864000, -0.144534, 0.716209, 0.000001
24868000, -0.081604, 0.616925, -0.000001
24872000, -0.058963, 0.547298, 0.000002
24876000, 0.068992, 0.418492, -0.000002
24880000, 0.129425, 0.209283, -0.000001
24884000, 0.198168, 0.147334, 0.000001
24888000, -0.051921, 0.218864, -0.000000
24892000, -0.043865, 0.260450, 0.000001
24896000, -0.112339, 0.310303, 0.000001
24900000, -0.092221, 0.237242, 0.000001
24904000, -0.146603, 0.198922, 0.000002
24908000, -0.107722, 0.057709, 0.000000
24912000, 0.042945, -0.043407, 0.000001
24916000, -0.209836, -0.137253, 0.000000
24920000, -0.209950, -0.012417, 0.000002
24924000, -0.286573, -0.034529, -0.000001
24928000, -0.247347, 0.068313, 0.000002
24932000, -0.042361, 0.077114, 0.000001
24936000, -0.069299, 0.003099, -0.000001
24940000, -0.129273, 0.110878, -0.000001
24944000, -0.294689, 0.063342, -0.000000
24948000, -0.283334, 0.177330, 0.000001
24952000, -0.353589, 0.226417, -0.000000
24956000, -0.629390, 0.186529, 0.000000
24960000, -0.247512, 0.198741, -0.000000
24964000, -0.445814, 0.236371, 0.000000
24968000, -0.458677, 0.246507, 0.000001
24972000, -0.221859, 0.118998, 0.000000
24976000, -0.356766, 0.082720, -0.000003
24980000, -0.185970, 0.261730, -0.000000
24984000, -0.221081, 0.212468, 0.000001
24988000, -0.131459, 0.136242, -0.000001
24992000, 0.095431, 0.008561, 0.000000
24996000, 0.007558, 0.076916, 0.000001
25000000, 0.052317, 0.217092, 0.000000
25004000, -0.057502, 0.039943, -0.000000
25008000, -0.219884, 0.196184, -0.000001
25012000, -0.256016, 0.062629, 0.000000
25016000, -0.457655, 0.079422, 0.000001
25020000, -0.335065, -0.037876, -0.000000
25024000, -0.410266, 0.194049, 0.000001
25028000, -0.518025, 0.246196, 0.000000
25032000, -0.313861, 0.274976, -0.000001
25036000, -0.310093, 0.176110, -0.000000
25040000, -0.397495, 0.055017, -0.000000
25044000, -0.337622, -0.124744, -0.000000
25048000, -0.342448, 0.141118, -0.000002
25052000, -0.182344, -0.012030, -0.000002
25056000, -0.286909, 0.030011, -0.000001
25060000, -0.351727, 0.138471, -0.000001
25064000, -0.334049, -0.031587, -0.000000
25068000, -0.237988, 0.200373, 0.000000
25072000, -0.422310, 0.156224, -0.000000
25076000, -0.323668, 0.172624, 0.000001
25080000, -0.446084, 0.077633, -0.000000
25084000, -0.345612, 0.218982, -0.000001
25088000, -0.178961, 0.194398, 0.000000
25092000, -0.274120, 0.103075, -0.000001
25096000, -0.332212, 0.128986, -0.000000
25100000, -0.526835, 0.194266, 0.000000
25104000, -0.430950, 0.018948, 0.000001
25108000, -0.357592, 0.170248, -0.000000
25112000, -0.265094, 0.309582, 0.000001
25116000, -0.266622, 0.291716, 0.000002
25120000, -0.168372, 0.362840, 0.000000
25124000, -0.195866, 0.237005, 0.000002
25128000, -0.277985, 0.300817, -0.000001
25132000, -0.324378, 0.251962, 0.000000
25136000, -0.480369, 0.407731, 0.000000
25140000, -0.526161, 0.173732, -0.000000
25144000, -0.418028, 0.350112, -0.000002
25148000, -0.575641, 0.352817, 0.000000
25152000, -0.564047, 0.353347, 0.000000
25156000, -0.644277, 0.321424, -0.000001
25160000, -0.538204, 0.305683, 0.000001
25164000, -0.442686, 0.295379, -0.000003
25168000, -0.460828, 0.470828, -0.000001
25172000, -0.507985, 0.282577, 0.000002
25176000, -0.360202, 0.549235, 0.000002
25180000, -0.635673, 0.451816, 0.000001
25184000, -0.380692, 0.622750, -0.000000
25188000, -0.362301, 0.447948, -0.000000
25192000, -0.443436, 0.350763, -0.000001
25196000, -0.450430, 0.421026, 0.000001
25200000, -0.764354, 0.221921, 0.000000
25204000, -0.760036, -0.022085, 0.000001
25208000, -0.848439, 0.035194, 0.000000
25212000, -0.671855, -0.004721, -0.000000
25216000, -0.562490, 0.115609, -0.000001
25220000, -0.314624, 0.137958, 0.000000
25224000, -0.610447, 0.074663, 0.000001
25228000, -0.633027, 0.045160, -0.000001
25232000, -0.723347, 0.228566, -0.000000
25236000, -0.729099, 0.120361, 0.000001
25240000, -0.699352, -0.055305, 0.000000
25244000, -0.749462, -0.170387, -0.000002
25248000, -0.646175, -0.150500, 0.000000
25252000, -0.713537, -0.161289, 0.000001
25256000, -0.660249, -0.185222, -0.000002
25260000, -0.603160, -0.170291, 0.000001
25264000, -0.697390, 0.053489, -0.000001
25268000, -0.744578, -0.202421, -0.000001
25272000, -0.598250, -0.093075, -0.000001
25276000, -0.671021, -0.117091, 0.000001
25280000, -0.617566, -0.182369, 0.000001
25284000, -0.496689, -0.252907, 0.000000
25288000, -0.701874, -0.368488, 0.000001
25292000, -0.636044, -0.271134, -0.000002
25296000, -0.759257, -0.257121, 0.000001
25300000, -0.552194, -0.366728, 0.000001
25304000, -0.340438, -0.378727, 0.000002
25308000, -0.370818, -0.287163, -0.000001
25312000, -0.428605, -0.425924, 0.000001
25316000, -0.542939, -0.373317, -0.000002
25320000, -0.589629, -0.238776, 0.000002
25324000, -0.620417, -0.005301, 0.000002
25328000, -0.629042, -0.110549, -0.000000
25332000, -0.799133, -0.166409, -0.000000
25336000, -0.627054, -0.044818, 0.000002
25340000, -0.717933, -0.278198, 0.000000
25344000, -0.603193, -0.448495, 0.000000
25348000, -0.679161, -0.570411, 0.000001
25352000, -0.436088, -0.419359, -0.000001
25356000, -0.570936, -0.491306, -0.000000
25360000, -0.796519, -0.348728, 0.000001
25364000, -0.629061, -0.435554, 0.000000
25368000, -0.441925, -0.322536, 0.000000
25372000, -0.403387, -0.379381, -0.000002
25376000, -0.390105, -0.404260, 0.000001
25380000, -0.432459, -0.218078, 0.000002
25384000, -0.534554, -0.073034, 0.000001
25388000, -0.615749, 0.022457, 0.000002
25392000, -0.524277, -0.131760, 0.000001
25396000, -0.347103, -0.152391, 0.000001
25400000, -0.435282, -0.027215, 0.000002
25404000, -0.480576, 0.070486, -0.000001
25408000, -0.533536, 0.032104, 0.000000
25412000, -0.297812, 0.041412, 0.000001
25416000, -0.528830, 0.172712, 0.000001
25420000, -0.421154, 0.169691, -0.000002
25424000, -0.523701, 0.170847, -0.000002
25428000, -0.417689, 0.173019, 0.000000
25432000, -0.479490, 0.233838, 0.000001
25436000, -0.492933, 0.207679, 0.000001
25440000, -0.536317, 0.227827, 0.000001
25444000, -0.509821, -0.036430, -0.000001
25448000, -0.472122, 0.077466, 0.000001
25452000, -0.581777, 0.041305, 0.000001
25456000, -0.558626, 0.241257, 0.000000
25460000, -0.480974, 0.109432, -0.000001
25464000, -0.474412, 0.034819, -0.000001
25468000, -0.335884, -0.144790, -0.000000
25472000, -0.404483, -0.018833, 0.000002
25476000, -0.345995, 0.005276, 0.000001
25480000, -0.455609, -0.147407, -0.000000
25484000, -0.626210, 0.012924, 0.000004
25488000, -0.547038, -0.148607, 0.000001
25492000, -0.551457, -0.021166, 0.000000
25496000, -0.474557, 0.024767, -0.000000
25500000, -0.502549, -0.079542, -0.000000
25504000, -0.587788, 0.026814, 0.000001
25508000, -0.471418, 0.073397, -0.000002
25512000, -0.624037, 0.039371, -0.000001
25516000, -0.661961, 0.099993, 0.000000
25520000, -0.784383, -0.042941, -0.000000
25524000, -0.781358, 0.064156, -0.000001
25528000, -0.645750, -0.049507, 0.000000
25532000, -0.608289, -0.033797, 0.000000
25536000, -0.634240, 0.069343, -0.000001
25540000, -0.653900, 0.137077, 0.000001
25544000, -0.525169, 0.080413, -0.000002
25548000, -0.527438, 0.242208, 0.000000
25552000, -0.439098, 0.365799, 0.000001
25556000, -0.566341, 0.396323, 0.000001
25560000, -0.516346, 0.197292, 0.000002
25564000, -0.509636, 0.383389, 0.000000
25568000, -0.245070, 0.442649, -0.000002
25572000, -0.122585, 0.374527, -0.000001
25576000, -0.038274, 0.325916, 0.000003
25580000, 0.038333, 0.494459, -0.000001
25584000, -0.074885, 0.369647, -0.000000
25588000, -0.044685, 0.389679, 0.000001
25592000, -0.219957, 0.482794, -0.000001
25596000, 0.190857, 0.512875, 0.000002
25600000, 0.282432, 0.404502, -0.000001
25604000, 0.111945, 0.372411, -0.000002
25608000, 0.209261, 0.376725, 0.000000
25612000, 0.146794, 0.585680, 0.000000
25616000, -0.131354, 0.685360, 0.000001
25620000, -0.284244, 0.712422, 0.000001
25624000, -0.339497, 0.439271, -0.000001
25628000, -0.109361, 0.485199, -0.000001
25632000, -0.075831, 0.509660, 0.000000
25636000, 0.001291, 0.528360, 0.000001
25640000, -0.250195, 0.568805, -0.000001
25644000, -0.363661, 0.633735, -0.000001
25648000, -0.053384, 0.613374, -0.000000
25652000, -0.189596, 0.773588, 0.000001
25656000, 0.098152, 0.572183, -0.000000
25660000, -0.048165, 0.746131, 0.000001
25664000, -0.151577, 0.654674, -0.000000
25668000, -0.150392, 0.671439, -0.000001
25672000, 0.025937, 0.710216, -0.000002
25676000, -0.177664, 0.606617, 0.000001
25680000, -0.081741, 0.677111, -0.000001
25684000, -0.271821, 0.627717, 0.000001
25688000, -0.145162, 0.720121, 0.000000
25692000, -0.031373, 0.886864, 0.000000
25696000, 0.090640, 0.812114, 0.000000
25700000, 0.356483, 0.767779, -0.000001
25704000, 0.031531, 1.033695, -0.000001
25708000, -0.062130, 0.977293, -0.000000
25712000, -0.017994, 0.960695, -0.000001
25716000, -0.199649, 0.981192, 0.000001
25720000, -0.403997, 0.688832, 0.000002
25724000, -0.170211, 0.795655, -0.000001
25728000, -0.243788, 0.879812, 0.000001
25732000, -0.227852, 0.784257, 0.000000
25736000, -0.127698, 0.776269, 0.000000
25740000, -0.004708, 0.686494, -0.000001
25744000, -0.029641, 0.617385, 0.000001
25748000, 0.055480, 0.523854, -0.000001
25752000, 0.290780, 0.412335, 0.000000
25756000, 0.331719, 0.670941, -0.000002
25760000, 0.169761, 0.503854, -0.000000
25764000, 0.213014, 0.452501, 0.000001
25768000, 0.357250, 0.224027, 0.000000
25772000, 0.469172, 0.341454, -0.000000
25776000, 0.362215, 0.220080, -0.000000
25780000, 0.450571, 0.166785, 0.000003
25784000, 0.448894, 0.173958, 0.000001
25788000, 0.541956, 0.134170, 0.000000
25792000, 0.374981, -0.059290, 0.000003
25796000, 0.454215, 0.215054, 0.000000
25800000, 0.548641, 0.183747, -0.000003
25804000, 0.532576, 0.436778, -0.000000
25808000, 0.560668, 0.139974, -0.000000
25812000, 0.501470, 0.111512, -0.000000
25816000, 0.711605, -0.002995, -0.000001
25820000, 0.536842, 0.167662, 0.000001
25824000, 0.495215, 0.021766, 0.000001
25828000, 0.641509, -0.204643, -0.000000
25832000, 0.594990, -0.212378, -0.000000
25836000, 0.614691, -0.219704, 0.000000
25840000, 0.600448, 0.010797, 0.000002
25844000, 0.645200, 0.135979, 0.000000
25848000, 0.523348, 0.007280, 0.000000
25852000, 0.683776, -0.082513, 0.000003
25856000, 0.617933, -0.172625, -0.000002
25860000, 0.626847, -0.053129, 0.000000
25864000, 0.549096, 0.004214, 0.000001
25868000, 0.501023, 0.082574, -0.000000
25872000, 0.591720, 0.073969, 0.000001
25876000, 0.582144, 0.010736, 0.000001
25880000, 0.591601, -0.104380, -0.000000
25884000, 0.583170, -0.173906, -0.000001
25888000, 0.552915, -0.244875, -0.000002
25892000, 0.672070, -0.037381, -0.000001
25896000, 0.494910, -0.062926, -0.000001
25900000, 0.099779, -0.086721, -0.000001
25904000, 0.268374, -0.121266, -0.000001
25908000, 0.206147, -0.027496, 0.000001
25912000, 0.142388, 0.016935, -0.000001
25916000, 0.172735, -0.043422, 0.000001
25920000, 0.036418, -0.015693, 0.000002
25924000, 0.187966, -0.034349, 0.000001
25928000, 0.140547, -0.116321, -0.000002
25932000, 0.325297, -0.226849, 0.000001
25936000, 0.222817, -0.320447, -0.000000
25940000, 0.371986, -0.235832, 0.000002
25944000, 0.240398, -0.184385, -0.000001
25948000, 0.322828, -0.114561, 0.000001
25952000, 0.423356, -0.014683, -0.000001
25956000, 0.397990, 0.198199, 0.000001
25960000, 0.396730, 0.133505, -0.000000
25964000, 0.518766, -0.043794, 0.000000
25968000, 0.531108, -0.035979, -0.000002
25972000, 0.552983, 0.003069, -0.000002
25976000, 0.483821, -0.214879, -0.000001
25980000, 0.459791, -0.459184, 0.000001
25984000, 0.398675, -0.364809, 0.000001
25988000, 0.411723, -0.311077, 0.000001
25992000, 0.557192, -0.278660, 0.000002
25996000, 0.648573, -0.481259, 0.000002
26000000, 0.663666, -0.452332, 0.000002
26004000, 0.484571, -0.513692, -0.000002
26008000, 0.553179, -0.445229, 0.000000
26012000, 0.418586, -0.575406, 0.000000
26016000, 0.446380, -0.573751, 0.000001
26020000, 0.497153, -0.599599, 0.000001
26024000, 0.470653, -0.548375, 0.000000
26028000, 0.574941, -0.397577, -0.000002
26032000, 0.565677, -0.230014, -0.000001
26036000, 0.629317, -0.192272, -0.000002
26040000, 0.736488, -0.435682, 0.000001
26044000, 0.803292, -0.134101, -0.000002
26048000, 0.473844, -0.339072, -0.000002
26052000, 0.538829, -0.443794, 0.000001
26056000, 0.699326, -0.399213, 0.000001
26060000, 0.663681, -0.383935, -0.000001
26064000, 0.875159, -0.155743, 0.000000
26068000, 0.828936, -0.032833, -0.000001
26072000, 0.676656, 0.075108, 0.000001
26076000, 0.718048, 0.272789, -0.000000
26080000, 0.537047, 0.288850, 0.000002
26084000, 0.339584, 0.523043, 0.000002
26088000, 0.361855, 0.485327, 0.000001
26092000, 0.213885, 0.317622, -0.000001
26096000, 0.154696, 0.356917, -0.000000
26100000, 0.311824, 0.364715, -0.000000
26104000, 0.243057, 0.366371, -0.000002
26108000, 0.243867, 0.338064, 0.000003
26112000, 0.182912, 0.321445, 0.000000
26116000, 0.176435, 0.197224, -0.000001
26120000, 0.091530, 0.173594, 0.000000
26124000, 0.234496, 0.049347, -0.000001
26128000, 0.391225, 0.108899, 0.000000
26132000, 0.401511, 0.313178, -0.000002
26136000, 0.514459, 0.276220, -0.000002
26140000, 0.535047, 0.124820, 0.000000
26144000, 0.268409, 0.167052, 0.000001
26148000, 0.268281, -0.022820, 0.000001
26152000, 0.566780, 0.061794, -0.000001
26156000, 0.644579, -0.046591, 0.000001
26160000, 0.618245, -0.111678, 0.000002
26164000, 0.505975, 0.006400, 0.000000
26168000, 0.477386, 0.188334, -0.000003
26172000, 0.628065, 0.056985, 0.000003
26176000, 0.689062, -0.100508, 0.000001
26180000, 0.618651, 0.010544, -0.000002
26184000, 0.740589, -0.118887, -0.000001
26188000, 0.727281, 0.143691, -0.000000
26192000, 0.591519, 0.193128, 0.000001
26196000, 0.630869, 0.093108, 0.000001
26200000, 0.665489, -0.025334, 0.000001
26204000, 0.534699, -0.127897, -0.000001
26208000, 0.487566, 0.005540, 0.000001
26212000, 0.636293, -0.050007, 0.000001
26216000, 0.664201, -0.041275, 0.000001
26220000, 0.656718, -0.198525, 0.000000
26224000, 0.624476, -0.177642, 0.000001
26228000, 0.698999, 0.022846, -0.000001
26232000, 0.808993, 0.164030, -0.000001
26236000, 0.689792, 0.072530, 0.000001
26240000, 0.785927, 0.040691, -0.000001
26244000, 0.806044, 0.166861, -0.000001
26248000, 0.596228, 0.355108, -0.000000
26252000, 0.564004, 0.168800, -0.000002
26256000, 0.513747, 0.358649, -0.000001
26260000, 0.516792, 0.417117, 0.000002
26264000, 0.584569, 0.431806, 0.000000
26268000, 0.605476, 0.504813, -0.000001
26272000, 0.515256, 0.358782, -0.000001
26276000, 0.271874, 0.585002, 0.000003
26280000, 0.375870, 0.636427, 0.000002
26284000, 0.273240, 0.532309, 0.000000
26288000, 0.278083, 0.363398, 0.000001
26292000, 0.215411, 0.636939, 0.000001
26296000, 0.000471, 0.659211, -0.000001
26300000, -0.019424, 0.647012, -0.000000
26304000, -0.415621, 0.571733, -0.000000
26308000, -0.446052, 0.668324, 0.000000
26312000, -0.549976, 0.653142, 0.000001
26316000, -0.455980, 0.535166, -0.000002
26320000, -0.393337, 0.570260, -0.000001
26324000, -0.500711, 0.384833, 0.000002
26328000, -0.541828, 0.677600, -0.000001
26332000, -0.510203, 0.498201, 0.000002
26336000, -0.537273, 0.470455, 0.000001
26340000, -0.441503, 0.332394, -0.000001
26344000, -0.606100, 0.502234, -0.000000
26348000, -0.483415, 0.458283, -0.000001
26352000, -0.772868, 0.335835, 0.000001
26356000, -0.870986, 0.085618, -0.000000
26360000, -0.854637, 0.261163, 0.000001
26364000, -0.852563, 0.370779, 0.000003
26368000, -0.796048, 0.498858, -0.000001
26372000, -0.865413, 0.263051, 0.000001
26376000, -0.889298, 0.182088, 0.000000
26380000, -0.808490, 0.387781, -0.000000
26384000, -0.780556, 0.335016, 0.000001
26388000, -0.648197, 0.304720, -0.000000
26392000, -0.814980, 0.283163, 0.000000
26396000, -0.699652, 0.675003, 0.000001
26400000, -0.481741, 0.661932, 0.000001
26404000, -0.328939, 0.654133, -0.000001
26408000, -0.508496, 0.466331, 0.000001
26412000, -0.610837, 0.508143, -0.000000
26416000, -0.515908, 0.441069, -0.000000
26420000, -0.476701, 0.451756, -0.000002
26424000, -0.352647, 0.503829, 0.000000
26428000, -0.003343, 0.648412, -0.000001
26432000, 0.110457, 0.784862, -0.000000
26436000, 0.036520, 0.646657, -0.000000
26440000, -0.068965, 0.634083, 0.000002
26444000, -0.047684, 0.632569, -0.000000
26448000, -0.034421, 0.552667, -0.000000
26452000, -0.246183, 0.662094, -0.000002
26456000, -0.418888, 0.427466, 0.000002
26460000, -0.822788, 0.289879, 0.000000
26464000, -0.574459, 0.394047, -0.000001
26468000, -0.515853, 0.326508, -0.000000
26472000, -0.458255, 0.454840, 0.000000
26476000, -0.427769, 0.310946, -0.000002
26480000, -0.376737, 0.411900, 0.000000
26484000, -0.283091, 0.451739, 0.000001
26488000, -0.522047, 0.403287, 0.000001
26492000, -0.530106, 0.305123, 0.000001
26496000, -0.467810, 0.472703, 0.000001
26500000, -0.427624, 0.472317, 0.000000
26504000, -0.109967, 0.622843, -0.000002
26508000, -0.071969, 0.619770, 0.000001
26512000, 0.188712, 0.534043, 0.000000
26516000, 0.308520, 0.488577, 0.000002
26520000, 0.330874, 0.458915, 0.000000
26524000, 0.268039, 0.403207, -0.000001
26528000, 0.374892, 0.295770, -0.000000
26532000, 0.472153, 0.404318, 0.000000
26536000, 0.385928, 0.292930, 0.000002
26540000, 0.237950, 0.194549, -0.000000
26544000, 0.305825, 0.114169, -0.000000
26548000, 0.330099, 0.315718, 0.000001
26552000, 0.457828, 0.205691, -0.000000
26556000, 0.407177, 0.335868, -0.000000
26560000, 0.418775, 0.337390, -0.000001
26564000, 0.466105, 0.383850, -0.000000
26568000, 0.336697, 0.394545, -0.000001
26572000, 0.413053, 0.533896, -0.000001
26576000, 0.292250, 0.457747, -0.000003
26580000, 0.242542, 0.372977, 0.000001
26584000, 0.200042, 0.245097, -0.000002
26588000, 0.275506, 0.512503, -0.000003
26592000, 0.390212, 0.362592, -0.000000
26596000, 0.164258, 0.508307, -0.000000
26600000, -0.026275, 0.223823, -0.000001
26604000, -0.117994, 0.291114, -0.000001
26608000, -0.263584, 0.332014, -0.000002
26612000, 0.041880, 0.411515, 0.000002
26616000, 0.016109, 0.444394, -0.000001
26620000, 0.186369, 0.258105, -0.000001
26624000, 0.261673, 0.395321, -0.000000
26628000, -0.010020, 0.352231, 0.000001
26632000, -0.082754, 0.375504, -0.000000
26636000, 0.093173, 0.542928, 0.000002
26640000, -0.079958, 0.611444, 0.000001
26644000, -0.327205, 0.747443, 0.000001
26648000, -0.187635, 0.615992, 0.000000
26652000, -0.343779, 0.659910, -0.000000
26656000, -0.247868, 0.720967, 0.000002
26660000, -0.151987, 0.603316, -0.000001
26664000, -0.125827, 0.586956, -0.000001
26668000, 0.131281, 0.829850, -0.000002
26672000, -0.039140, 0.634140, -0.000002
26676000, 0.012513, 0.567958, -0.000000
26680000, 0.153252, 0.644033, 0.000002
26684000, 0.015744, 0.546078, -0.000002
26688000, 0.007486, 0.469367, -0.000001
26692000, 0.077412, 0.281355, -0.000002
26696000, 0.051962, 0.426527, -0.000000
26700000, -0.130116, 0.402578, 0.000001
26704000, -0.223409, 0.329280, 0.000001
26708000, -0.165992, 0.439562, -0.000001
26712000, -0.172396, 0.376460, 0.000001
26716000, -0.108360, 0.455981, 0.000000
26720000, -0.169696, 0.438052, -0.000001
26724000, -0.353486, 0.388034, -0.000002
26728000, -0.192415, 0.534053, -0.000000
26732000, -0.229858, 0.539099, -0.000000
26736000, -0.263075, 0.514873, 0.000001
26740000, -0.424359, 0.433002, -0.000000
26744000, -0.550925, 0.471668, 0.000001
26748000, -0.622637, 0.331907, 0.000001
26752000, -0.559772, 0.195952, -0.000001
26756000, -0.342901, 0.500023, 0.000000
26760000, -0.290450, 0.372575, 0.000001
26764000, -0.029690, 0.183053, 0.000002
26768000, -0.065826, 0.361283, -0.000001
26772000, 0.114812, 0.293957, -0.000000
26776000, 0.172775, 0.378968, -0.000000
26780000, 0.119264, 0.290679, -0.000000
26784000, 0.280995, 0.011086, 0.000001
26788000, 0.273770, 0.053124, -0.000000
26792000, 0.324574, 0.036856, 0.000001
26796000, 0.532229, 0.021045, 0.000000
26800000, 0.505187, 0.185084, 0.000000
26804000, 0.443027, -0.005485, -0.000001
26808000, 0.609159, -0.068386, 0.000002
26812000, 0.482146, 0.140476, -0.000001
26816000, 0.514751, -0.159802, -0.000001
26820000, 0.693064, 0.119991, -0.000002
26824000, 0.484438, -0.083717, -0.000000
26828000, 0.505420, 0.095731, 0.000001
26832000, 0.430621, -0.368135, 0.000001
26836000, 0.296647, -0.337926, -0.000001
26840000, 0.256777, -0.214724, 0.000000
26844000, 0.295250, -0.167938, 0.000000
26848000, 0.512242, -0.000325, 0.000000
26852000, 0.519291, 0.131057, 0.000000
26856000, 0.717336, 0.143193, 0.000000
26860000, 0.637186, 0.237310, 0.000001
26864000, 0.595785, 0.118863, 0.000001
26868000, 0.371559, 0.000754, 0.000000
26872000, 0.528861, -0.033991, 0.000000
26876000, 0.591058, -0.076566, -0.000001
26880000, 0.488392, -0.029823, -0.000001
26884000, 0.549097, 0.076856, 0.000000
26888000, 0.596848, -0.163520, 0.000001
26892000, 0.724829, 0.090673, 0.000001
26896000, 0.610374, -0.018748, -0.000001
26900000, 0.617481, -0.161490, 0.000000
26904000, 0.496238, 0.004242, 0.000001
26908000, 0.321231, 0.079699, 0.000001
26912000, 0.383154, -0.088850, -0.000001
26916000, 0.488589, 0.053102, -0.000001
26920000, 0.305261, 0.123443, -0.000001
26924000, 0.402771, -0.016166, -0.000001
26928000, 0.295490, 0.054814, -0.000000
26932000, 0.380094, 0.064129, -0.000001
26936000, 0.276728, 0.153618, 0.000001
26940000, 0.252310, 0.089830, 0.000002
26944000, 0.249857, 0.079006, 0.000001
26948000, 0.289762, -0.035491, -0.000001
26952000, 0.266552, -0.026484, 0.000003
26956000, 0.039253, 0.087493, -0.000000
26960000, 0.259529, 0.026016, -0.000001
26964000, 0.097703, -0.080825, -0.000001
26968000, 0.076075, -0.370569, 0.000000
26972000, 0.180887, -0.355221, 0.000000
26976000, 0.257758, -0.206969, 0.000001
26980000, 0.397598, -0.171244, -0.000003
26984000, 0.235230, -0.248904, 0.000001
26988000, 0.509564, -0.210483, 0.000000
26992000, 0.658498, 0.054640, 0.000002
26996000, 0.525095, -0.207291, -0.000002
27000000, 0.473114, -0.348965, -0.000001
27004000, 0.415434, -0.161015, -0.000000
27008000, 0.401200, -0.198552, -0.000001
27012000, 0.260814, -0.255239, -0.000001
27016000, 0.089511, -0.222953, -0.000002
27020000, 0.250887, -0.240296, 0.000002
27024000, 0.223018, -0.156483, 0.000000
27028000, 0.125962, -0.423547, 0.000002
27032000, 0.321355, -0.351348, 0.000001
27036000, 0.195259, -0.339985, 0.000002
27040000, 0.318720, -0.257360, 0.000001
27044000, 0.377300, -0.074912, 0.000001
27048000, 0.028846, -0.471914, 0.000002
27052000, 0.082726, -0.496636, 0.000000
27056000, -0.001350, -0.274459, -0.000000
27060000, 0.120725, -0.447359, -0.000002
27064000, 0.093128, -0.444021, 0.000001
27068000, 0.036562, -0.302408, -0.000002
27072000, -0.205869, -0.505013, 0.000000
27076000, -0.114945, -0.403796, -0.000003
27080000, -0.110122, -0.410176, 0.000001
27084000, -0.207271, -0.565732, 0.000001
27088000, -0.191649, -0.506498, -0.000000
27092000, -0.041464, -0.657222, -0.000001
27096000, 0.182001, -0.534088, -0.000001
27100000, -0.118987, -0.628292, -0.000001
27104000, -0.222676, -0.674818, 0.000000
27108000, -0.320143, -0.474242, -0.000001
27112000, -0.333947, -0.501086, -0.000002
27116000, -0.271420, -0.569835, 0.000002
27120000, -0.334658, -0.565741, 0.000000
27124000, -0.178697, -0.548032, -0.000001
27128000, -0.174483, -0.463450, -0.000003
27132000, -0.128239, -0.537694, 0.000002
27136000, -0.207928, -0.478013, -0.000002
27140000, -0.222282, -0.375317, -0.000001
27144000, -0.302021, -0.220778, 0.000001
27148000, -0.306847, -0.525891, 0.000000
27152000, -0.295012, -0.426634, 0.000000
27156000, -0.322598, -0.470133, 0.000001
27160000, -0.123247, -0.385790, 0.000000
27164000, -0.107660, -0.506174, 0.000000
27168000, -0.147687, -0.513094, -0.000002
27172000, 0.071058, -0.479134, 0.000001
27176000, 0.014836, -0.489211, 0.000002
27180000, 0.087920, -0.378793, -0.000000
27184000, -0.009134, -0.454233, -0.000001
27188000, 0.071937, -0.409649, 0.000001
27192000, -0.051544, -0.479872, -0.000002
27196000, 0.005258, -0.259269, 0.000002
27200000, -0.042265, -0.369061, -0.000002
27204000, 0.090068, -0.156581, 0.000002
27208000, -0.014538, -0.269938, 0.000002
27212000, 0.225512, -0.032479, -0.000002
27216000, 0.189646, 0.090375, -0.000001
27220000, 0.325529, 0.115587, 0.000001
27224000, 0.255454, -0.025776, -0.000002
27228000, 0.165805, -0.277815, -0.000002
27232000, 0.286771, -0.301210, -0.000001
27236000, 0.244268, -0.077904, -0.000000
27240000, 0.332736, -0.271162, 0.000001
27244000, 0.369713, -0.347033, -0.000001
27248000, 0.078361, -0.358916, -0.000000
27252000, 0.337415, -0.336693, -0.000001
27256000, 0.492514, -0.343459, -0.000002
27260000, 0.391976, -0.263906, -0.000000
27264000, 0.571453, -0.161813, -0.000001
27268000, 0.403723, -0.130909, 0.000000
27272000, 0.356581, -0.218778, -0.000001
27276000, 0.379382, -0.068986, 0.000001
27280000, 0.301577, 0.001735, -0.000000
27284000, 0.168959, 0.067476, 0.000001
27288000, 0.147899, -0.036327, 0.000001
27292000, 0.077624, -0.032217, -0.000000
27296000, 0.431985, 0.035769, -0.000001
27300000, 0.374925, -0.000423, -0.000001
27304000, 0.346146, -0.083790, -0.000001
27308000, 0.206027, -0.161334, -0.000001
27312000, 0.092336, -0.220472, 0.000002
27316000, 0.206970, -0.352416, 0.000000
27320000, 0.370415, -0.446482, -0.000000
27324000, 0.329985, -0.457676, -0.000000
27328000, 0.004338, -0.353102, -0.000001
27332000, -0.071843, -0.298899, 0.000000
27336000, -0.111839, -0.476462, -0.000001
27340000, -0.148743, -0.548434, 0.000002
27344000, -0.053917, -0.430202, -0.000001
27348000, 0.049003, -0.520755, -0.000002
27352000, 0.291204, -0.619939, -0.000000
27356000, 0.227744, -0.366475, -0.000002
27360000, 0.352032, -0.386145, 0.000000
27364000, 0.387457, -0.367572, -0.000000
27368000, 0.281089, -0.242680, -0.000001
27372000, 0.256498, -0.192592, -0.000003
27376000, 0.145846, -0.221329, -0.000002
27380000, 0.232387, -0.175415, -0.000001
27384000, 0.133512, -0.137738, 0.000000
27388000, 0.083030, -0.197040, -0.000001
27392000, 0.103285, -0.128405, -0.000000
27396000, 0.133434, -0.337459, 0.000001
27400000, 0.162596, -0.462840, 0.000002
27404000, -0.033014, -0.528399, -0.000004
27408000, 0.160313, -0.488078, -0.000000
27412000, 0.336346, -0.554708, 0.000000
27416000, 0.354324, -0.275688, -0.000001
27420000, 0.307498, -0.486020, -0.000000
27424000, 0.505779, -0.344373, 0.000001
27428000, 0.649173, -0.287113, 0.000001
27432000, 0.470311, -0.403278, -0.000002
27436000, 0.501837, -0.280590, 0.000001
27440000, 0.532433, -0.220532, -0.000001
27444000, 0.172889, -0.411850, 0.000001
27448000, 0.501449, -0.373824, 0.000000
27452000, 0.390650, -0.438859, 0.000001
27456000, 0.589597, -0.494618, 0.000002
27460000, 0.462862, -0.500022, 0.000000
27464000, 0.321074, -0.536999, 0.000000
27468000, 0.500811, -0.573915, -0.000002
27472000, 0.492383, -0.395215, 0.000000
27476000, 0.761793, -0.375575, 0.000000
27480000, 0.672100, -0.354504, -0.000000
27484000, 0.580801, -0.420133, -0.000001
27488000, 0.589603, -0.397700, 0.000000
27492000, 0.569893, -0.554092, 0.000001
27496000, 0.621798, -0.531347, -0.000000
27500000, 0.681562, -0.748633, -0.000001
27504000, 0.442761, -0.488181, -0.000001
27508000, 0.459013, -0.454932, 0.000001
27512000, 0.417557, -0.637124, -0.000000
27516000, 0.310892, -0.674730, -0.000000
27520000, 0.027787, -0.737744, -0.000001
27524000, -0.045485, -0.675776, 0.000001
27528000, -0.173984, -0.809801, -0.000001
27532000, -0.460691, -0.724297, 0.000000
27536000, -0.263532, -0.689243, 0.000000
27540000, -0.280367, -0.618738, -0.000001
27544000, -0.345824, -0.678328, -0.000002
27548000, -0.180388, -0.971617, 0.000001
27552000, -0.163592, -0.784940, 0.000001
27556000, -0.332929, -0.670507, 0.000001
27560000, -0.300859, -0.563918, 0.000000
27564000, -0.300472, -0.271871, 0.000001
27568000, -0.336303, -0.279705, 0.000002
27572000, -0.343966, -0.411898, -0.000001
27576000, -0.419015, -0.409573, 0.000001
27580000, -0.408356, -0.188330, -0.000000
27584000, -0.330526, -0.155512, 0.000002
27588000, -0.477670, -0.085244, 0.000000
27592000, -0.673425, -0.179138, -0.000000
27596000, -0.691823, -0.109352, -0.000000
27600000, -0.663611, -0.054491, 0.000001
27604000, -0.701521, 0.012568, 0.000002
27608000, -0.682377, 0.170871, -0.000000
27612000, -0.815812, 0.203607, 0.000001
27616000, -0.665378, 0.211345, -0.000002
27620000, -0.629416, 0.233858, 0.000001
27624000, -0.582892, 0.133371, -0.000001
27628000, -0.693944, 0.196196, 0.000000
27632000, -0.642813, 0.119217, -0.000000
27636000, -0.681113, -0.020939, -0.000002
27640000, -0.705587, -0.079878, 0.000001
27644000, -0.659348, -0.035039, 0.000000
27648000, -0.522612, -0.096735, 0.000002
27652000, -0.585877, -0.174983, 0.000000
27656000, -0.448347, -0.261227, -0.000001
27660000, -0.273402, -0.488693, -0.000000
27664000, -0.365918, -0.691863, -0.000000
27668000, -0.459366, -0.363478, -0.000001
27672000, -0.471925, -0.452865, 0.000000
27676000, -0.491930, -0.350765, -0.000001
27680000, -0.572430, -0.275074, -0.000003
27684000, -0.506039, -0.245454, 0.000001
27688000, -0.669642, -0.207045, 0.000001
27692000, -0.657647, -0.269805, 0.000001
27696000, -0.642633, 0.062151, 0.000002
27700000, -0.620417, 0.010284, 0.000001
27704000, -0.723147, -0.186861, 0.000001
27708000, -0.850217, -0.151453, 0.000001
27712000, -0.780589, -0.211438, -0.000001
27716000, -0.728552, -0.231225, 0.000001
27720000, -0.563937, -0.250934, -0.000000
27724000, -0.603269, -0.133784, -0.000002
27728000, -0.607677, -0.079642, -0.000001
27732000, -0.483202, 0.032286, 0.000001
27736000, -0.728270, -0.097935, 0.000001
27740000, -0.506427, 0.124406, 0.000001
27744000, -0.343492, -0.010122, 0.000001
27748000, -0.454109, 0.164804, 0.000000
27752000, -0.419974, 0.410100, -0.000000
27756000, -0.409705, 0.395026, 0.000001
27760000, -0.644221, 0.068830, -0.000001
27764000, -0.509626, 0.113574, 0.000001
27768000, -0.443739, 0.114670, -0.000001
27772000, -0.413301, 0.052726, 0.000001
27776000, -0.360047, 0.033815, 0.000000
27780000, -0.336894, -0.177804, 0.000001
27784000, -0.421434, -0.241976, 0.000002
27788000, -0.432071, -0.443335, -0.000001
27792000, -0.361160, -0.317926, 0.000001
27796000, -0.255735, -0.370223, -0.000000
27800000, -0.189137, -0.358590, -0.000002
27804000, -0.322270, -0.357504, 0.000001
27808000, -0.267535, -0.245669, 0.000000
27812000, -0.147449, -0.355774, 0.000000
27816000, -0.078400, -0.520509, 0.000001
27820000, 0.088843, -0.335115, -0.000000
27824000, 0.060434, -0.414947, -0.000001
27828000, 0.039233, -0.412723, 0.000000
27832000, -0.069844, -0.157396, 0.000003
27836000, 0.070570, -0.274422, -0.000001
27840000, -0.036822, -0.392292, 0.000001
27844000, -0.244490, -0.311328, 0.000000
27848000, -0.107392, -0.188245, -0.000000
27852000, -0.106485, -0.052224, 0.000000
27856000, 0.035809, -0.058580, -0.000000
27860000, -0.036007, -0.088882, -0.000002
27864000, 0.083412, -0.109687, -0.000001
27868000, -0.182938, -0.270093, -0.000001
27872000, -0.329553, -0.011762, -0.000002
27876000, -0.473815, -0.270474, -0.000001
27880000, -0.351584, -0.321786, 0.000000
27884000, -0.335432, -0.131920, 0.000000
27888000, -0.419875, -0.098603, 0.000001
27892000, -0.291291, -0.116086, 0.000002
27896000, -0.505543, -0.055510, -0.000000
27900000, -0.378098, -0.190847, 0.000002
27904000, -0.252315, -0.040934, -0.000001
27908000, -0.229620, -0.278323, 0.000001
27912000, -0.217673, -0.208515, -0.000002
27916000, -0.470250, -0.278887, -0.000001
27920000, -0.358699, -0.093652, 0.000001
27924000, -0.369541, 0.000504, 0.000001
27928000, -0.445331, 0.122335, -0.000000
27932000, -0.369744, 0.105005, -0.000000
27936000, -0.467572, 0.083383, 0.000001
27940000, -0.412354, -0.023643, -0.000000
27944000, -0.565709, 0.068738, -0.000001
27948000, -0.557669, 0.083822, -0.000001
27952000, -0.539816, 0.002765, 0.000000
27956000, -0.498534, 0.123149, -0.000001
27960000, -0.382013, 0.005054, -0.000002
27964000, -0.517505, 0.045234, 0.000000
27968000, -0.317830, 0.262786, 0.000000
27972000, -0.422111, 0.291860, -0.000004
27976000, -0.253529, 0.311502, 0.000001
27980000, -0.229006, 0.423596, 0.000000
27984000, -0.297319, 0.556222, -0.000001
27988000, -0.181611, 0.444767, -0.000002
27992000, -0.377146, 0.434481, -0.000001
27996000, -0.518153, 0.311330, -0.000000
28000000, -0.594514, 0.344904, -0.000001
28004000, -0.402624, 0.516793, 0.000000
28008000, -0.709547, 0.239372, 0.000001
28012000, -0.367298, 0.214242, -0.000000
28016000, -0.456120, 0.370147, -0.000002
28020000, -0.413310, 0.435605, 0.000001
28024000, -0.362713, 0.474201, -0.000000
28028000, -0.278928, 0.482008, -0.000001
28032000, -0.496948, 0.449687, 0.000001
28036000, -0.620042, 0.578867, 0.000000
28040000, -0.677668, 0.287005, 0.000000
28044000, -0.679144, 0.217172, -0.000003
28048000, -0.891414, 0.209798, 0.000001
28052000, -0.733311, 0.066384, -0.000003
28056000, -0.540813, 0.167403, 0.000000
28060000, -0.471123, 0.312475, 0.000001
28064000, -0.509881, 0.097200, -0.000001
28068000, -0.513431, 0.305659, -0.000001
28072000, -0.541909, 0.414322, 0.000001
28076000, -0.694355, 0.138177, 0.000001
28080000, -0.475703, 0.169499, -0.000000
28084000, -0.478928, 0.513720, 0.000002
28088000, -0.217764, 0.622095, 0.000001
28092000, -0.170844, 0.659468, -0.000001
28096000, -0.117515, 0.867873, 0.000000
28100000, -0.032977, 0.804645, -0.000001
28104000, 0.012813, 0.828662, -0.000002
28108000, -0.272847, 0.808169, 0.000003
28112000, -0.449759, 0.582717, 0.000001
28116000, -0.644014, 0.513169, 0.000001
28120000, -0.414250, 0.716243, 0.000001
28124000, -0.336542, 0.834472, 0.000002
28128000, -0.153440, 0.704272, -0.000003
28132000, -0.132413, 0.814294, -0.000001
28136000, -0.384517, 0.410508, -0.000001
28140000, -0.309170, 0.633646, -0.000000
28144000, -0.695293, 0.437790, 0.000002
28148000, -0.676740, 0.172678, 0.000000
28152000, -0.810591, 0.272276, 0.000002
28156000, -0.739669, 0.335217, -0.000001
28160000, -0.481469, 0.417000, 0.000001
28164000, -0.598464, 0.174804, -0.000001
28168000, -0.608338, 0.007273, 0.000001
28172000, -0.790443, 0.019282, 0.000002
28176000, -0.779068, 0.051069, -0.000001
28180000, -0.926765, 0.039929, 0.000002
28184000, -0.832163, 0.017006, 0.000001
28188000, -0.743842, 0.168254, -0.000001
28192000, -0.844439, 0.230823, 0.000002
28196000, -0.729536, 0.099329, -0.000001
28200000, -0.630703, 0.076157, 0.000001
28204000, -0.843349, 0.143543, -0.000002
28208000, -0.607789, 0.194599, -0.000001
28212000, -0.662101, 0.313647, -0.000001
28216000, -0.518073, 0.059829, -0.000000
28220000, -0.419880, 0.149665, -0.000001
28224000, -0.653933, -0.020212, -0.000000
28228000, -0.638672, 0.040774, -0.000001
28232000, -0.773950, 0.180256, -0.000001
28236000, -0.678101, 0.144558, 0.000000
28240000, -0.792294, 0.174986, 0.000001
28244000, -0.683101, -0.123973, -0.000000
28248000, -0.820723, -0.156320, -0.000001
28252000, -0.758730, -0.222570, 0.000001
28256000, -0.809505, -0.203144, 0.000002
28260000, -0.708889, -0.185810, -0.000003
28264000, -0.735450, -0.180941, 0.000001
28268000, -0.520665, -0.582356, 0.000001
28272000, -0.633922, -0.334496, 0.000001
28276000, -0.523727, -0.494845, -0.000001
28280000, -0.654817, -0.493205, 0.000000
28284000, -0.423023, -0.582810, -0.000001
28288000, -0.416549, -0.669220, -0.000000
28292000, -0.500770, -0.485714, 0.000000
28296000, -0.557032, -0.494540, 0.000001
28300000, -0.436540, -0.542112, -0.000001
28304000, -0.287584, -0.506200, -0.000001
28308000, -0.557064, -0.503612, 0.000002
28312000, -0.154010, -0.702438, -0.000000
28316000, -0.642971, -0.622048, -0.000002
28320000, -0.502322, -0.478115, -0.000002
28324000, -0.433437, -0.681810, -0.000002
28328000, -0.439439, -0.623561, -0.000001
28332000, -0.445502, -0.330848, 0.000000
28336000, -0.373584, -0.485316, 0.000000
28340000, -0.178863, -0.402371, -0.000000
28344000, -0.137949, -0.623800, 0.000001
28348000, -0.493094, -0.541753, -0.000000
28352000, -0.466187, -0.694668, 0.000001
28356000, -0.422018, -0.656484, 0.000002
28360000, -0.599065, -0.615001, 0.000000
28364000, -0.289994, -0.643313, -0.000000
28368000, -0.142004, -0.699933, -0.000000
28372000, -0.244548, -0.604048, 0.000000
28376000, -0.113228, -0.590828, -0.000001
28380000, -0.114049, -0.608458, 0.000001
28384000, -0.089204, -0.660146, 0.000000
28388000, 0.178164, -0.683504, -0.000001
28392000, 0.151050, -0.489720, -0.000002
28396000, 0.092719, -0.420422, -0.000001
28400000, 0.149277, -0.497953, -0.000000
28404000, 0.133525, -0.530259, 0.000001
28408000, 0.038224, -0.330736, -0.000002
28412000, 0.067841, -0.490642, -0.000000
28416000, -0.121889, -0.363937, -0.000001
28420000, -0.192153, -0.175328, -0.000000
28424000, 0.138636, -0.205448, 0.000001
28428000, -0.085823, -0.167918, 0.000000
28432000, 0.041610, -0.251675, -0.000000
28436000, 0.009560, -0.156337, -0.000000
28440000, 0.065951, -0.141169, 0.000000
28444000, 0.057631, -0.065618, 0.000001
28448000, -0.291111, -0.404387, 0.000001
28452000, -0.285936, -0.287333, -0.000000
28456000, -0.071048, -0.338935, 0.000000
28460000, -0.124839, -0.321394, -0.000001
28464000, -0.277952, -0.157249, 0.000001
28468000, -0.317150, -0.135892, 0.000001
28472000, -0.266080, -0.227553, -0.000000
28476000, -0.201544, -0.132461, -0.000000
28480000, -0.099096, 0.344928, -0.000002
28484000, -0.199158, 0.407486, 0.000001
28488000, -0.209113, 0.205970, 0.000000
28492000, -0.168199, 0.157926, -0.000002
28496000, -0.109261, 0.166419, 0.000001
28500000, -0.104909, 0.224368, 0.000001
28504000, -0.061462, 0.260835, -0.000002
28508000, -0.189187, 0.070208, -0.000000
28512000, -0.088535, 0.117437, -0.000001
28516000, -0.300298, -0.054825, -0.000000
28520000, -0.307383, -0.137499, -0.000000
28524000, -0.302149, 0.067892, 0.000001
28528000, -0.105748, 0.343494, -0.000000
28532000, -0.177131, 0.059272, -0.000001
28536000, -0.275899, 0.051324, -0.000000
28540000, -0.156969, -0.077524, -0.000000
28544000, -0.277864, 0.137752, 0.000002
28548000, -0.342158, 0.147376, 0.000000
28552000, -0.267273, 0.332179, -0.000002
28556000, -0.239215, 0.373200, -0.000000
28560000, -0.111530, 0.493076, -0.000000
28564000, -0.007258, 0.435578, -0.000002
28568000, 0.065456, 0.369072, -0.000000
28572000, -0.201959, 0.617967, -0.000001
28576000, 0.047523, 0.539063, 0.000003
28580000, 0.010582, 0.384806, -0.000000
28584000, 0.002772, 0.430402, 0.000000
28588000, 0.107929, 0.469072, 0.000002
28592000, -0.055344, 0.522531, 0.000001
28596000, -0.133267, 0.605001, 0.000001
28600000, -0.290033, 0.522669, -0.000001
28604000, -0.132081, 0.757711, 0.000001
28608000, -0.054085, 0.670099, 0.000001
28612000, -0.092093, 0.517302, 0.000001
28616000, -0.205841, 0.422350, 0.000001
28620000, -0.120513, 0.562959, -0.000000
28624000, -0.057354, 0.651795, -0.000001
28628000, -0.031718, 0.484679, -0.000001
28632000, 0.155563, 0.459545, -0.000002
28636000, 0.074846, 0.336759, 0.000001
28640000, 0.081177, 0.284295, -0.000002
28644000, 0.061882, 0.277735, -0.000002
28648000, 0.179602, 0.225704, 0.000001
28652000, 0.044026, 0.047611, 0.000000
28656000, 0.117400, 0.190030, -0.000001
28660000, 0.313712, 0.041920, -0.000001
28664000, 0.205500, 0.015543, -0.000001
28668000, 0.166090, 0.194384, -0.000001
28672000, -0.060750, 0.182901, 0.000000
28676000, -0.153459, 0.192427, -0.000000
28680000, -0.020699, 0.330769, 0.000001
28684000, 0.156852, 0.411641, -0.000000
28688000, 0.119287, 0.348145, 0.000003
28692000, 0.179271, 0.287433, 0.000000
28696000, 0.111421, 0.390033, -0.000002
28700000, 0.177714, 0.354119, 0.000003
28704000, 0.349666, 0.584918, -0.000001
28708000, 0.292439, 0.324502, 0.000001
28712000, 0.514016, 0.358520, -0.000001
28716000, 0.370202, 0.272148, -0.000001
28720000, 0.248728, 0.434852, -0.000001
28724000, 0.058508, 0.579471, -0.000001
28728000, 0.100215, 0.524974, 0.000000
28732000, 0.130353, 0.544877, 0.000001
28736000, 0.221755, 0.616263, 0.000001
28740000, 0.213131, 0.586033, 0.000000
28744000, 0.259273, 0.645800, 0.000001
28748000, 0.236582, 0.703815, -0.000000
28752000, 0.340041, 0.535355, -0.000002
28756000, 0.360314, 0.508171, -0.000000
28760000, 0.291327, 0.687701, 0.000001
28764000, 0.332466, 0.631667, -0.000000
28768000, 0.246711, 0.487578, -0.000000
28772000, 0.292981, 0.494266, -0.000001
28776000, 0.347462, 0.443225, -0.000000
28780000, 0.275841, 0.496898, -0.000002
28784000, 0.331589, 0.463532, 0.000001
28788000, 0.292731, 0.430802, 0.000002
28792000, 0.355011, 0.517435, 0.000001
28796000, 0.274594, 0.488643, 0.000000
28800000, 0.366918, 0.585541, -0.000001
28804000, 0.231364, 0.492066, 0.000001
28808000, 0.340480, 0.534816, 0.000000
28812000, 0.441037, 0.495831, -0.000001
28816000, 0.128320, 0.722680, -0.000001
28820000, -0.133103, 0.637888, 0.000000
28824000, -0.285792, 0.562979, -0.000003
28828000, -0.205508, 0.540262, 0.000001
28832000, -0.378063, 0.473245, -0.000000
28836000, -0.269194, 0.659631, 0.000003
28840000, -0.431488, 0.455647, 0.000001
28844000, -0.464503, 0.494243, 0.000001
28848000, -0.647366, 0.332841, 0.000001
28852000, -0.481994, 0.039494, 0.000000
28856000, -0.403453, 0.111502, 0.000000
28860000, -0.510948, 0.141301, -0.000000
28864000, -0.690959, 0.082199, 0.000000
28868000, -0.756383, 0.330363, 0.000000
28872000, -0.754974, 0.341182, -0.000002
28876000, -0.554490, 0.615120, -0.000001
28880000, -0.511231, 0.596929, -0.000001
28884000, -0.447671, 0.727708, 0.000000
28888000, -0.600323, 0.608209, 0.000001
28892000, -0.601279, 0.582999, -0.000001
28896000, -0.468168, 0.418697, 0.000001
28900000, -0.563485, 0.581412, -0.000001
28904000, -0.614185, 0.773898, 0.000000
28908000, -0.660862, 0.735922, 0.000001
28912000, -0.617836, 0.610740, 0.000000
28916000, -0.504587, 0.716963, -0.000000
28920000, -0.460603, 0.743274, -0.000002
28924000, -0.593787, 0.697868, 0.000002
28928000, -0.806923, 0.534293, 0.000001
28932000, -0.600509, 0.638385, -0.000002
28936000, -0.551280, 0.696923, 0.000001
28940000, -0.579560, 0.838885, 0.000001
28944000, -0.486710, 0.713967, 0.000001
28948000, -0.187518, 0.922065, -0.000001
28952000, -0.518534, 0.640261, -0.000000
28956000, -0.535031, 0.532017, -0.000000
28960000, -0.613909, 0.384696, -0.000001
28964000, -0.642581, 0.177006, 0.000002
28968000, -0.906643, 0.242813, -0.000001
28972000, -0.768958, -0.227293, 0.000000
28976000, -0.743382, -0.210429, 0.000002
28980000, -0.797940, -0.170670, -0.000002
28984000, -0.589110, -0.341963, -0.000000
28988000, -0.553849, -0.426158, 0.000000
28992000, -0.510236, -0.484622, -0.000001
28996000, -0.554780, -0.451468, -0.000001
29000000, -0.631748, -0.538766, -0.000000
29004000, -0.597471, -0.386430, -0.000000
29008000, -0.655981, -0.364749, -0.000000
29012000, -0.275012, -0.603493, 0.000000
29016000, -0.285750, -0.560635, 0.000000
29020000, -0.411545, -0.293205, 0.000000
29024000, -0.537567, -0.191542, -0.000002
29028000, -0.377251, -0.164513, 0.000001
29032000, -0.501015, -0.294490, 0.000001
29036000, -0.558047, -0.215359, -0.000002
29040000, -0.533438, -0.259869, 0.000002
29044000, -0.442881, -0.323306, -0.000001
29048000, -0.352119, -0.525233, -0.000001
29052000, -0.424855, -0.561661, -0.000001
29056000, -0.378020, -0.605225, 0.000002
29060000, -0.453862, -0.344633, -0.000001
29064000, -0.235748, -0.303536, -0.000001
29068000, -0.269960, -0.163613, 0.000001
29072000, -0.148007, -0.279810, -0.000000
29076000, -0.128438, 0.075222, -0.000000
29080000, -0.070449, -0.081446, -0.000000
29084000, -0.014063, -0.066184, -0.000001
29088000, -0.045109, 0.054031, 0.000001
29092000, 0.029188, 0.205367, -0.000001
29096000, 0.111842, 0.082562, -0.000000
29100000, -0.018062, 0.065620, 0.000000
29104000, -0.034661, 0.225204, 0.000000
29108000, 0.100294, 0.069710, 0.000001
29112000, -0.033467, 0.202826, 0.000000
29116000, -0.162040, 0.056033, 0.000000
29120000, -0.014228, -0.105149, 0.000000
29124000, 0.016385, 0.053572, -0.000001
29128000, 0.134104, 0.164357, 0.000000
29132000, 0.157290, 0.226118, 0.000001
29136000, 0.124606, 0.073157, -0.000002
29140000, 0.072271, 0.136990, -0.000002
29144000, 0.004046, -0.003992, 0.000001
29148000, 0.183924, 0.018054, 0.000000
29152000, 0.199726, -0.057378, -0.000002
29156000, 0.103162, -0.038294, -0.000000
29160000, -0.133139, 0.041336, -0.000001
29164000, -0.394717, -0.192048, 0.000001
29168000, -0.292361, -0.121277, -0.000001
29172000, -0.047500, 0.043603, 0.000002
29176000, -0.030861, 0.062184, 0.000000
29180000, -0.073789, -0.062875, -0.000003
29184000, -0.208640, -0.172363, 0.000002
29188000, -0.345047, -0.006510, 0.000001
29192000, -0.549068, -0.026059, 0.000001
29196000, -0.525086, 0.181450, 0.000001
29200000, -0.228106, 0.147799, 0.000001
29204000, -0.328892, 0.089999, -0.000002
29208000, -0.645112, 0.030438, 0.000000
29212000, -0.418812, 0.187690, -0.000000
29216000, -0.561037, 0.099240, 0.000001
29220000, -0.518277, -0.006978, 0.000000
29224000, -0.487152, -0.068111, 0.000000
29228000, -0.436785, -0.300945, -0.000000
29232000, -0.482241, -0.373702, -0.000000
29236000, -0.596185, -0.405309, 0.000000
29240000, -0.494811, -0.293416, 0.000002
29244000, -0.381750, -0.459849, 0.000000
29248000, -0.414168, -0.538428, -0.000002
29252000, -0.200858, -0.492756, -0.000000
29256000, -0.065346, -0.615397, 0.000000
29260000, -0.015267, -0.567823, 0.000000
29264000, -0.052155, -0.696301, 0.000000
29268000, -0.191129, -0.645778, -0.000001
29272000, -0.168289, -0.708040, -0.000000
29276000, 0.009326, -0.820175, -0.000001
29280000, -0.109255, -0.773634, -0.000001
29284000, -0.020435, -0.795491, 0.000002
29288000, 0.224787, -0.807702, 0.000001
29292000, -0.397657, -0.706687, -0.000003
29296000, -0.199229, -0.837393, 0.000001
29300000, -0.138162, -0.712622, 0.000001
29304000, -0.013989, -0.905971, 0.000001
29308000, -0.144392, -0.711137, -0.000003
29312000, -0.022579, -0.748492, -0.000000
29316000, -0.208284, -0.729448, -0.000001
29320000, -0.347572, -0.785702, -0.000000
29324000, -0.102204, -0.343078, 0.000000
29328000, -0.147239, -0.353235, 0.000000
29332000, -0.393752, -0.426568, 0.000000
29336000, -0.422574, -0.337129, -0.000002
29340000, -0.346479, -0.396718, 0.000002
29344000, -0.445931, -0.399365, -0.000000
29348000, -0.348960, -0.266288, 0.000000
29352000, -0.240211, -0.254687, 0.000002
29356000, -0.289390, -0.154121, 0.000000
29360000, -0.273326, -0.097041, 0.000000
29364000, -0.522847, -0.182828, 0.000002
29368000, -0.385555, -0.500459, -0.000001
29372000, -0.325355, -0.306794, 0.000000
29376000, -0.230379, -0.486847, 0.000002
29380000, -0.307776, -0.259632, -0.000000
29384000, -0.433294, -0.504074, -0.000002
29388000, -0.713626, -0.417644, 0.000001
29392000, -0.690585, -0.316000, 0.000001
29396000, -0.443732, -0.559995, 0.000000
29400000, -0.636098, -0.469004, -0.000002
29404000, -0.598180, -0.483334, -0.000000
29408000, -0.465064, -0.542058, -0.000001
29412000, -0.237961, -0.417415, -0.000000
29416000, -0.409880, -0.499186, 0.000000
29420000, 0.059657, -0.552659, 0.000003
29424000, 0.092763, -0.534256, -0.000000
29428000, -0.140796, -0.649819, 0.000000
29432000, 0.166717, -0.769603, 0.000002
29436000, 0.380000, -0.806703, -0.000001
29440000, 0.160551, -0.762126, 0.000001
29444000, 0.148191, -0.619297, 0.000001
29448000, 0.213655, -0.609011, -0.000001
29452000, 0.408299, -0.612811, -0.000000
29456000, 0.461194, -0.535120, -0.000001
29460000, 0.326815, -0.566393, -0.000001
29464000, 0.212804, -0.516960, -0.000002
29468000, 0.245015, -0.161285, 0.000002
29472000, 0.324865, -0.221952, 0.000001
29476000, 0.164657, -0.308298, -0.000001
29480000, 0.313007, -0.332255, -0.000002
29484000, 0.252287, -0.277457, 0.000001
29488000, 0.247084, -0.021722, 0.000001
29492000, 0.422450, -0.239379, 0.000000
29496000, 0.487843, -0.186822, -0.000000
29500000, 0.496792, -0.252055, -0.000000
29504000, 0.453451, -0.424054, 0.000000
29508000, 0.105869, -0.469988, -0.000004
29512000, 0.449249, -0.549254, 0.000002
29516000, 0.661278, -0.593443, 0.000001
29520000, 0.767839, -0.378733, -0.000001
29524000, 0.694558, -0.498747, 0.000001
29528000, 0.741168, -0.457054, 0.000001
29532000, 0.572513, -0.507344, -0.000000
29536000, 0.466610, -0.520386, 0.000000
29540000, 0.465160, -0.515324, -0.000002
29544000, 0.561717, -0.442498, -0.000000
29548000, 0.406799, -0.370595, 0.000000
29552000, 0.573006, -0.294055, -0.000001
29556000, 0.431808, -0.378810, 0.000000
29560000, 0.445960, -0.591065, 0.000000
29564000, 0.222097, -0.360200, -0.000001
29568000, 0.288595, -0.355045, 0.000001
29572000, 0.508271, -0.458784, -0.000001
29576000, 0.570333, -0.316611, 0.000001
29580000, 0.459902, -0.555604, -0.000001
29584000, 0.467065, -0.368282, 0.000001
29588000, 0.502765, -0.457722, -0.000000
29592000, 0.356666, -0.646486, -0.000000
29596000, 0.620217, -0.434093, -0.000002
29600000, 0.249115, -0.523093, -0.000002
29604000, 0.352837, -0.596617, -0.000000
29608000, 0.411572, -0.598265, -0.000001
29612000, 0.504835, -0.658322, 0.000002
29616000, 0.658694, -0.526221, 0.000000
29620000, 0.724175, -0.266197, -0.000000
29624000, 0.813287, -0.318776, 0.000000
29628000, 0.695018, -0.271709, -0.000001
29632000, 0.723808, -0.047356, 0.000003
29636000, 0.633208, 0.015269, -0.000001
29640000, 0.654007, 0.198137, -0.000001
29644000, 0.758626, -0.144925, -0.000002
29648000, 0.721877, 0.011073, 0.000000
29652000, 0.645653, 0.216004, 0.000001
29656000, 0.804533, -0.020912, 0.000001
29660000, 0.737341, 0.145856, -0.000000
29664000, 0.710583, 0.324294, -0.000000
29668000, 0.817713, 0.361389, 0.000000
29672000, 0.749735, 0.364127, -0.000000
29676000, 0.755032, 0.255173, 0.000001
29680000, 0.635253, 0.338627, -0.000001
29684000, 0.813810, 0.134973, -0.000001
29688000, 0.752667, 0.068249, -0.000001
29692000, 0.882360, 0.200079, 0.000000
29696000, 0.896676, 0.307692, -0.000001
29700000, 0.773607, 0.132271, 0.000002
29704000, 0.953165, 0.053116, -0.000000
29708000, 0.815838, 0.183491, -0.000000
29712000, 0.868465, 0.062500, -0.000001
29716000, 0.750983, 0.054570, 0.000001
29720000, 0.837547, 0.043360, 0.000001
29724000, 0.823565, -0.057145, -0.000001
29728000, 0.912533, 0.066178, 0.000001
29732000, 0.797174, 0.263297, -0.000002
29736000, 0.800081, 0.319887, -0.000000
29740000, 0.622268, 0.231230, 0.000001
29744000, 0.798308, 0.167324, -0.000001
29748000, 0.793692, 0.202557, -0.000000
29752000, 0.681315, 0.142782, -0.000001
29756000, 0.735718, 0.240613, 0.000000
29760000, 0.825171, 0.273984, -0.000000
29764000, 0.621179, 0.039150, -0.000000
29768000, 0.439021, 0.248817, 0.000000
29772000, 0.611851, 0.290501, -0.000001
29776000, 0.560760, 0.231563, -0.000000
29780000, 0.315954, 0.281228, -0.000001
29784000, 0.354340, 0.532351, 0.000000
29788000, 0.371677, 0.719194, -0.000002
29792000, 0.276725, 0.577728, -0.000003
29796000, 0.260862, 0.609895, -0.000002
29800000, 0.448243, 0.461551, -0.000000
29804000, 0.625045, 0.145841, 0.000001
29808000, 0.378425, 0.249706, -0.000000
29812000, 0.396263, 0.255053, -0.000001
29816000, 0.424526, 0.304086, 0.000002
29820000, 0.386664, 0.374817, -0.000000
29824000, 0.396949, 0.237301, 0.000001
29828000, 0.436680, 0.352728, 0.000002
29832000, 0.418685, 0.352647, 0.000000
29836000, 0.340303, 0.277286, -0.000000
29840000, 0.376320, 0.213503, 0.000001
29844000, 0.366936, 0.083682, 0.000001
29848000, 0.369139, 0.150019, 0.000000
29852000, 0.331275, 0.249898, 0.000001
29856000, 0.305763, 0.363261, 0.000000
29860000, 0.271765, 0.319553, -0.000000
29864000, 0.267855, 0.433427, -0.000002
29868000, 0.466440, 0.302428, 0.000002
29872000, 0.546587, 0.338758, 0.000000
29876000, 0.388752, 0.339310, -0.000002
29880000, 0.479874, 0.463071, -0.000001
29884000, 0.411374, 0.568882, 0.000001
29888000, 0.303907, 0.579990, 0.000001
29892000, 0.536238, 0.260496, -0.000000
29896000, 0.270738, 0.540685, -0.000000
29900000, 0.412112, 0.515316, 0.000001
29904000, 0.357746, 0.629769, -0.000002
29908000, 0.393164, 0.743156, -0.000001
29912000, 0.238483, 0.698485, 0.000001
29916000, 0.107921, 0.634494, 0.000000
29920000, 0.070871, 0.584692, -0.000001
29924000, 0.061129, 0.563503, 0.000001
29928000, 0.143737, 0.776663, 0.000001
29932000, 0.096869, 0.747159, -0.000000
29936000, 0.110788, 0.806182, 0.000001
29940000, 0.133367, 0.849326, -0.000000
29944000, -0.264769, 0.700536, 0.000001
29948000, -0.391328, 0.759841, 0.000002
29952000, -0.402208, 0.682662, 0.000001
29956000, -0.351626, 0.581606, 0.000001
29960000, -0.517207, 0.654098, 0.000000
29964000, -0.293189, 0.586380, 0.000001
29968000, -0.174124, 0.535926, 0.000003
29972000, -0.255677, 0.635793, 0.000001
29976000, -0.383193, 0.608893, -0.000001
29980000, -0.378472, 0.434514, -0.000001
29984000, -0.367336, 0.439509, -0.000002
29988000, -0.600448, 0.279101, 0.000000
29992000, -0.507712, 0.234809, -0.000000
29996000, -0.465982, 0.247204, 0.000000
30000000, -0.695172, 0.215128, -0.000002
30004000, -0.613104, 0.177982, 0.000002
30008000, -0.495371, 0.391267, 0.000001
30012000, -0.618175, 0.256979, -0.000000
30016000, -0.751649, 0.116660, 0.000001
30020000, -0.730295, 0.248304, 0.000001
30024000, -0.800792, 0.228283, -0.000002
30028000, -0.694072, 0.120402, 0.000000
30032000, -0.858933, 0.040019, -0.000001
30036000, -0.817176, 0.205246, -0.000000
30040000, -0.728543, 0.022382, 0.000001
30044000, -0.806113, -0.157791, -0.000000
30048000, -0.856406, -0.177453, -0.000002
30052000, -0.787747, -0.349246, 0.000001
30056000, -0.640579, -0.417868, 0.000001
30060000, -0.845077, -0.185815, 0.000001
30064000, -0.652500, -0.379497, 0.000001
30068000, -0.566656, -0.311362, -0.000000
30072000, -0.617124, -0.378671, 0.000000
30076000, -0.588971, -0.416923, -0.000001
30080000, -0.670683, -0.378767, -0.000001
30084000, -0.812463, -0.156904, 0.000002
30088000, -0.602057, -0.166097, -0.000001
30092000, -0.610012, -0.075398, 0.000001
30096000, -0.518300, -0.130702, 0.000001
30100000, -0.546994, 0.071217, -0.000002
30104000, -0.563864, -0.097063, -0.000000
30108000, -0.453529, -0.219445, -0.000002
30112000, -0.505562, -0.141733, 0.000001
30116000, -0.443550, -0.254883, -0.000000
30120000, -0.381189, -0.383533, -0.000001
30124000, -0.379262, -0.323065, -0.000000
30128000, -0.353942, -0.283968, -0.000001
30132000, -0.282862, -0.037641, -0.000000
30136000, -0.297332, -0.141697, -0.000000
30140000, -0.177529, -0.197973, 0.000002
30144000, -0.248549, -0.342339, 0.000001
30148000, -0.050418, -0.294096, -0.000001
30152000, -0.184345, -0.461880, -0.000002
30156000, -0.200017, -0.639383, -0.000000
30160000, -0.095174, -0.828410, 0.000001
30164000, 0.121561, -0.716055, 0.000001
30168000, -0.010418, -0.487508, 0.000000
30172000, 0.067605, -0.623632, -0.000000
30176000, -0.098510, -0.500484, 0.000002
30180000, 0.180416, -0.378260, 0.000001
30184000, 0.042381, -0.213487, 0.000000
30188000, 0.422664, -0.275324, -0.000000
30192000, 0.219456, -0.273331, -0.000000
30196000, 0.450285, -0.396898, -0.000002
30200000, 0.440345, -0.216587, -0.000002
30204000, 0.416444, -0.251690, 0.000002
30208000, 0.319715, -0.406076, -0.000001
30212000, 0.018021, -0.341616, 0.000001
30216000, 0.198470, -0.699017, -0.000001
30220000, 0.139645, -0.784443, -0.000002
30224000, -0.162634, -0.730411, -0.000001
30228000, -0.241292, -0.594517, -0.000000
30232000, -0.401054, -0.478301, -0.000001
30236000, -0.577400, -0.347419, -0.000000
30240000, -0.539679, -0.361738, 0.000000
30244000, -0.388091, -0.391919, -0.000000
30248000, -0.422704, -0.197221, -0.000000
30252000, -0.425644, -0.409202, 0.000002
30256000, -0.613835, -0.235715, -0.000000
30260000, -0.439161, -0.413084, 0.000001
30264000, -0.577548, -0.254559, 0.000001
30268000, -0.245285, -0.293725, 0.000001
30272000, -0.143342, -0.209925, 0.000001
30276000, -0.163489, -0.327609, -0.000001
30280000, 0.012294, -0.154311, -0.000000
30284000, -0.114501, -0.334737, 0.000001
30288000, 0.030379, -0.236287, 0.000001
30292000, 0.060510, -0.116695, 0.000001
30296000, 0.190491, -0.065694, 0.000002
30300000, 0.153013, -0.053338, 0.000000
30304000, 0.175427, 0.292994, 0.000001
30308000, 0.109842, 0.123483, -0.000001
30312000, -0.098351, -0.064647, 0.000000
30316000, -0.072366, -0.073784, -0.000002
30320000, 0.044963, 0.137303, 0.000001
30324000, 0.122428, -0.250844, 0.000001
30328000, 0.074941, -0.264489, -0.000001
30332000, 0.007104, -0.200995, -0.000001
30336000, -0.050406, -0.161940, -0.000001
30340000, -0.090843, -0.146952, 0.000000
30344000, -0.124464, -0.187050, -0.000002
30348000, -0.127356, -0.146470, -0.000000
30352000, -0.262934, -0.166090, 0.000000
30356000, -0.202301, -0.042190, -0.000001
30360000, -0.049729, -0.098482, 0.000001
30364000, 0.114779, -0.449434, 0.000000
30368000, 0.215509, -0.502350, 0.000001
30372000, 0.156437, -0.466152, 0.000001
30376000, 0.253766, -0.365153, -0.000000
30380000, 0.301889, -0.537746, 0.000001
30384000, 0.157336, -0.422703, -0.000002
30388000, 0.134678, -0.205719, 0.000002
30392000, 0.108972, -0.333525, -0.000002
30396000, -0.111666, -0.189672, -0.000001
30400000, 0.055837, -0.142698, 0.000001
30404000, 0.191899, -0.205533, 0.000000
30408000, 0.231408, -0.298702, -0.000002
30412000, 0.186553, -0.098590, 0.000000
30416000, 0.198655, -0.222731, 0.000001
30420000, 0.199981, -0.524989, -0.000001
30424000, 0.404825, -0.257609, -0.000001
30428000, 0.174355, -0.429351, -0.000001
30432000, 0.031532, -0.629799, -0.000001
30436000, 0.014440, -0.614672, 0.000000
30440000, -0.064877, -0.511410, 0.000002
30444000, 0.024888, -0.360354, 0.000001
30448000, -0.037623, -0.717130, 0.000001
30452000, -0.032232, -0.576576, -0.000001
30456000, -0.042770, -0.584988, -0.000001
30460000, 0.178971, -0.601423, -0.000001
30464000, 0.146651, -0.779497, 0.000002
30468000, 0.462531, -0.560114, 0.000001
30472000, 0.432709, -0.728483, -0.000000
30476000, 0.071888, -0.643829, 0.000001
30480000, 0.050242, -0.788107, 0.000001
30484000, -0.014668, -0.784978, -0.000001
30488000, 0.119454, -0.868382, 0.000000
30492000, 0.169440, -0.696718, 0.000001
30496000, 0.162425, -0.802359, -0.000001
30500000, 0.031622, -0.759018, -0.000001
30504000, 0.101033, -0.587567, -0.000000
30508000, 0.174647, -0.574393, 0.000002
30512000, 0.149130, -0.753239, -0.000000
30516000, 0.161183, -0.694677, -0.000001
30520000, 0.263288, -0.562526, -0.000000
30524000, 0.263874, -0.704828, -0.000001
30528000, 0.299600, -0.515601, 0.000001
30532000, 0.075479, -0.673665, 0.000002
30536000, 0.211271, -0.784804, 0.000001
30540000, -0.057040, -0.701610, 0.000001
30544000, 0.102819, -0.706380, -0.000000
30548000, 0.075385, -0.698335, 0.000001
30552000, 0.235910, -0.567688, 0.000001
30556000, 0.147995, -0.449451, 0.000001
30560000, 0.116691, -0.630149, -0.000003
30564000, 0.535850, -0.469469, 0.000000
30568000, 0.233041, -0.633752, 0.000001
30572000, 0.259559, -0.695597, -0.000001
30576000, 0.212311, -0.579315, 0.000001
30580000, 0.292700, -0.634036, 0.000000
30584000, 0.292047, -0.691228, 0.000000
30588000, 0.349176, -0.626459, -0.000001
30592000, 0.260338, -0.665163, -0.000002
30596000, 0.168122, -0.631558, -0.000000
30600000, 0.220174, -0.657395, 0.000002
30604000, 0.347071, -0.687339, 0.000000
30608000, 0.266194, -0.692966, 0.000000
30612000, 0.292359, -0.722285, 0.000001
30616000, 0.597241, -0.433055, -0.000000
30620000, 0.286724, -0.637433, -0.000002
30624000, 0.339473, -0.660257, -0.000000
30628000, 0.239409, -0.713503, -0.000000
30632000, 0.226296, -0.726953, -0.000000
30636000, 0.164833, -0.932605, -0.000002
30640000, 0.187297, -0.790353, -0.000001
30644000, -0.043849, -0.897720, 0.000000
30648000, -0.019221, -0.963847, -0.000001
30652000, 0.004498, -1.095583, 0.000001
30656000, 0.396528, -0.734728, -0.000001
30660000, 0.160513, -0.840979, 0.000000
30664000, -0.005677, -0.790095, -0.000001
30668000, -0.043847, -0.804435, 0.000000
30672000, -0.296892, -0.694652, 0.000001
30676000, -0.262824, -0.543971, -0.000001
30680000, -0.530063, -0.626374, -0.000002
30684000, -0.431449, -0.531704, 0.000000
30688000, -0.491906, -0.330454, 0.000000
30692000, -0.531941, -0.383766, -0.000001
30696000, -0.615720, -0.469558, -0.000000
30700000, -0.419751, -0.586076, 0.000001
30704000, -0.453055, -0.713704, 0.000000
30708000, -0.240442, -0.579591, -0.000000
30712000, -0.042154, -0.884945, 0.000000
30716000, -0.138778, -0.752659, -0.000001
30720000, -0.303037, -0.761270, 0.000000
30724000, -0.462173, -0.787277, -0.000001
30728000, -0.474219, -0.673242, 0.000001
30732000, -0.501303, -0.555041, -0.000001
30736000, -0.426404, -0.613244, 0.000001
30740000, -0.274916, -0.567225, -0.000002
30744000, -0.271830, -0.613566, 0.000000
30748000, -0.196636, -0.531316, 0.000000
30752000, -0.415207, -0.408630, 0.000000
30756000, -0.616205, -0.334116, 0.000001
30760000, -0.491742, -0.557052, 0.000001
30764000, -0.580602, -0.672878, -0.000001
30768000, -0.457351, -0.606963, -0.000002
30772000, -0.463733, -0.635383, -0.000002
30776000, -0.448867, -0.575524, 0.000000
30780000, -0.304918, -0.624837, -0.000001
30784000, -0.235913, -0.695908, 0.000001
30788000, -0.049446, -0.625618, -0.000002
30792000, -0.027999, -0.646634, 0.000001
30796000, 0.056586, -0.744152, 0.000001
30800000, 0.101847, -0.772719, 0.000001
30804000, 0.022089, -0.784921, -0.000002
30808000, 0.219616, -0.696188, -0.000001
30812000, 0.224924, -0.499327, -0.000000
30816000, 0.355254, -0.332667, 0.000002
30820000, 0.380977, -0.608585, 0.000001
30824000, 0.234841, -0.551477, -0.000000
30828000, 0.151215, -0.651519, 0.000000
30832000, 0.370063, -0.530276, -0.000001
30836000, 0.360102, -0.605310, -0.000002
30840000, 0.415865, -0.752266, 0.000001
30844000, 0.452183, -0.721360, 0.000001
30848000, 0.147993, -0.771670, 0.000001
30852000, -0.135910, -0.737293, 0.000000
30856000, -0.119083, -0.937141, 0.000000
30860000, -0.059962, -0.856187, 0.000001
30864000, 0.060888, -0.917125, -0.000001
30868000, 0.009929, -0.892696, -0.000001
30872000, 0.080014, -1.139787, -0.000000
30876000, -0.061455, -0.934943, 0.000001
30880000, -0.063996, -0.963192, 0.000001
30884000, 0.003553, -0.904656, -0.000003
30888000, 0.337871, -0.683162, -0.000001
30892000, 0.278618, -0.688372, 0.000002
30896000, 0.351468, -0.906546, -0.000002
30900000, 0.736710, -0.579597, -0.000000
30904000, 0.735823, -0.540551, 0.000002
30908000, 0.768378, -0.454976, 0.000001
30912000, 0.606534, -0.447603, 0.000001
30916000, 0.706663, -0.301379, 0.000000
30920000, 0.680514, -0.337045, 0.000000
30924000, 0.526414, -0.244633, 0.000001
30928000, 0.531533, -0.448476, -0.000000
30932000, 0.484349, -0.339292, 0.000002
30936000, 0.473738, -0.149579, 0.000001
30940000, 0.659196, 0.157066, -0.000002
30944000, 0.769425, -0.016686, -0.000001
30948000, 0.788770, -0.105212, -0.000001
30952000, 0.799961, 0.045187, -0.000001
30956000, 0.719799, 0.072647, 0.000001
30960000, 0.624763, 0.138857, -0.000001
30964000, 0.724844, 0.261976, -0.000001
30968000, 0.387679, 0.528525, 0.000002
30972000, 0.440919, 0.264044, 0.000000
30976000, 0.715071, 0.262052, 0.000002
30980000, 0.729150, 0.039539, -0.000000
30984000, 0.540543, 0.108495, -0.000000
30988000, 0.658728, 0.275865, 0.000000
30992000, 0.531323, 0.258576, 0.000002
30996000, 0.674494, 0.081578, -0.000001
31000000, 0.573729, -0.017011, 0.000001
31004000, 0.755131, 0.131880, 0.000001
31008000, 0.527860, 0.277703, -0.000000
31012000, 0.777677, 0.308935, 0.000001
31016000, 0.819204, 0.354826, 0.000001
31020000, 0.767861, 0.040772, -0.000002
31024000, 0.909650, -0.172588, 0.000000
31028000, 0.760456, -0.059082, -0.000000
31032000, 0.880922, 0.070818, -0.000000
31036000, 0.792228, 0.224624, 0.000003
31040000, 0.885619, 0.197137, -0.000001
31044000, 0.848887, 0.079651, -0.000000
31048000, 0.880874, 0.207652, 0.000000
31052000, 0.781155, 0.017160, -0.000001
31056000, 0.790513, -0.297452, -0.000000
31060000, 0.709007, -0.456855, 0.000001
31064000, 0.678437, -0.418927, 0.000001
31068000, 0.485135, -0.316518, 0.000001
31072000, 0.563559, -0.350745, 0.000001
31076000, 0.603635, -0.318176, 0.000000
31080000, 0.644023, -0.469917, -0.000002
31084000, 0.772061, -0.194877, -0.000001
31088000, 0.750638, -0.185844, 0.000000
31092000, 0.826687, -0.117124, 0.000001
31096000, 0.715555, -0.145651, -0.000001
31100000, 0.769524, -0.314107, -0.000001
31104000, 0.679882, -0.413332, -0.000000
31108000, 0.446937, -0.353186, 0.000001
31112000, 0.639439, -0.430502, -0.000002
31116000, 0.371353, -0.437203, 0.000001
31120000, 0.605981, -0.500606, 0.000000
31124000, 0.546270, -0.580565, -0.000000
31128000, 0.569662, -0.628759, 0.000000
31132000, 0.547309, -0.601459, -0.000001
31136000, 0.604680, -0.412549, 0.000000
31140000, 0.699282, -0.507510, 0.000001
31144000, 0.730380, -0.516868, -0.000000
31148000, 0.630371, -0.545689, 0.000000
31152000, 0.485627, -0.718939, -0.000000
31156000, 0.365184, -0.582548, -0.000001
31160000, 0.539883, -0.517546, -0.000001
31164000, 0.453814, -0.585621, -0.000001
31168000, 0.325296, -0.712482, -0.000001
31172000, -0.005745, -0.725468, -0.000000
31176000, -0.425895, -0.748096, -0.000001
31180000, -0.549347, -0.805219, 0.000003
31184000, -0.267152, -0.667961, 0.000001
31188000, -0.205966, -0.754091, 0.000001
31192000, -0.039622, -0.672570, -0.000002
31196000, 0.151163, -0.495402, -0.000000
31200000, -0.037333, -0.549955, -0.000001
31204000, 0.055806, -0.646563, 0.000001
31208000, -0.093823, -0.756224, -0.000000
31212000, -0.220564, -0.652372, -0.000000
31216000, 0.058064, -0.740135, -0.000001
31220000, 0.134430, -0.529101, -0.000000
31224000, 0.260922, -0.747712, 0.000002
31228000, 0.191467, -0.530557, -0.000001
31232000, 0.230137, -0.370530, 0.000001
31236000, 0.284538, -0.480243, -0.000000
31240000, 0.391289, 0.009794, -0.000001
31244000, 0.078493, -0.113651, 0.000000
31248000, 0.438152, 0.029185, -0.000000
31252000, 0.199435, 0.087501, -0.000001
31256000, 0.311803, 0.084435, 0.000001
31260000, 0.251054, 0.075555, -0.000000
31264000, 0.367715, 0.114406, 0.000001
31268000, 0.339569, -0.241174, -0.000001
31272000, 0.256837, -0.222680, 0.000001
31276000, 0.238698, -0.351444, -0.000002
31280000, 0.428590, -0.339449, 0.000001
31284000, 0.434358, -0.133720, 0.000000
31288000, 0.565940, -0.178028, -0.000001
31292000, 0.394234, -0.154374, 0.000000
31296000, 0.336764, -0.279803, -0.000001
31300000, 0.705648, -0.318768, -0.000001
31304000, 0.553895, -0.232553, -0.000000
31308000, 0.619442, -0.062283, -0.000001
31312000, 0.568752, -0.080450, 0.000000
31316000, 0.634380, 0.088650, 0.000002
31320000, 0.631955, 0.259980, 0.000001
31324000, 0.594156, 0.225873, -0.000000
31328000, 0.586206, 0.163333, -0.000001
31332000, 0.717863, 0.231720, -0.000001
31336000, 0.205072, 0.422381, -0.000003
31340000, 0.203095, 0.500272, -0.000001
31344000, 0.289663, 0.356703, 0.000003
31348000, 0.384127, 0.297765, 0.000000
31352000, 0.386694, 0.481418, 0.000003
31356000, 0.667842, 0.278314, 0.000000
31360000, 0.451573, 0.315337, -0.000000
31364000, 0.516971, 0.123849, 0.000003
31368000, 0.539990, 0.018403, 0.000000
31372000, 0.432624, -0.118371, -0.000002
31376000, 0.285752, -0.118487, -0.000001
31380000, 0.465733, -0.228324, 0.000002
31384000, 0.519509, -0.041925, 0.000001
31388000, 0.467063, -0.214613, 0.000002
31392000, 0.404450, -0.298795, -0.000000
31396000, 0.280079, -0.475373, -0.000001
31400000, 0.354639, -0.315682, 0.000001
31404000, 0.453503, -0.502627, -0.000001
31408000, 0.425484, -0.610399, 0.000001
31412000, 0.436598, -0.490048, -0.000003
31416000, 0.420327, -0.553609, -0.000001
31420000, 0.673339, -0.312847, 0.000001
31424000, 0.616152, -0.425518, 0.000001
31428000, 0.614805, -0.414911, -0.000001
31432000, 0.445987, -0.121504, 0.000000
31436000, 0.523543, -0.180008, 0.000001
31440000, 0.537532, -0.015379, -0.000001
31444000, 0.501175, -0.035656, -0.000003
31448000, 0.474895, 0.137785, 0.000000
31452000, 0.409655, 0.238871, 0.000000
31456000, 0.318940, 0.427027, 0.000002
31460000, 0.475014, 0.142249, 0.000002
31464000, 0.577197, 0.141679, 0.000000
31468000, 0.529355, 0.225854, -0.000002
31472000, 0.462161, 0.235192, 0.000001
31476000, 0.336459, 0.166345, 0.000000
31480000, 0.439513, -0.018054, 0.000001
31484000, 0.457455, -0.083880, -0.000001
31488000, 0.277036, 0.111241, -0.000003
31492000, 0.453194, 0.340768, 0.000001
31496000, 0.286242, 0.213586, -0.000000
31500000, 0.296487, 0.204483, 0.000003
31504000, 0.514858, 0.343727, -0.000000
31508000, 0.610489, 0.131043, -0.000000
31512000, 0.487201, 0.404997, -0.000001
31516000, 0.359917, 0.541003, 0.000002
31520000, 0.436645, 0.450668, -0.000000
31524000, 0.404861, 0.433849, -0.000001
31528000, 0.488663, 0.420032, -0.000001
31532000, 0.519331, 0.259884, 0.000000
31536000, 0.278182, 0.228867, -0.000001
31540000, 0.356649, 0.401565, -0.000001
31544000, 0.399341, 0.202408, -0.000000
31548000, 0.589074, 0.146286, 0.000001
31552000, 0.790296, 0.207823, -0.000001
31556000, 0.640043, 0.106155, 0.000001
31560000, 0.536134, 0.326359, -0.000001
31564000, 0.371037, 0.241511, 0.000001
31568000, 0.405147, 0.336039, 0.000001
31572000, 0.436142, 0.529334, 0.000000
31576000, 0.349214, 0.413095, 0.000001
31580000, 0.417091, 0.429099, 0.000000
31584000, 0.564803, 0.227370, 0.000000
31588000, 0.582640, 0.086597, -0.000002
31592000, 0.785744, -0.104384, 0.000000
31596000, 0.721201, -0.108533, -0.000001
31600000, 0.510271, -0.162423, -0.000001
31604000, 0.433582, -0.241224, -0.000002
31608000, 0.554338, -0.222988, 0.000000
31612000, 0.687486, -0.310275, -0.000001
31616000, 0.636047, -0.322230, -0.000001
31620000, 0.660289, -0.392055, 0.000000
31624000, 0.637735, -0.347540, 0.000001
31628000, 0.617366, -0.653092, -0.000002
31632000, 0.593848, -0.585013, 0.000001
31636000, 0.676531, -0.546339, -0.000000
31640000, 0.656909, -0.565266, -0.000000
31644000, 0.781596, -0.412441, 0.000001
31648000, 0.745307, -0.425990, -0.000004
31652000, 0.589515, -0.702691, -0.000000
31656000, 0.597321, -0.768257, -0.000000
31660000, 0.762189, -0.551562, -0.000001
31664000, 0.822586, -0.393497, -0.000000
31668000, 0.803036, -0.474053, 0.000003
31672000, 0.815347, -0.026521, -0.000001
31676000, 0.830508, -0.119287, -0.000001
31680000, 0.769599, 0.012373, 0.000001
31684000, 0.619153, -0.009843, 0.000001
31688000, 0.605383, -0.178396, -0.000000
31692000, 0.571333, 0.211439, 0.000002
31696000, 0.595867, 0.212538, -0.000001
31700000, 0.393643, 0.343361, -0.000000
31704000, 0.439979, 0.224386, 0.000003
31708000, 0.211623, 0.075443, 0.000001
31712000, 0.032287, -0.061773, -0.000001
31716000, 0.311612, 0.079011, 0.000001
31720000, 0.457572, -0.044339, 0.000003
31724000, 0.395699, -0.040459, 0.000003
31728000, 0.550373, 0.101736, -0.000001
31732000, 0.571034, 0.220491, -0.000001
31736000, 0.561409, 0.167576, 0.000001
31740000, 0.626374, 0.199425, 0.000000
31744000, 0.726915, 0.049676, -0.000000
31748000, 0.556896, 0.051838, -0.000001
31752000, 0.496615, -0.059647, 0.000001
31756000, 0.441906, 0.184817, 0.000000
31760000, 0.492742, -0.047912, -0.000000
31764000, 0.519564, -0.304752, 0.000001
31768000, 0.544613, -0.411982, -0.000000
31772000, 0.347036, -0.496254, 0.000001
31776000, 0.455846, -0.443536, 0.000000
31780000, 0.373889, -0.429719, 0.000001
31784000, 0.511563, -0.240749, -0.000002
31788000, 0.506652, -0.251482, 0.000002
31792000, 0.708250, -0.132690, -0.000001
31796000, 0.631151, -0.237238, 0.000001
31800000, 0.581476, -0.414561, -0.000001
31804000, 0.523894, -0.299560, 0.000000
31808000, 0.696234, -0.163477, -0.000001
31812000, 0.621095, -0.304178, 0.000001
31816000, 0.611572, -0.296131, 0.000000
31820000, 0.517081, -0.455752, 0.000001
31824000, 0.322974, -0.346543, -0.000000
31828000, 0.651718, -0.226090, -0.000001
31832000, 0.647782, -0.121143, 0.000002
31836000, 0.409943, -0.321022, 0.000002
31840000, 0.420104, -0.152919, 0.000001
31844000, 0.368422, -0.138116, 0.000001
31848000, 0.609173, -0.262167, 0.000001
31852000, 0.650024, -0.395945, 0.000001
31856000, 0.315201, -0.547465, -0.000000
31860000, 0.192105, -0.628376, 0.000001
31864000, 0.265009, -0.505713, 0.000001
31868000, 0.160544, -0.432821, 0.000001
31872000, 0.039011, -0.524201, -0.000001
31876000, -0.035760, -0.632971, 0.000002
31880000, 0.114467, -0.489899, 0.000000
31884000, 0.271725, -0.469143, 0.000001
31888000, 0.037865, -0.644169, 0.000002
31892000, 0.154549, -0.679298, 0.000000
31896000, 0.135692, -0.516647, -0.000000
31900000, 0.138785, -0.494339, 0.000001
31904000, 0.084080, -0.640976, 0.000001
31908000, 0.369305, -0.605613, -0.000001
31912000, 0.304836, -0.629498, 0.000001
31916000, 0.310263, -0.562736, -0.000001
31920000, 0.252196, -0.667968, 0.000001
31924000, 0.210001, -0.635745, -0.000001
31928000, 0.182301, -0.606425, 0.000002
31932000, -0.017740, -0.768379, -0.000000
31936000, -0.011696, -0.827242, 0.000000
31940000, 0.067090, -0.668066, 0.000000
31944000, 0.157465, -0.579047, -0.000001
31948000, 0.364800, -0.544969, 0.000001
31952000, 0.213633, -0.510414, -0.000000
31956000, 0.143066, -0.641858, 0.000001
31960000, 0.216381, -0.743384, -0.000001
31964000, 0.200442, -0.859846, -0.000001
31968000, 0.162434, -0.811574, 0.000000
31972000, 0.372295, -0.852434, -0.000001
31976000, 0.177524, -0.624010, -0.000002
31980000, 0.174743, -0.419728, 0.000000
31984000, 0.157152, -0.575593, -0.000001
31988000, 0.013030, -0.546488, -0.000001
31992000, -0.116700, -0.458691, 0.000001
31996000, -0.393684, -0.426983, -0.000001
32000000, -0.301312, -0.352188, 0.000002
32004000, -0.162250, -0.520936, -0.000002
32008000, -0.097819, -0.485476, -0.000002
32012000, 0.180083, -0.453436, 0.000000
32016000, 0.191069, -0.146501, 0.000002
32020000, 0.194057, 0.044103, -0.000000
32024000, -0.055748, -0.099950, 0.000000
32028000, -0.128360, -0.037266, -0.000000
32032000, -0.111550, -0.162129, -0.000001
32036000, -0.122965, -0.329218, 0.000000
32040000, -0.076126, -0.324615, -0.000001
32044000, -0.127896, -0.430917, -0.000002
32048000, -0.307794, -0.395744, -0.000001
32052000, -0.341902, -0.466776, -0.000000
32056000, -0.320941, -0.321504, -0.000002
32060000, -0.492671, -0.201869, -0.000002
32064000, -0.627183, -0.244445, -0.000003
32068000, -0.443705, -0.293899, -0.000001
32072000, -0.465777, -0.358285, -0.000000
32076000, -0.401440, -0.483397, 0.000000
32080000, -0.336628, -0.490232, -0.000002
32084000, -0.382510, -0.392423, 0.000003
32088000, -0.358655, -0.093375, -0.000001
32092000, -0.473399, -0.245662, 0.000000
32096000, -0.458478, -0.187515, -0.000002
32100000, -0.395087, -0.230389, 0.000002
32104000, -0.481180, -0.206250, -0.000001
32108000, -0.554034, -0.113081, 0.000001
32112000, -0.553594, -0.034598, 0.000002
32116000, -0.537160, -0.095412, -0.000003
32120000, -0.404250, -0.279576, -0.000003
32124000, -0.629808, -0.211174, -0.000000
32128000, -0.524166, -0.001150, 0.000003
32132000, -0.434376, -0.484709, -0.000001
32136000, -0.557025, -0.224448, -0.000001
32140000, -0.315317, -0.155179, -0.000001
32144000, -0.342332, -0.105867, -0.000000
32148000, -0.355650, 0.064319, -0.000001
32152000, -0.326532, 0.162986, 0.000000
32156000, -0.379226, 0.196990, 0.000001
32160000, -0.402389, -0.041860, -0.000001
32164000, -0.555104, 0.383544, 0.000000
32168000, -0.425016, 0.248024, -0.000001
32172000, -0.531425, 0.441103, -0.000000
32176000, -0.428128, 0.542724, -0.000001
32180000, -0.625120, 0.337092, -0.000001
32184000, -0.707428, 0.178250, 0.000002
32188000, -0.582503, 0.309284, -0.000003
32192000, -0.730140, 0.290423, -0.000001
32196000, -0.742660, 0.430521, 0.000000
32200000, -0.477614, 0.684497, 0.000001
32204000, -0.408928, 0.489702, 0.000004
32208000, -0.424718, 0.615529, -0.000000
32212000, -0.713349, 0.403650, -0.000000
32216000, -0.474825, 0.606275, -0.000000
32220000, -0.554142, 0.651951, 0.000001
32224000, -0.250881, 0.769130, 0.000000
32228000, -0.063978, 0.718406, -0.000000
32232000, 0.021329, 0.683312, 0.000001
32236000, -0.076964, 0.723075, 0.000001
32240000, 0.264909, 0.648160, 0.000000
32244000, 0.232142, 0.582745, 0.000001
32248000, 0.256330, 0.667854, -0.000001
32252000, 0.054443, 0.674949, -0.000001
32256000, -0.158202, 0.582623, 0.000001
32260000, -0.094811, 0.794190, 0.000000
32264000, 0.089828, 0.783946, -0.000000
32268000, -0.002217, 0.539867, -0.000000
32272000, -0.121780, 0.689473, -0.000002
32276000, -0.084604, 0.668231, -0.000001
32280000, -0.187728, 0.726544, -0.000000
32284000, 0.041577, 0.692679, 0.000002
32288000, 0.054499, 0.748773, -0.000003
32292000, 0.136461, 0.506493, 0.000001
32296000, 0.315779, 0.239878, -0.000001
32300000, 0.462185, 0.355677, -0.000002
32304000, 0.515939, 0.061780, -0.000001
32308000, 0.474735, 0.238986, -0.000002
32312000, 0.399577, 0.398205, 0.000000
32316000, 0.514504, 0.272658, -0.000000
32320000, 0.519865, 0.218467, -0.000000
32324000, 0.471862, 0.337294, 0.000002
32328000, 0.694728, 0.383307, -0.000001
32332000, 0.661546, 0.259909, 0.000002
32336000, 0.659202, 0.127467, -0.000002
32340000, 0.741540, 0.124519, -0.000000
32344000, 0.772635, 0.132909, 0.000001
32348000, 0.615536, -0.027672, -0.000001
32352000, 0.571312, 0.032373, -0.000000
32356000, 0.707047, 0.109300, 0.000001
32360000, 0.705685, 0.146522, 0.000000
32364000, 0.561689, 0.123036, -0.000001
32368000, 0.392047, 0.152657, 0.000001
32372000, 0.504267, 0.166033, -0.000003
32376000, 0.459254, 0.323145, -0.000001
32380000, 0.594189, 0.047179, -0.000002
32384000, 0.415453, 0.048170, 0.000000
32388000, 0.415019, -0.036002, 0.000000
32392000, 0.435631, -0.060973, -0.000002
32396000, 0.448118, 0.228426, 0.000000
32400000, 0.412591, 0.025622, 0.000000
32404000, 0.406697, 0.123014, 0.000002
32408000, 0.426500, -0.014174, 0.000002
32412000, 0.504329, 0.158243, -0.000003
32416000, 0.327116, -0.249340, 0.000000
32420000, 0.451317, -0.042524, -0.000001
32424000, 0.434466, 0.015584, 0.000001
32428000, 0.408617, 0.027278, -0.000000
32432000, 0.483698, -0.099661, 0.000001
32436000, 0.487923, 0.090375, 0.000000
32440000, 0.535593, -0.042518, 0.000002
32444000, 0.448268, -0.439176, -0.000001
32448000, 0.504659, -0.463155, -0.000001
32452000, 0.332647, -0.515899, 0.000002
32456000, 0.534985, -0.421488, -0.000002
32460000, 0.472050, -0.573777, 0.000001
32464000, 0.292136, -0.601732, -0.000000
32468000, -0.063877, -0.654154, -0.000001
32472000, -0.041491, -0.517810, 0.000001
32476000, -0.218998, -0.589051, -0.000000
32480000, -0.038156, -0.598669, 0.000001
32484000, 0.213923, -0.587066, -0.000000
32488000, 0.328860, -0.405552, 0.000003
32492000, 0.167284, -0.489600, -0.000002
32496000, -0.022574, -0.494007, -0.000001
32500000, -0.082706, -0.536089, 0.000002
32504000, -0.042900, -0.477976, -0.000001
32508000, -0.108487, -0.615106, 0.000001
32512000, -0.167053, -0.697789, -0.000000
32516000, -0.239251, -0.618020, 0.000000
32520000, -0.470653, -0.476331, 0.000001
32524000, -0.434901, -0.467806, -0.000000
32528000, -0.372866, -0.666826, 0.000002
32532000, -0.187531, -0.559108, 0.000000
32536000, -0.425646, -0.423322, -0.000001
32540000, -0.206633, -0.329692, 0.000000
32544000, -0.310632, -0.103269, -0.000002
32548000, -0.274409, -0.328914, 0.000001
32552000, -0.259200, -0.058733, -0.000003
32556000, -0.310721, -0.080746, -0.000001
32560000, -0.475263, -0.172355, -0.000001
32564000, -0.531862, -0.175588, 0.000001
32568000, -0.530172, -0.342428, 0.000001
32572000, -0.603431, -0.256030, -0.000001
32576000, -0.561566, -0.244470, -0.000000
32580000, -0.566742, -0.238506, -0.000000
32584000, -0.456716, -0.286683, 0.000001
32588000, -0.629418, -0.140632, 0.000000
32592000, -0.620401, -0.216348, -0.000001
32596000, -0.593505, -0.149254, -0.000001
32600000, -0.677123, -0.120281, 0.000002
32604000, -0.703063, -0.205538, -0.000001
32608000, -0.528562, 0.103019, 0.000003
32612000, -0.552611, -0.052264, 0.000001
32616000, -0.514859, -0.051254, -0.000003
32620000, -0.426865, 0.188097, -0.000001
32624000, -0.448223, 0.249758, -0.000000
32628000, -0.399464, -0.122366, 0.000001
32632000, -0.294018, -0.179925, -0.000001
32636000, -0.369939, -0.122439, 0.000002
32640000, -0.284576, -0.051699, 0.000001
32644000, -0.425640, -0.140390, 0.000000
32648000, -0.489239, -0.139139, 0.000002
32652000, -0.801770, 0.055058, -0.000001
32656000, -0.464630, -0.175468, -0.000002
32660000, -0.281438, -0.178176, 0.000001
32664000, -0.411523, -0.351232, 0.000001
32668000, -0.590374, -0.237002, -0.000001
32672000, -0.426245, -0.127471, -0.000001
32676000, -0.304555, -0.249540, 0.000000
32680000, -0.338291, -0.303374, -0.000003
32684000, -0.335827, -0.190403, 0.000000
32688000, -0.317640, -0.289058, 0.000000
32692000, -0.201250, -0.545658, -0.000001
32696000, -0.316165, -0.407454, 0.000001
32700000, -0.073660, -0.499068, 0.000002
32704000, -0.087182, -0.503144, 0.000002
32708000, -0.125403, -0.370892, -0.000001
32712000, -0.169422, -0.443086, -0.000001
32716000, -0.425390, -0.335426, 0.000000
32720000, -0.427627, -0.242098, 0.000001
32724000, -0.511391, -0.151030, -0.000000
32728000, -0.350191, -0.193146, -0.000001
32732000, -0.565377, -0.114348, -0.000002
32736000, -0.641367, -0.018738, 0.000000
32740000, -0.660351, -0.071657, -0.000000
32744000, -0.692851, -0.210239, 0.000001
32748000, -0.635204, -0.364958, -0.000001
32752000, -0.371958, -0.595984, -0.000001
32756000, -0.493188, -0.396998, -0.000001
32760000, -0.482938, -0.512437, 0.000002
32764000, -0.614643, -0.469107, -0.000003
32768000, -0.259109, -0.693911, -0.000000
32772000, -0.315430, -0.586342, -0.000001
32776000, -0.169551, -0.671111, 0.000002
32780000, 0.083508, -0.748558, 0.000001
32784000, -0.341950, -0.707387, 0.000000
32788000, -0.153696, -0.810057, -0.000002
32792000, 0.000116, -0.771776, -0.000001
32796000, -0.005032, -0.797434, 0.000001
32800000, -0.190807, -0.686150, -0.000001
32804000, -0.299670, -0.658674, 0.000001
32808000, -0.211653, -0.663708, 0.000001
32812000, -0.570255, -0.502922, -0.000001
32816000, -0.306475, -0.514588, -0.000001
32820000, -0.550903, -0.629963, -0.000001
32824000, -0.344552, -0.679578, -0.000002
32828000, -0.273939, -0.725209, -0.000000
32832000, -0.275133, -0.650000, 0.000000
32836000, 0.002505, -0.484924, -0.000002
32840000, -0.205433, -0.481556, -0.000002
32844000, -0.248006, -0.470728, -0.000001
32848000, -0.123336, -0.336900, 0.000000
32852000, -0.082296, -0.298458, -0.000001
32856000, -0.040957, -0.197024, 0.000002
32860000, -0.165247, -0.259226, -0.000001
32864000, -0.100878, -0.259492, 0.000001
32868000, 0.179124, -0.298337, -0.000001
32872000, 0.357699, -0.255826, 0.000000
32876000, 0.335773, -0.274227, -0.000000
32880000, 0.422389, -0.250143, 0.000001
32884000, 0.532941, -0.242303, 0.000000
32888000, 0.485875, -0.219424, -0.000000
32892000, 0.495774, -0.051141, 0.000001
32896000, 0.216812, -0.160766, 0.000002
32900000, 0.336726, -0.073491, -0.000001
32904000, 0.332075, 0.071936, 0.000001
32908000, 0.589372, -0.035569, -0.000001
32912000, 0.527225, 0.199067, 0.000001
32916000, 0.637160, 0.286653, -0.000000
32920000, 0.580401, 0.094067, -0.000001
32924000, 0.606708, 0.040771, 0.000001
32928000, 0.311022, -0.047059, 0.000001
32932000, 0.389660, -0.097128, 0.000000
32936000, 0.640980, 0.029447, -0.000001
32940000, 0.533498, -0.064682, 0.000000
32944000, 0.367654, -0.033359, 0.000001
32948000, 0.498952, -0.023960, -0.000000
32952000, 0.514007, 0.273374, 0.000001
32956000, 0.283369, 0.386189, 0.000001
32960000, 0.524226, 0.483737, 0.000000
32964000, 0.409850, 0.692446, -0.000001
32968000, 0.351231, 0.395291, 0.000000
32972000, 0.348247, 0.423276, 0.000000
32976000, 0.290619, 0.388248, 0.000000
32980000, 0.446145, 0.381912, 0.000000
32984000, 0.165363, 0.491632, -0.000001
32988000, 0.221577, 0.285104, 0.000001
32992000, 0.474695, 0.405692, 0.000000
32996000, 0.467541, 0.333626, -0.000003
33000000, 0.311171, 0.494209, 0.000001
33004000, 0.284329, 0.590245, 0.000001
33008000, 0.246902, 0.509408, -0.000001
33012000, 0.039845, 0.495827, 0.000002
33016000, -0.052761, 0.547520, 0.000001
33020000, -0.114618, 0.471026, -0.000001
33024000, -0.057841, 0.464050, -0.000000
33028000, -0.071626, 0.576155, 0.000002
33032000, 0.033409, 0.546542, -0.000002
33036000, -0.037920, 0.618173, 0.000001
33040000, 0.148880, 0.626307, -0.000001
33044000, 0.108073, 0.448265, 0.000001
33048000, 0.174888, 0.619149, -0.000001
33052000, 0.045062, 0.505373, 0.000001
33056000, 0.113256, 0.484322, 0.000000
33060000, 0.154567, 0.546588, 0.000001
33064000, 0.099684, 0.288968, 0.000001
33068000, 0.192076, 0.354827, -0.000001
33072000, 0.380859, 0.139681, 0.000001
33076000, 0.442433, 0.121532, 0.000000
33080000, 0.270538, 0.354487, -0.000002
33084000, 0.255217, 0.102733, 0.000001
33088000, 0.445307, 0.009382, -0.000000
33092000, 0.364387, 0.098698, -0.000003
33096000, 0.374294, 0.051383, 0.000001
33100000, 0.487877, -0.040697, 0.000000
33104000, 0.477778, -0.025360, 0.000002
33108000, 0.334902, -0.236588, 0.000001
33112000, 0.463545, -0.154957, 0.000002
33116000, 0.344112, 0.007850, 0.000002
33120000, 0.430317, -0.215603, 0.000000
33124000, 0.433383, -0.217031, -0.000000
33128000, 0.516069, -0.086135, 0.000001
33132000, 0.398212, -0.145721, 0.000000
33136000, 0.347245, -0.121650, 0.000001
33140000, 0.406180, -0.197611, 0.000002
33144000, 0.477214, -0.114506, 0.000000
33148000, 0.464065, -0.192719, 0.000000
33152000, 0.313444, -0.339024, 0.000002
33156000, 0.313579, -0.194738, 0.000000
33160000, 0.340460, -0.310649, 0.000000
33164000, 0.613587, -0.131928, 0.000001
33168000, 0.666666, 0.228794, 0.000000
33172000, 0.648925, 0.074735, -0.000000
33176000, 0.694367, 0.388797, 0.000000
33180000, 0.406524, 0.546471, 0.000001
33184000, 0.285015, 0.511221, 0.000001
33188000, 0.100832, 0.658418, 0.000000
33192000, 0.186204, 0.639553, -0.000000
33196000, 0.180965, 0.498371, 0.000001
33200000, 0.148117, 0.478016, 0.000000
33204000, 0.061770, 0.480959, -0.000001
33208000, 0.071378, 0.510701, -0.000002
33212000, 0.114097, 0.578941, -0.000001
33216000, 0.249543, 0.531348, -0.000000
33220000, 0.123345, 0.520239, 0.000001
33224000, 0.214768, 0.455323, 0.000002
33228000, 0.176083, 0.576376, -0.000002
33232000, 0.107325, 0.549799, -0.000000
33236000, 0.170444, 0.611700, 0.000001
33240000, 0.396659, 0.332240, 0.000001
33244000, 0.460633, 0.372930, 0.000001
33248000, 0.502917, 0.345566, -0.000003
33252000, 0.394385, 0.287649, 0.000000
33256000, 0.464066, 0.463903, 0.000000
33260000, 0.450871, 0.283509, 0.000001
33264000, 0.534480, 0.511761, 0.000000
33268000, 0.460851, 0.441971, -0.000003
33272000, 0.407746, 0.517912, 0.000000
33276000, 0.560520, 0.414248, 0.000001
33280000, 0.415711, 0.494573, 0.000000
33284000, 0.326311, 0.487540, 0.000002
33288000, 0.307111, 0.647411, -0.000002
33292000, 0.277267, 0.696245, -0.000001
33296000, 0.179411, 0.720042, 0.000001
33300000, 0.242955, 0.701377, 0.000001
33304000, 0.267402, 0.655166, -0.000001
33308000, 0.497307, 0.718363, -0.000001
33312000, 0.304712, 0.737089, 0.000000
33316000, 0.560166, 0.691890, 0.000000
33320000, 0.408920, 0.727105, 0.000002
33324000, 0.674266, 0.582376, -0.000002
33328000, 0.669703, 0.415966, 0.000001
33332000, 0.566051, 0.431173, 0.000001
33336000, 0.687512, 0.356789, 0.000001
33340000, 0.484412, 0.422194, 0.000000
33344000, 0.388879, 0.456620, 0.000001
33348000, 0.742951, 0.304156, -0.000000
33352000, 0.835779, 0.394175, -0.000001
33356000, 0.554779, 0.607096, -0.000001
33360000, 0.331785, 0.814215, 0.000000
33364000, 0.525732, 0.684511, 0.000001
33368000, 0.292794, 0.772064, -0.000001
33372000, 0.177174, 0.791930, 0.000000
33376000, 0.156950, 0.704771, -0.000000
33380000, 0.075343, 0.591555, 0.000001
33384000, 0.077756, 0.824371, 0.000000
33388000, -0.048343, 0.728336, 0.000001
33392000, -0.136686, 0.611103, -0.000001
33396000, -0.071966, 0.627400, -0.000001
33400000, 0.115895, 0.527313, 0.000000
33404000, 0.031438, 0.511647, -0.000002
33408000, 0.062544, 0.465287, 0.000001
33412000, 0.189876, 0.592715, 0.000000
33416000, 0.178504, 0.479756, 0.000002
33420000, 0.466812, 0.444762, 0.000002
33424000, 0.297626, 0.293206, 0.000002
33428000, 0.379908, 0.293916, 0.000001
33432000, 0.465407, 0.443675, -0.000001
33436000, 0.268883, 0.384294, 0.000001
33440000, 0.439477, 0.431842, -0.000002
33444000, 0.152344, 0.559198, -0.000000
33448000, 0.152447, 0.526119, 0.000001
33452000, 0.053375, 0.709850, -0.000001
33456000, 0.309430, 0.717071, 0.000001
33460000, 0.566943, 0.591158, 0.000001
33464000, 0.439854, 0.673867, -0.000000
33468000, 0.521941, 0.445595, -0.000000
33472000, 0.613379, 0.310224, -0.000000
33476000, 0.659789, 0.540162, -0.000002
33480000, 0.598901, 0.358812, 0.000001
33484000, 0.703796, 0.450336, -0.000002
33488000, 0.647850, 0.270583, 0.000001
33492000, 0.504601, 0.394089, -0.000000
33496000, 0.089884, 0.517045, -0.000001
33500000, 0.062810, 0.596075, 0.000000
33504000, 0.177730, 0.503057, 0.000000
33508000, 0.122853, 0.482707, -0.000001
33512000, -0.055839, 0.344636, -0.000002
33516000, -0.210680, 0.487489, 0.000001
33520000, -0.029081, 0.374819, 0.000001
33524000, -0.221703, 0.302722, -0.000001
33528000, -0.049066, 0.606160, -0.000000
33532000, 0.057716, 0.367632, -0.000001
33536000, 0.046633, 0.439559, 0.000001
33540000, 0.163400, 0.380895, -0.000001
33544000, 0.095062, 0.544059, 0.000003
33548000, 0.189639, 0.564194, -0.000001
33552000, 0.120618, 0.119041, 0.000002
33556000, 0.149862, 0.142774, -0.000001
33560000, -0.111811, 0.007319, 0.000002
33564000, -0.192964, -0.167934, 0.000001
33568000, 0.257827, 0.012254, 0.000000
33572000, 0.263719, -0.056729, 0.000000
33576000, 0.326895, -0.043386, 0.000001
33580000, 0.005809, 0.066688, -0.000001
33584000, -0.056129, -0.033297, 0.000002
33588000, 0.033848, -0.025035, -0.000001
33592000, -0.008205, 0.133943, 0.000001
33596000, 0.073344, 0.026320, 0.000001
33600000, 0.149653, -0.144821, 0.000000
33604000, 0.200677, -0.096462, 0.000001
33608000, -0.050354, -0.142732, 0.000001
33612000, -0.030973, -0.176291, 0.000001
33616000, -0.133934, -0.217217, 0.000003
33620000, -0.082097, -0.145565, -0.000002
33624000, 0.002759, -0.280149, 0.000000
33628000, 0.300864, -0.256216, 0.000002
33632000, 0.148123, -0.275619, -0.000000
33636000, -0.003204, -0.370582, 0.000002
33640000, -0.070386, -0.481555, -0.000001
33644000, -0.229397, -0.675791, 0.000001
33648000, -0.114918, -0.534031, -0.000002
33652000, -0.232901, -0.595166, 0.000001
33656000, -0.180074, -0.467426, 0.000001
33660000, -0.221542, -0.415774, 0.000001
33664000, -0.003161, -0.173369, 0.000001
33668000, 0.054798, -0.308276, -0.000002
33672000, 0.594355, -0.319760, -0.000001
33676000, 0.260720, -0.482885, -0.000000
33680000, 0.050682, -0.429396, -0.000000
33684000, 0.023673, -0.372378, -0.000001
33688000, -0.097447, -0.451269, -0.000001
33692000, 0.072015, -0.519304, 0.000001
33696000, 0.007019, -0.530711, 0.000001
33700000, 0.164750, -0.420508, 0.000001
33704000, -0.050568, -0.446213, -0.000001
33708000, -0.105556, -0.544094, 0.000001
33712000, -0.336418, -0.559820, 0.000000
33716000, -0.461602, -0.553028, -0.000000
33720000, -0.332458, -0.470936, -0.000000
33724000, -0.329302, -0.289812, 0.000001
33728000, -0.407776, -0.106633, 0.000000
33732000, -0.313493, -0.110325, 0.000000
33736000, -0.205633, -0.092611, -0.000001
33740000, -0.144875, -0.431338, 0.000001
33744000, -0.077182, -0.421892, -0.000001
33748000, -0.153659, -0.573336, 0.000000
33752000, -0.110726, -0.444131, -0.000000
33756000, -0.190568, -0.350868, 0.000001
33760000, -0.195548, -0.476266, 0.000001
33764000, -0.139419, -0.449470, 0.000001
33768000, 0.013054, -0.221035, -0.000001
33772000, -0.014519, -0.229672, -0.000002
33776000, 0.059845, -0.328013, 0.000000
33780000, -0.094478, -0.415859, -0.000001
33784000, 0.119595, -0.569975, 0.000000
33788000, 0.016271, -0.498612, 0.000001
33792000, -0.078806, -0.333863, 0.000001
33796000, -0.053195, -0.548361, 0.000001
33800000, -0.181420, -0.428772, 0.000001
33804000, -0.168502, -0.330433, 0.000001
33808000, -0.184370, -0.236659, 0.000000
33812000, -0.213920, -0.448850, -0.000001
33816000, -0.169477, -0.391953, -0.000001
33820000, -0.230004, -0.519059, 0.000001
33824000, -0.153491, -0.249156, -0.000001
33828000, -0.046529, -0.214189, 0.000000
33832000, -0.229542, -0.280647, -0.000001
33836000, 0.030246, -0.468372, 0.000001
33840000, 0.177633, -0.424371, -0.000002
33844000, 0.246333, -0.520298, 0.000001
33848000, 0.206279, -0.386651, 0.000002
33852000, 0.425921, -0.597974, -0.000000
33856000, 0.587306, -0.277663, -0.000000
33860000, 0.691706, -0.284789, 0.000001
33864000, 0.636739, -0.239716, -0.000001
33868000, 0.489370, -0.322808, -0.000002
33872000, 0.085290, -0.258642, 0.000002
33876000, 0.062053, 0.001880, 0.000001
33880000, -0.018884, 0.319264, 0.000000
33884000, -0.036713, 0.123489, 0.000001
33888000, -0.027059, 0.024448, 0.000001
33892000, -0.099088, 0.059723, -0.000001
33896000, 0.012868, -0.091730, 0.000002
33900000, -0.041784, -0.102142, 0.000001
33904000, -0.013351, 0.103273, -0.000000
33908000, 0.006920, 0.142977, -0.000000
33912000, 0.061315, 0.170621, 0.000001
33916000, 0.038235, 0.083919, -0.000001
33920000, -0.238801, 0.374253, 0.000000
33924000, -0.180417, 0.273985, 0.000002
33928000, 0.002398, 0.260535, 0.000000
33932000, 0.188659, 0.080567, 0.000001
33936000, 0.103258, -0.053969, -0.000001
33940000, 0.074570, 0.019695, -0.000002
33944000, 0.102910, -0.048703, 0.000003
33948000, 0.126147, -0.040261, 0.000002
33952000, 0.124795, -0.022790, -0.000002
33956000, 0.041055, -0.134063, 0.000002
33960000, 0.006472, -0.067452, 0.000001
33964000, -0.112481, -0.156589, -0.000001
33968000, -0.071179, -0.180474, -0.000001
33972000, -0.011796, 0.030637, 0.000001
33976000, -0.114872, -0.008219, -0.000001
33980000, -0.030408, -0.199972, 0.000000
33984000, 0.162312, -0.412631, -0.000000
33988000, 0.177741, -0.263535, -0.000001
33992000, 0.127214, -0.112459, -0.000001
33996000, -0.107074, -0.268806, 0.000000
34000000, 0.213908, -0.319171, 0.000000
34004000, 0.408097, -0.355960, 0.000001
34008000, 0.371458, -0.436549, -0.000000
34012000, 0.287289, -0.499190, -0.000001
34016000, 0.267625, -0.634055, 0.000001
34020000, 0.442531, -0.520442, -0.000001
34024000, 0.502656, -0.587838, 0.000000
34028000, 0.551181, -0.487462, -0.000000
34032000, 0.600303, -0.399495, -0.000000
34036000, 0.456414, -0.549951, 0.000001
34040000, 0.652865, -0.436776, 0.000001
34044000, 0.583789, -0.265066, 0.000002
34048000, 0.574119, -0.103179, -0.000001
34052000, 0.377475, -0.000554, 0.000002
34056000, 0.303559, -0.023245, -0.000001
34060000, 0.405035, -0.083399, -0.000000
34064000, 0.064550, 0.140135, 0.000000
34068000, 0.488327, 0.040016, 0.000000
34072000, 0.646338, 0.052424, -0.000001
34076000, 0.424020, -0.109112, 0.000002
34080000, 0.567679, -0.138466, 0.000001
34084000, 0.303539, -0.095578, 0.000001
34088000, 0.209142, 0.109576, -0.000001
34092000, 0.293699, 0.083239, -0.000002
34096000, 0.595251, 0.164795, 0.000001
34100000, 0.432106, 0.060671, -0.000001
34104000, 0.354842, -0.019507, 0.000000
34108000, 0.507945, 0.101706, 0.000000
34112000, 0.627994, 0.121009, -0.000003
34116000, 0.403850, 0.150125, 0.000000
34120000, 0.241006, -0.060223, 0.000000
34124000, 0.279884, -0.071614, -0.000001
34128000, 0.215127, -0.242467, 0.000001
34132000, -0.071226, -0.009500, 0.000001
34136000, 0.111139, -0.063413, 0.000000
34140000, -0.189239, -0.001924, 0.000001
34144000, -0.071909, -0.237750, -0.000002
34148000, -0.140716, -0.104094, -0.000001
34152000, -0.199295, -0.285603, -0.000001
34156000, -0.081732, -0.208140, -0.000000
34160000, 0.126331, -0.240652, 0.000001
34164000, 0.130651, -0.103634, 0.000001
34168000, 0.141409, -0.018762, 0.000000
34172000, 0.045503, -0.061632, -0.000001
34176000, 0.122360, -0.191680, 0.000000
34180000, 0.216317, -0.151067, -0.000001
34184000, -0.018850, -0.072760, -0.000001
34188000, 0.145019, -0.013176, 0.000000
34192000, 0.174275, -0.124468, 0.000002
34196000, 0.096292, -0.049913, -0.000000
34200000, 0.144242, -0.221583, 0.000000
34204000, 0.222309, -0.083531, 0.000000
34208000, 0.255496, -0.102749, 0.000001
34212000, 0.141913, -0.107317, -0.000001
34216000, 0.119879, -0.015728, 0.000000
34220000, 0.253948, -0.085206, -0.000002
34224000, 0.200375, -0.169507, -0.000001
34228000, 0.089366, -0.182905, 0.000001
34232000, 0.177660, -0.068840, 0.000002
34236000, 0.032145, 0.021801, -0.000002
34240000, -0.021092, 0.053075, 0.000002
34244000, 0.112566, -0.012616, 0.000000
34248000, -0.019522, 0.102226, 0.000000
34252000, 0.238598, 0.184746, 0.000001
34256000, 0.276357, 0.163570, 0.000000
34260000, 0.261424, 0.103518, 0.000002
34264000, 0.239902, 0.211392, -0.000000
34268000, 0.227187, 0.229279, 0.000001
34272000, 0.333492, 0.187731, -0.000002
34276000, 0.509908, 0.114917, -0.000000
34280000, 0.364285, 0.175879, -0.000000
34284000, 0.345174, 0.133357, -0.000000
34288000, 0.370195, 0.091399, 0.000000
34292000, 0.196271, 0.235042, -0.000002
34296000, 0.232578, 0.262040, 0.000002
34300000, 0.587595, 0.289400, -0.000000
34304000, 0.509150, 0.381450, 0.000000
34308000, 0.616539, 0.468442, -0.000000
34312000, 0.358550, 0.376692, 0.000002
34316000, 0.546332, 0.452760, -0.000002
34320000, 0.481047, 0.338112, -0.000001
34324000, 0.616469, 0.390228, 0.000001
34328000, 0.638116, 0.610731, -0.000001
34332000, 0.643909, 0.723576, -0.000002
34336000, 0.547562, 0.606952, 0.000001
34340000, 0.590820, 0.569567, -0.000002
34344000, 0.364619, 0.610540, 0.000000
34348000, 0.249552, 0.895037, -0.000001
34352000, 0.454158, 0.741577, -0.000002
34356000, 0.309963, 0.747144, 0.000000
34360000, 0.510502, 0.561486, 0.000000
34364000, 0.588805, 0.702074, 0.000000
34368000, 0.459577, 0.562301, 0.000002
34372000, 0.600837, 0.552020, -0.000002
34376000, 0.556480, 0.427586, -0.000002
34380000, 0.716305, 0.511134, -0.000001
34384000, 0.565268, 0.291346, 0.000000
34388000, 0.749767, 0.458615, -0.000001
34392000, 0.721502, 0.371272, -0.000001
34396000, 0.760322, 0.441531, 0.000000
34400000, 0.590153, 0.539038, 0.000000
34404000, 0.519171, 0.257508, -0.000002
34408000, 0.571992, 0.431784, -0.000000
34412000, 0.501869, 0.498815, 0.000001
34416000, 0.414759, 0.596312, 0.000002
34420000, 0.531294, 0.603626, -0.000000
34424000, 0.773833, 0.438468, -0.000001
34428000, 0.872598, 0.276056, -0.000001
34432000, 0.818423, 0.357879, 0.000001
34436000, 0.813144, 0.544219, 0.000000
34440000, 0.683687, 0.698208, -0.000001
34444000, 0.845819, 0.593403, 0.000001
34448000, 0.736443, 0.553913, 0.000001
34452000, 0.806926, 0.569835, -0.000000
34456000, 0.720201, 0.450973, -0.000001
34460000, 0.631883, 0.213066, 0.000001
34464000, 0.787498, 0.479751, -0.000003
34468000, 0.756422, 0.299685, 0.000002
34472000, 0.664628, 0.427841, 0.000002
34476000, 0.592815, 0.450017, 0.000001
34480000, 0.608588, 0.341408, -0.000001
34484000, 0.658163, 0.473131, -0.000001
34488000, 0.395236, 0.587244, -0.000001
34492000, 0.649946, 0.510402, 0.000002
34496000, 0.491365, 0.620076, 0.000001
34500000, 0.347839, 0.729076, -0.000001
34504000, 0.379949, 0.750331, 0.000000
34508000, 0.458707, 0.729557, -0.000000
34512000, 0.519578, 0.850819, 0.000000
34516000, 0.285244, 0.872958, 0.000002
34520000, 0.072932, 0.784704, -0.000001
34524000, 0.084839, 0.825053, 0.000001
34528000, 0.197987, 0.703959, 0.000002
34532000, 0.300082, 0.881759, -0.000000
34536000, 0.005661, 0.905530, -0.000002
34540000, 0.055494, 0.849233, -0.000001
34544000, -0.046720, 0.775420, -0.000001
34548000, -0.179345, 0.803356, -0.000000
34552000, -0.182450, 0.855938, 0.000000
34556000, 0.081449, 0.891593, -0.000001
34560000, -0.042155, 0.877078, 0.000001
34564000, 0.069485, 1.000716, 0.000002
34568000, 0.335238, 0.893094, -0.000000
34572000, 0.302366, 0.849810, -0.000000
34576000, 0.184542, 0.983121, -0.000001
34580000, 0.239449, 0.681489, 0.000001
34584000, 0.200677, 0.642228, -0.000001
34588000, 0.389616, 0.701908, 0.000000
34592000, 0.520295, 0.689238, -0.000001
34596000, 0.180663, 0.701770, 0.000001
34600000, 0.194175, 0.660173, 0.000002
34604000, 0.480495, 0.597592, 0.000001
34608000, 0.538027, 0.552878, 0.000001
34612000, 0.161206, 0.606387, 0.000001
34616000, 0.324264, 0.639148, -0.000000
34620000, 0.307762, 0.632277, 0.000003
34624000, 0.162666, 0.714419, 0.000003
34628000, 0.094983, 0.757592, 0.000001
34632000, 0.252614, 0.781183, 0.000002
34636000, 0.308649, 0.615801, 0.000001
34640000, 0.339367, 0.603788, -0.000001
34644000, 0.145667, 0.607549, 0.000000
34648000, -0.005645, 0.643592, -0.000001
34652000, 0.120172, 0.466613, 0.000001
34656000, 0.205044, 0.448881, -0.000001
34660000, 0.254209, 0.335582, 0.000001
34664000, 0.447106, 0.455159, 0.000001
34668000, 0.432216, 0.440225, 0.000001
34672000, 0.595099, 0.246379, -0.000001
34676000, 0.685170, 0.527462, -0.000000
34680000, 0.500358, 0.324956, 0.000001
34684000, 0.596555, 0.425804, -0.000002
34688000, 0.586708, 0.372678, -0.000000
34692000, 0.573817, 0.304370, 0.000001
34696000, 0.719229, 0.457290, -0.000002
34700000, 0.871501, 0.294350, -0.000000
34704000, 0.632285, 0.248804, -0.000003
34708000, 0.850450, 0.291674, -0.000001
34712000, 0.668397, 0.593640, -0.000000
34716000, 0.687158, 0.375885, 0.000001
34720000, 0.672712, 0.318218, -0.000000
34724000, 0.786121, 0.078170, 0.000000
34728000, 0.629705, -0.061393, 0.000002
34732000, 0.740902, -0.120499, 0.000000
34736000, 0.480227, 0.015817, 0.000001
34740000, 0.410652, -0.072391, 0.000000
34744000, 0.411058, 0.010273, 0.000003
34748000, 0.139526, -0.123135, -0.000001
34752000, 0.274601, -0.142430, -0.000000
34756000, 0.241744, -0.166729, -0.000003
34760000, 0.242213, 0.048239, 0.000001
34764000, 0.351250, -0.188108, -0.000000
34768000, 0.121400, -0.005512, -0.000001
34772000, 0.172016, -0.018162, 0.000000
34776000, 0.077641, -0.082858, 0.000000
34780000, 0.273591, -0.301001, 0.000000
34784000, 0.457537, -0.099990, 0.000001
34788000, 0.471654, -0.144965, 0.000000
34792000, 0.390492, 0.083411, 0.000002
34796000, 0.363864, 0.184536, 0.000000
34800000, 0.308000, 0.169949, -0.000001
34804000, 0.548803, 0.182719, -0.000001
34808000, 0.531811, 0.133090, 0.000001
34812000, 0.681125, 0.305260, 0.000002
34816000, 0.884662, 0.088285, 0.000000
34820000, 0.614000, 0.212730, 0.000001
34824000, 0.537364, 0.044719, 0.000003
34828000, 0.589511, 0.074570, 0.000002
34832000, 0.731287, -0.022201, 0.000001
34836000, 0.802780, 0.041840, 0.000000
34840000, 0.677407, 0.400156, -0.000002
34844000, 0.737046, 0.320096, -0.000000
34848000, 0.821778, 0.339207, -0.000000
34852000, 0.719606, 0.278175, -0.000001
34856000, 0.449474, 0.423361, -0.000000
34860000, 0.791536, 0.004772, -0.000002
34864000, 0.858731, -0.218341, -0.000000
34868000, 0.608414, -0.183066, -0.000001
34872000, 0.733902, -0.155544, 0.000001
34876000, 0.582485, -0.260259, -0.000001
34880000, 0.729858, -0.185831, -0.000000
34884000, 0.705416, -0.345364, -0.000001
34888000, 0.596932, -0.444179, 0.000000
34892000, 0.649387, -0.537113, -0.000000
34896000, 0.534505, -0.553813, 0.000000
34900000, 0.704446, -0.432120, -0.000001
34904000, 0.691278, -0.469227, -0.000001
34908000, 0.751673, -0.173635, -0.000003
34912000, 0.750884, -0.196515, 0.000000
34916000, 0.661271, -0.018371, -0.000000
34920000, 0.531206, 0.054058, -0.000000
34924000, 0.496612, 0.064085, 0.000001
34928000, 0.647092, -0.077939, 0.000000
34932000, 0.653837, -0.003393, -0.000001
34936000, 0.498991, 0.202773, 0.000001
34940000, 0.658320, 0.042644, -0.000001
34944000, 0.594189, 0.015647, 0.000001
34948000, 0.466335, -0.183168, 0.000000
34952000, 0.709482, 0.055793, -0.000000
34956000, 0.740059, -0.017047, 0.000000
34960000, 0.612402, 0.146917, 0.000000
34964000, 0.519667, 0.496136, 0.000001
34968000, 0.385548, 0.532111, -0.000000
34972000, 0.536828, 0.496542, -0.000001
34976000, 0.458019, 0.344151, -0.000004
34980000, 0.575820, 0.413949, -0.000002
34984000, 0.374541, 0.558232, 0.000001
34988000, 0.280139, 0.373528, 0.000000
34992000, 0.683529, 0.250023, -0.000001
34996000, 0.544820, 0.140593, -0.000001
35000000, 0.487005, 0.016497, -0.000001
35004000, 0.529911, -0.336644, -0.000001
35008000, 0.708921, -0.060205, 0.000001
35012000, 0.720324, -0.191447, -0.000000
35016000, 0.729736, -0.108974, 0.000001
35020000, 0.679283, -0.295499, 0.000000
35024000, 0.792081, -0.328561, 0.000000
35028000, 0.694610, -0.619141, -0.000000
35032000, 0.780311, -0.534226, 0.000000
35036000, 0.742704, -0.493739, 0.000001
35040000, 0.710581, -0.533464, 0.000002
35044000, 0.716474, -0.652392, -0.000000
35048000, 0.691572, -0.622187, -0.000002
35052000, 0.773143, -0.278477, 0.000000
35056000, 0.780329, -0.181429, 0.000001
35060000, 0.806433, -0.260850, -0.000001
35064000, 0.874110, 0.011364, -0.000001
35068000, 0.908412, 0.098738, 0.000001
35072000, 0.723113, -0.057226, 0.000000
35076000, 0.757054, -0.016084, 0.000002
35080000, 0.788202, 0.266629, 0.000001
35084000, 0.811929, 0.151247, -0.000000
35088000, 0.773997, 0.275054, 0.000001
35092000, 0.738562, 0.421416, -0.000000
35096000, 0.744529, 0.228164, 0.000004
35100000, 0.693533, 0.286767, -0.000003
35104000, 0.533612, 0.553688, -0.000001
35108000, 0.599103, 0.422475, -0.000000
35112000, 0.549531, 0.383097, 0.000002
35116000, 0.540130, 0.256229, 0.000000
35120000, 0.481440, 0.331419, 0.000002
35124000, 0.408378, 0.548478, -0.000001
35128000, 0.273513, 0.538578, -0.000000
35132000, 0.146355, 0.619682, -0.000000
35136000, 0.231431, 0.643503, 0.000000
35140000, 0.257637, 0.647866, -0.000001
35144000, 0.381994, 0.548962, 0.000002
35148000, 0.419892, 0.188228, 0.000000
35152000, 0.383686, 0.198886, -0.000000
35156000, 0.412336, 0.042244, -0.000000
35160000, 0.412860, 0.173877, -0.000000
35164000, 0.618225, 0.289899, 0.000000
35168000, 0.415141, 0.238004, -0.000001
35172000, 0.562066, 0.173238, 0.000001
35176000, 0.723361, 0.028531, 0.000000
35180000, 0.665528, 0.200118, -0.000001
35184000, 0.752977, 0.434045, -0.000000
35188000, 0.518848, 0.487349, 0.000001
35192000, 0.645774, 0.430472, 0.000001
35196000, 0.398306, 0.331085, 0.000000
35200000, 0.421266, 0.251429, -0.000000
35204000, 0.477201, 0.413555, -0.000001
35208000, 0.354055, 0.487092, -0.000002
35212000, 0.275295, 0.391406, 0.000001
35216000, 0.283016, 0.479056, 0.000001
35220000, 0.658221, 0.230708, 0.000002
35224000, 0.669426, 0.098836, 0.000001
35228000, 0.582756, 0.124335, 0.000001
35232000, 0.505122, 0.347049, 0.000001
35236000, 0.468005, 0.168663, -0.000000
35240000, 0.483438, 0.020724, 0.000000
35244000, 0.630814, -0.124958, 0.000001
35248000, 0.644692, -0.181417, 0.000000
35252000, 0.719066, -0.347860, 0.000002
35256000, 0.846410, -0.226363, 0.000001
35260000, 0.812225, -0.305110, 0.000003
35264000, 0.701462, -0.156366, 0.000000
35268000, 0.761942, -0.081720, 0.000001
35272000, 0.755144, -0.079938, -0.000001
35276000, 0.596569, -0.007379, 0.000001
35280000, 0.624385, -0.123924, 0.000001
35284000, 0.691865, 0.190001, -0.000000
35288000, 0.673215, 0.299792, 0.000000
35292000, 0.635963, 0.387504, 0.000000
35296000, 0.810593, 0.169475, -0.000000
35300000, 0.928607, 0.081514, 0.000001
35304000, 0.919034, 0.094139, -0.000000
35308000, 0.788681, 0.039927, -0.000001
35312000, 0.779240, 0.263358, 0.000001
35316000, 0.694902, 0.464870, 0.000001
35320000, 0.623291, 0.269071, 0.000000
35324000, 0.677508, 0.077031, 0.000000
35328000, 0.574935, 0.344125, -0.000001
35332000, 0.667247, 0.388521, 0.000002
35336000, 0.629023, 0.338004, 0.000001
35340000, 0.579678, 0.302152, 0.000000
35344000, 0.631883, 0.439771, -0.000001
35348000, 0.689201, 0.320212, -0.000000
35352000, 0.585260, 0.484161, 0.000000
35356000, 0.403591, 0.628885, 0.000002
35360000, 0.589027, 0.660236, -0.000000
35364000, 0.505752, 0.536311, -0.000001
35368000, 0.470359, 0.419842, 0.000001
35372000, 0.315927, 0.634885, 0.000002
35376000, 0.279332, 0.661092, -0.000001
35380000, 0.434535, 0.670096, -0.000001
35384000, 0.614977, 0.507307, 0.000001
35388000, 0.719256, 0.184409, 0.000000
35392000, 0.519357, 0.082341, -0.000000
35396000, 0.464323, -0.055394, 0.000001
35400000, 0.525804, 0.227020, 0.000001
35404000, 0.414318, 0.244433, -0.000003
35408000, 0.341308, 0.077303, -0.000003
35412000, 0.448028, 0.009252, -0.000002
35416000, 0.514240, -0.153827, 0.000001
35420000, 0.542180, -0.255174, -0.000001
35424000, 0.627546, -0.364983, 0.000000
35428000, 0.505072, -0.317059, -0.000000
35432000, 0.461386, -0.297604, -0.000002
35436000, 0.396019, -0.349930, -0.000001
35440000, 0.339639, -0.380772, -0.000002
35444000, 0.284337, -0.331661, -0.000000
35448000, 0.225419, -0.252109, -0.000001
35452000, 0.237382, -0.262344, 0.000001
35456000, 0.253332, -0.230993, 0.000001
35460000, 0.138671, 0.013318, -0.000000
35464000, 0.235191, -0.060513, 0.000001
35468000, 0.474599, 0.045223, -0.000000
35472000, 0.084780, -0.160026, -0.000001
35476000, 0.193921, -0.147372, 0.000003
35480000, 0.239932, -0.059639, -0.000001
35484000, 0.381843, -0.055223, -0.000001
35488000, 0.468121, 0.098253, 0.000001
35492000, 0.313995, 0.127245, -0.000002
35496000, 0.257053, 0.003997, -0.000002
35500000, 0.072850, -0.331571, 0.000000
35504000, 0.355055, -0.027508, 0.000001
35508000, 0.513012, -0.042507, -0.000001
35512000, 0.569132, 0.080215, -0.000001
35516000, 0.661541, -0.049806, 0.000001
35520000, 0.590989, 0.019184, -0.000000
35524000, 0.469377, 0.016288, -0.000000
35528000, 0.423995, 0.187180, 0.000000
35532000, 0.653238, 0.158447, 0.000001
35536000, 0.496089, 0.172053, -0.000002
35540000, 0.256055, -0.055525, 0.000000
35544000, 0.464119, 0.082966, 0.000000
35548000, 0.574118, -0.020397, -0.000001
35552000, 0.345248, -0.054478, -0.000000
35556000, 0.446011, 0.049391, -0.000000
35560000, 0.568585, 0.105064, -0.000000
35564000, 0.539984, 0.250414, 0.000001
35568000, 0.614745, 0.021035, 0.000000
35572000, 0.382414, -0.184381, 0.000002
35576000, 0.510707, -0.204951, -0.000002
35580000, 0.632123, 0.013510, 0.000000
35584000, 0.517504, 0.220646, -0.000001
35588000, 0.563061, -0.068605, 0.000000
35592000, 0.614224, 0.012748, 0.000002
35596000, 0.536924, 0.144799, -0.000002
35600000, 0.477095, 0.201579, -0.000001
35604000, 0.478454, 0.484749, 0.000000
35608000, 0.596005, 0.188710, 0.000000
35612000, 0.492276, 0.167882, -0.000000
35616000, 0.601314, 0.251421, -0.000001
35620000, 0.771152, 0.280779, -0.000002
35624000, 0.663801, 0.392718, 0.000001
35628000, 0.545547, 0.529786, -0.000000
35632000, 0.603880, 0.364255, -0.000001
35636000, 0.693018, 0.089745, -0.000001
35640000, 0.599931, -0.031187, -0.000003
35644000, 0.538071, -0.016580, -0.000002
35648000, 0.625584, 0.075375, -0.000001
35652000, 0.571295, -0.200166, -0.000001
35656000, 0.669996, -0.038872, -0.000001
35660000, 0.701385, 0.031548, -0.000002
35664000, 0.569978, 0.201353, 0.000000
35668000, 0.559314, -0.083550, -0.000003
35672000, 0.517430, -0.049280, 0.000002
35676000, 0.378931, -0.301019, -0.000001
35680000, 0.420223, -0.351157, 0.000001
35684000, 0.079918, -0.264219, 0.000000
35688000, 0.076189, -0.380161, 0.000001
35692000, 0.061803, -0.132181, -0.000004
35696000, 0.143223, -0.254150, 0.000001
35700000, 0.262307, -0.344697, -0.000001
35704000, 0.456948, -0.166841, 0.000001
35708000, 0.318974, -0.270212, 0.000001
35712000, 0.575211, -0.291821, -0.000002
35716000, 0.554870, -0.264703, 0.000002
35720000, 0.508245, -0.044999, 0.000001
35724000, 0.300509, -0.065265, -0.000003
35728000, 0.264149, -0.263538, -0.000001
35732000, 0.272858, -0.168725, 0.000001
35736000, 0.156777, -0.465149, -0.000000
35740000, 0.172769, -0.438673, 0.000001
35744000, 0.239849, -0.276386, 0.000001
35748000, 0.167236, -0.286974, 0.000002
35752000, 0.068480, -0.230959, -0.000000
35756000, 0.274924, -0.273785, 0.000001
35760000, 0.293591, -0.333370, -0.000000
35764000, 0.410080, -0.103899, -0.000000
35768000, 0.293187, -0.314222, 0.000002
35772000, 0.449966, -0.316042, -0.000000
35776000, 0.262235, -0.293052, 0.000001
35780000, 0.060743, -0.187833, 0.000002
35784000, 0.220790, -0.032216, 0.000002
35788000, 0.281200, 0.013746, 0.000001
35792000, 0.205173, 0.065629, -0.000002
35796000, 0.006410, 0.150015, -0.000000
35800000, 0.031073, 0.202786, 0.000002
35804000, 0.186824, 0.242088, 0.000001
35808000, 0.219297, 0.190788, -0.000000
35812000, 0.130767, 0.279038, -0.000000
35816000, 0.125715, 0.280679, 0.000002
35820000, 0.098901, -0.008991, 0.000001
35824000, 0.037959, 0.021927, 0.000001
35828000, 0.155774, 0.169638, 0.000002
35832000, 0.150778, 0.085487, 0.000001
35836000, 0.110481, 0.086507, 0.000000
35840000, 0.061318, 0.145501, 0.000001
35844000, 0.099733, 0.227484, -0.000001
35848000, 0.102154, 0.246715, 0.000004
35852000, 0.272922, 0.507238, -0.000002
35856000, 0.332887, 0.514010, 0.000000
35860000, 0.226565, 0.481808, 0.000001
35864000, 0.205837, 0.186286, 0.000002
35868000, 0.044807, 0.407931, -0.000001
35872000, 0.037528, 0.498939, -0.000001
35876000, 0.201077, 0.587310, -0.000000
35880000, 0.262187, 0.490557, 0.000000
35884000, 0.252102, 0.413165, 0.000000
35888000, 0.170068, 0.481995, -0.000001
35892000, 0.018330, 0.512054, -0.000001
35896000, -0.012937, 0.330413, 0.000001
35900000, 0.058294, 0.459423, -0.000001
35904000, 0.041252, 0.405454, 0.000001
35908000, 0.133165, 0.350347, -0.000000
35912000, 0.166991, 0.317506, 0.000001
35916000, -0.130510, 0.392712, -0.000002
35920000, -0.059057, 0.465312, 0.000000
35924000, -0.063058, 0.378916, 0.000001
35928000, 0.245254, 0.195439, -0.000002
35932000, 0.125304, 0.315090, 0.000001
35936000, -0.002681, 0.411227, 0.000000
35940000, -0.052208, 0.331756, 0.000000
35944000, 0.096745, 0.417547, 0.000000
35948000, 0.482074, 0.164287, -0.000000
35952000, 0.578559, 0.288223, 0.000001
35956000, 0.488593, 0.382065, 0.000002
35960000, 0.358485, 0.460581, -0.000000
35964000, 0.212701, 0.350295, 0.000001
35968000, 0.299340, 0.364170, -0.000002
35972000, 0.090870, 0.356275, -0.000002
35976000, -0.059164, 0.305773, 0.000001
35980000, -0.167187, 0.470314, -0.000000
35984000, -0.317520, 0.303607, -0.000000
35988000, -0.093054, 0.226008, -0.000001
35992000, -0.256241, 0.000218, -0.000002
35996000, -0.357157, -0.013294, -0.000000
36000000, -0.328615, 0.167025, 0.000001
36004000, -0.394017, 0.278766, -0.000000
36008000, -0.122207, 0.214630, 0.000002
36012000, -0.308313, 0.385767, 0.000000
36016000, -0.273922, 0.197810, -0.000001
36020000, -0.363853, 0.085030, -0.000000
36024000, 0.046022, 0.194231, -0.000000
36028000, -0.190314, 0.209313, -0.000001
36032000, -0.031038, 0.408927, -0.000000
36036000, -0.233986, 0.144682, 0.000001
36040000, -0.244317, 0.088431, -0.000002
36044000, -0.379498, -0.042276, -0.000002
36048000, -0.388710, 0.156359, -0.000001
36052000, -0.189966, -0.058218, 0.000000
36056000, -0.219724, -0.074278, 0.000002
36060000, -0.355529, -0.166691, 0.000002
36064000, -0.349168, -0.196510, -0.000000
36068000, -0.306002, -0.184987, -0.000001
36072000, -0.214665, -0.209830, 0.000002
36076000, -0.320474, -0.218041, -0.000001
36080000, -0.303169, -0.064486, 0.000001
36084000, -0.477811, 0.104063, -0.000001
36088000, -0.494885, -0.127182, -0.000001
36092000, -0.424572, -0.040039, -0.000001
36096000, -0.442102, 0.157713, -0.000001
36100000, -0.550473, 0.308764, 0.000000
36104000, -0.587269, 0.319529, -0.000000
36108000, -0.650321, 0.076950, 0.000001
36112000, -0.584339, 0.496302, -0.000000
36116000, -0.600244, 0.416367, 0.000001
36120000, -0.638392, 0.307293, -0.000000
36124000, -0.679338, 0.229645, 0.000001
36128000, -0.825665, 0.051452, -0.000001
36132000, -0.629010, 0.024387, -0.000000
36136000, -0.647385, -0.133536, 0.000002
36140000, -0.660732, -0.278792, -0.000001
36144000, -0.696382, -0.342090, 0.000000
36148000, -0.578098, -0.320262, -0.000001
36152000, -0.493634, -0.521535, -0.000001
36156000, -0.599399, -0.461062, -0.000000
36160000, -0.486507, -0.114830, -0.000000
36164000, -0.533642, -0.436250, -0.000001
36168000, -0.534580, -0.292037, 0.000000
36172000, -0.448485, -0.512803, 0.000000
36176000, -0.431822, -0.629688, 0.000001
36180000, -0.370368, -0.482859, 0.000000
36184000, -0.581852, -0.361277, 0.000000
36188000, -0.712421, -0.427191, 0.000000
36192000, -0.725626, -0.500488, 0.000000
36196000, -0.760852, -0.286441, 0.000000
36200000, -0.921593, -0.233168, -0.000001
36204000, -0.826086, -0.383105, -0.000002
36208000, -0.763244, -0.231174, -0.000000
36212000, -0.790536, -0.420736, -0.000000
36216000, -0.708275, -0.096923, 0.000001
36220000, -0.913373, 0.069156, -0.000000
36224000, -0.650358, 0.187834, -0.000000
36228000, -0.457899, 0.563833, -0.000002
36232000, -0.587569, 0.501707, -0.000001
36236000, -0.740155, 0.367151, 0.000001
36240000, -0.619562, 0.411457, 0.000003
36244000, -0.724242, 0.246635, -0.000000
36248000, -0.796401, 0.155574, 0.000000
36252000, -0.619213, 0.431273, -0.000001
36256000, -0.676788, 0.481174, -0.000001
36260000, -0.662943, 0.513699, -0.000001
36264000, -0.585036, 0.388980, 0.000000
36268000, -0.658445, 0.512575, 0.000001
36272000, -0.650281, 0.519374, 0.000002
36276000, -0.570882, 0.679123, -0.000001
36280000, -0.378604, 0.742677, -0.000001
36284000, -0.455060, 0.955323, 0.000002
36288000, -0.402295, 0.776888, -0.000002
36292000, -0.312485, 0.838602, 0.000001
36296000, -0.042220, 0.907623, -0.000001
36300000, -0.205799, 0.690432, 0.000002
36304000, -0.587654, 0.543729, -0.000000
36308000, -0.628381, 0.289432, -0.000002
36312000, -0.602461, 0.038329, -0.000002
36316000, -0.589453, 0.132456, 0.000001
36320000, -0.381282, 0.127364, -0.000001
36324000, -0.313644, 0.093600, 0.000001
36328000, -0.318978, 0.013561, 0.000000
36332000, -0.497380, 0.255508, 0.000000
36336000, -0.506091, 0.066578, -0.000002
36340000, -0.455360, 0.237425, 0.000000
36344000, -0.476737, 0.292768, 0.000000
36348000, -0.275776, 0.199938, -0.000000
36352000, -0.390891, 0.277944, 0.000000
36356000, -0.301698, 0.215673, -0.000001
36360000, -0.216984, 0.283882, 0.000001
36364000, -0.260811, 0.247872, 0.000001
36368000, -0.281067, 0.222442, 0.000001
36372000, -0.291307, 0.027754, -0.000001
36376000, -0.271134, 0.114721, 0.000002
36380000, -0.005718, 0.063945, -0.000001
36384000, 0.030041, 0.052060, -0.000001
36388000, -0.202407, 0.144051, 0.000001
36392000, -0.026810, 0.255792, 0.000003
36396000, -0.077632, 0.196291, 0.000005
36400000, -0.321989, 0.246431, 0.000001
36404000, -0.195513, 0.263333, 0.000000
36408000, -0.194299, 0.299914, 0.000001
36412000, -0.236727, 0.197246, 0.000000
36416000, -0.309876, 0.403981, -0.000001
36420000, -0.259399, 0.355102, -0.000000
36424000, -0.264277, 0.336426, -0.000001
36428000, -0.381219, 0.230038, -0.000000
36432000, -0.400653, 0.236900, -0.000002
36436000, -0.275213, 0.445238, -0.000001
36440000, -0.261734, 0.436173, -0.000001
36444000, -0.237749, 0.306952, 0.000000
36448000, -0.321899, 0.311043, 0.000001
36452000, -0.171639, 0.240617, -0.000001
36456000, -0.044103, 0.056730, -0.000001
36460000, 0.100588, 0.270961, 0.000001
36464000, 0.253735, 0.010229, 0.000001
36468000, 0.082220, 0.160144, -0.000001
36472000, 0.032941, 0.164605, -0.000000
36476000, -0.023545, 0.021500, 0.000000
36480000, 0.152006, -0.159545, -0.000002
36484000, 0.070154, 0.065995, 0.000003
36488000, 0.076513, 0.355475, -0.000000
36492000, 0.025877, 0.233161, -0.000002
36496000, 0.065130, 0.367007, 0.000000
36500000, -0.025039, 0.575227, 0.000002
36504000, -0.072672, 0.491468, -0.000000
36508000, 0.033936, 0.218563, -0.000001
36512000, 0.000106, 0.202087, 0.000003
36516000, 0.008646, 0.328256, 0.000001
36520000, 0.081688, 0.205413, 0.000002
36524000, -0.040629, 0.365425, 0.000002
36528000, -0.074265, 0.160017, -0.000001
36532000, -0.066096, 0.195911, -0.000002
36536000, 0.034292, 0.343657, 0.000001
36540000, -0.030504, 0.221240, -0.000001
36544000, 0.024018, 0.238900, 0.000001
36548000, -0.094039, 0.173927, 0.000001
36552000, -0.086589, 0.223240, 0.000002
36556000, -0.223697, 0.390404, 0.000003
36560000, -0.059524, 0.411644, -0.000001
36564000, -0.038895, 0.360820, -0.000002
36568000, -0.236967, 0.480652, 0.000000
36572000, -0.394097, 0.094587, -0.000001
36576000, -0.526466, 0.244940, -0.000000
36580000, -0.294136, 0.321189, -0.000000
36584000, -0.409285, 0.319537, -0.000000
36588000, -0.396569, 0.260365, 0.000000
36592000, -0.155303, 0.232045, -0.000002
36596000, -0.272608, 0.111238, 0.000001
36600000, -0.248946, 0.188557, -0.000001
36604000, -0.212971, 0.048234, -0.000000
36608000, -0.305469, -0.018654, 0.000001
36612000, -0.290939, 0.219240, 0.000001
36616000, -0.321598, 0.233433, -0.000001
36620000, -0.369529, 0.166967, 0.000000
36624000, -0.275072, 0.227343, 0.000001
36628000, -0.100501, 0.236210, 0.000001
36632000, -0.125083, 0.148037, -0.000000
36636000, -0.127744, 0.263789, 0.000000
36640000, -0.150509, 0.152381, -0.000001
36644000, -0.178485, 0.223923, -0.000001
36648000, -0.341819, 0.213417, -0.000001
36652000, -0.296236, 0.124899, 0.000000
36656000, -0.365309, 0.387033, -0.000000
36660000, -0.352409, 0.257206, -0.000001
36664000, -0.591843, 0.546351, 0.000001
36668000, -0.541853, 0.315673, -0.000000
36672000, -0.617046, 0.305805, 0.000000
36676000, -0.729973, 0.178575, 0.000001
36680000, -0.652515, 0.109387, -0.000002
36684000, -0.643565, 0.249163, -0.000001
36688000, -0.858506, 0.121566, 0.000001
36692000, -0.726033, -0.082589, -0.000001
36696000, -0.808486, 0.178884, 0.000000
36700000, -0.822192, 0.153945, 0.000002
36704000, -0.632779, 0.164312, -0.000001
36708000, -0.705272, 0.295662, -0.000001
36712000, -0.716485, 0.324731, -0.000002
36716000, -0.544917, 0.103019, 0.000002
36720000, -0.530278, 0.253505, 0.000001
36724000, -0.471586, 0.138251, 0.000001
36728000, -0.415525, 0.200320, -0.000001
36732000, -0.302877, 0.245534, -0.000001
36736000, -0.489830, 0.168387, 0.000000
36740000, -0.658720, 0.088545, 0.000003
36744000, -0.569893, 0.214892, -0.000001
36748000, -0.587839, 0.158714, -0.000002
36752000, -0.578882, 0.150293, 0.000000
36756000, -0.502312, 0.131400, -0.000001
36760000, -0.720017, 0.000062, 0.000001
36764000, -0.864258, -0.017997, -0.000000
36768000, -0.884175, 0.105268, 0.000000
36772000, -0.782928, 0.285196, 0.000001
36776000, -0.805194, 0.368380, 0.000003
36780000, -0.646366, 0.255479, -0.000000
36784000, -0.673946, 0.155184, -0.000001
36788000, -0.678483, 0.106894, 0.000001
36792000, -0.692010, -0.096035, 0.000002
36796000, -0.548147, -0.310810, -0.000000
36800000, -0.628614, -0.336850, -0.000001
36804000, -0.521516, -0.195084, 0.000000
36808000, -0.397851, -0.205933, 0.000001
36812000, -0.461561, -0.235821, 0.000000
36816000, -0.553175, -0.061802, 0.000000
36820000, -0.557722, -0.119386, 0.000001
36824000, -0.676265, -0.049530, -0.000000
36828000, -0.563559, 0.165894, -0.000001
36832000, -0.550075, 0.150041, -0.000001
36836000, -0.660305, 0.246885, 0.000002
36840000, -0.568000, 0.365502, -0.000000
36844000, -0.423679, 0.309248, -0.000001
36848000, -0.503026, -0.114068, -0.000001
36852000, -0.442971, -0.097758, 0.000001
36856000, -0.461148, -0.179238, 0.000002
36860000, -0.293002, -0.292340, 0.000000
36864000, -0.389880, -0.231243, 0.000000
36868000, -0.406225, -0.241765, 0.000000
36872000, -0.450099, -0.160990, -0.000001
36876000, -0.262452, -0.216568, 0.000003
36880000, -0.303515, -0.316372, 0.000000
36884000, -0.295397, -0.219199, 0.000000
36888000, -0.443546, -0.233786, 0.000002
36892000, -0.385330, -0.222656, -0.000000
36896000, -0.414778, -0.051924, 0.000001
36900000, -0.459764, 0.102201, 0.000000
36904000, -0.419127, 0.199761, 0.000001
36908000, -0.489586, 0.113813, -0.000000
36912000, -0.327238, 0.042599, -0.000001
36916000, -0.392141, 0.042375, 0.000001
36920000, -0.264573, 0.049415, -0.000001
36924000, -0.086539, 0.115195, 0.000001
36928000, 0.046208, 0.206060, -0.000001
36932000, -0.092285, -0.185252, 0.000000
36936000, -0.052989, 0.073082, -0.000000
36940000, 0.145111, 0.028136, 0.000000
36944000, -0.193675, 0.033369, 0.000001
36948000, 0.038372, 0.082810, -0.000001
36952000, -0.116310, -0.003209, 0.000000
36956000, -0.199897, 0.094658, -0.000002
36960000, -0.278545, 0.084759, 0.000000
36964000, -0.003842, 0.081071, 0.000001
36968000, -0.031693, 0.223059, -0.000000
36972000, -0.038050, 0.022535, 0.000001
36976000, -0.285192, 0.064834, 0.000002
36980000, -0.440899, 0.198842, 0.000001
36984000, -0.147347, 0.149793, 0.000000
36988000, -0.235528, 0.136348, -0.000002
36992000, -0.444279, 0.218163, -0.000001
36996000, -0.419100, 0.114993, 0.000001
37000000, -0.463506, 0.006132, 0.000001
37004000, -0.276321, 0.020730, 0.000003
37008000, -0.361479, -0.004870, 0.000002
37012000, -0.452717, 0.050169, -0.000002
37016000, -0.375322, -0.052839, 0.000001
37020000, -0.349793, 0.009501, 0.000000
37024000, -0.339180, 0.161057, 0.000000
37028000, -0.253303, -0.118403, 0.000001
37032000, -0.383149, -0.327831, 0.000001
37036000, -0.460263, -0.343685, -0.000001
37040000, -0.550184, -0.278578, -0.000003
37044000, -0.400465, -0.169773, 0.000000
37048000, -0.605892, -0.072486, -0.000001
37052000, -0.609021, -0.255977, -0.000001
37056000, -0.552440, -0.077377, -0.000002
37060000, -0.639414, -0.152598, 0.000002
37064000, -0.690142, 0.133104, 0.000001
37068000, -0.336333, 0.049036, -0.000000
37072000, -0.568077, 0.048623, -0.000003
37076000, -0.505827, 0.065053, 0.000000
37080000, -0.520181, 0.015670, -0.000000
37084000, -0.585680, 0.052418, 0.000001
37088000, -0.775955, -0.087224, -0.000001
37092000, -0.873535, -0.125195, 0.000001
37096000, -0.715140, 0.018641, -0.000002
37100000, -0.672538, 0.112801, -0.000002
37104000, -0.548033, 0.106807, 0.000001
37108000, -0.515262, 0.044926, 0.000001
37112000, -0.478929, -0.038595, 0.000000
37116000, -0.644164, -0.036387, 0.000001
37120000, -0.419592, -0.067088, -0.000001
37124000, -0.294209, 0.005475, -0.000000
37128000, -0.517376, 0.068195, -0.000002
37132000, -0.421722, 0.173598, 0.000000
37136000, -0.450324, 0.421377, -0.000001
37140000, -0.442161, 0.283773, -0.000000
37144000, -0.371274, 0.075165, 0.000000
37148000, -0.438472, 0.090428, -0.000000
37152000, -0.315105, 0.335849, -0.000001
37156000, -0.208396, 0.406906, -0.000001
37160000, -0.445718, 0.344999, 0.000002
37164000, -0.425661, 0.372684, 0.000002
37168000, -0.219618, 0.506575, -0.000000
37172000, -0.069513, 0.546844, -0.000001
37176000, -0.070046, 0.700644, -0.000001
37180000, -0.018647, 0.511433, 0.000001
37184000, 0.018296, 0.437568, 0.000001
37188000, -0.196036, 0.653959, -0.000001
37192000, -0.223205, 0.600183, 0.000001
37196000, -0.163637, 0.545718, -0.000001
37200000, -0.268876, 0.440833, 0.000001
37204000, -0.564457, 0.495462, -0.000001
37208000, -0.519393, 0.555786, 0.000002
37212000, -0.669708, 0.181098, 0.000000
37216000, -0.560660, 0.216015, -0.000000
37220000, -0.513397, 0.255255, -0.000000
37224000, -0.525178, 0.178201, 0.000001
37228000, -0.540691, 0.362376, -0.000002
37232000, -0.545856, 0.265267, 0.000001
37236000, -0.482379, 0.175462, -0.000000
37240000, -0.449518, 0.224839, -0.000001
37244000, -0.416119, 0.225649, -0.000001
37248000, -0.348576, 0.241313, 0.000001
37252000, -0.280529, 0.255818, -0.000001
37256000, -0.510684, 0.159349, 0.000002
37260000, -0.398703, 0.252757, -0.000002
37264000, -0.569754, 0.135044, -0.000001
37268000, -0.511529, 0.042587, 0.000000
37272000, -0.439718, 0.256532, 0.000000
37276000, -0.381926, 0.102835, 0.000002
37280000, -0.573628, 0.124648, -0.000001
37284000, -0.452759, 0.062850, -0.000001
37288000, -0.488005, 0.060108, -0.000001
37292000, -0.400255, 0.063968, 0.000000
37296000, -0.295732, 0.004785, -0.000001
37300000, -0.214816, -0.056845, -0.000000
37304000, -0.317930, -0.090967, 0.000001
37308000, -0.216226, -0.014255, 0.000000
37312000, -0.238241, -0.070550, -0.000001
37316000, -0.216207, -0.073546, 0.000001
37320000, -0.168239, -0.292687, -0.000001
37324000, -0.354312, -0.180770, -0.000001
37328000, -0.413186, 0.040266, -0.000000
37332000, -0.332542, -0.008629, 0.000000
37336000, -0.379789, -0.074090, -0.000001
37340000, -0.562364, 0.130126, -0.000001
37344000, -0.792995, 0.053711, 0.000002
37348000, -0.831921, -0.060629, 0.000002
37352000, -0.621474, -0.195640, -0.000001
37356000, -0.438572, -0.204518, 0.000000
37360000, -0.622507, -0.080280, -0.000001
37364000, -0.789955, -0.203303, 0.000003
37368000, -0.778489, -0.095792, -0.000000
37372000, -0.732281, -0.043556, -0.000000
37376000, -0.569494, 0.133147, 0.000002
37380000, -0.671076, 0.015016, 0.000002
37384000, -0.493492, 0.022167, 0.000002
37388000, -0.525063, -0.190314, -0.000001
37392000, -0.562260, -0.062148, 0.000002
37396000, -0.594154, -0.287063, 0.000002
37400000, -0.687073, -0.142156, 0.000002
37404000, -0.745836, -0.096581, -0.000001
37408000, -0.741505, 0.014586, -0.000001
37412000, -0.886708, 0.081877, -0.000002
37416000, -0.829328, -0.285594, 0.000002
37420000, -0.665640, -0.243406, -0.000000
37424000, -0.645870, -0.122776, 0.000000
37428000, -0.522243, -0.306291, 0.000004
37432000, -0.618961, -0.438191, 0.000000
37436000, -0.632346, -0.724034, -0.000001
37440000, -0.442048, -0.457253, -0.000001
37444000, -0.617087, -0.397680, -0.000001
37448000, -0.542440, -0.416687, -0.000001
37452000, -0.391988, -0.435334, 0.000001
37456000, -0.496161, -0.510459, 0.000000
37460000, -0.516763, -0.440708, -0.000002
37464000, -0.477352, -0.589533, -0.000002
37468000, -0.628135, -0.384652, 0.000001
37472000, -0.452710, -0.526201, 0.000002
37476000, -0.483036, -0.472576, -0.000001
37480000, -0.318481, -0.515374, -0.000002
37484000, -0.285716, -0.608390, -0.000001
37488000, -0.294180, -0.709023, -0.000002
37492000, -0.271181, -0.566897, -0.000000
37496000, -0.479663, -0.627296, -0.000001
37500000, -0.509122, -0.619741, 0.000000
37504000, -0.532191, -0.584129, 0.000001
37508000, -0.655087, -0.463569, -0.000000
37512000, -0.674278, -0.382564, -0.000000
37516000, -0.801856, -0.246933, 0.000001
37520000, -0.580513, -0.160217, 0.000000
37524000, -0.524050, -0.065534, -0.000001
37528000, -0.670530, -0.144549, -0.000001
37532000, -0.511122, 0.040076, 0.000000
37536000, -0.397019, 0.048152, 0.000000
37540000, -0.266472, 0.028059, 0.000001
37544000, -0.235029, 0.080211, 0.000002
37548000, -0.316825, 0.096476, -0.000002
37552000, -0.395413, 0.029842, -0.000002
37556000, -0.231604, -0.100873, 0.000001
37560000, -0.336776, -0.043507, -0.000001
37564000, -0.287613, -0.012264, -0.000001
37568000, -0.481349, 0.037195, -0.000002
37572000, -0.399576, 0.020548, -0.000001
37576000, -0.462605, 0.058004, 0.000001
37580000, -0.310457, -0.062599, -0.000000
37584000, -0.528273, -0.006646, 0.000001
37588000, -0.505849, 0.539680, -0.000001
37592000, -0.592445, 0.292205, 0.000001
37596000, -0.624880, 0.213126, -0.000001
37600000, -0.557567, 0.195293, 0.000003
37604000, -0.473593, 0.206412, -0.000001
37608000, -0.434006, 0.289869, 0.000001
37612000, -0.481520, 0.354700, -0.000000
37616000, -0.319074, 0.447504, -0.000000
37620000, -0.129538, 0.349707, 0.000001
37624000, -0.273681, 0.491888, -0.000002
37628000, -0.157332, 0.423975, 0.000001
37632000, -0.226554, 0.268288, 0.000001
37636000, -0.387070, 0.240080, 0.000000
37640000, -0.331520, 0.255834, 0.000000
37644000, -0.298093, 0.085268, 0.000000
37648000, -0.351078, -0.007858, 0.000001
37652000, -0.422062, -0.199235, 0.000002
37656000, -0.279800, -0.086792, 0.000000
37660000, -0.242906, -0.154198, 0.000000
37664000, -0.234200, -0.023133, -0.000002
37668000, -0.312116, 0.009055, -0.000001
37672000, -0.136593, -0.076943, -0.000002
37676000, 0.046675, -0.302801, 0.000001
37680000, -0.213783, -0.131154, -0.000002
37684000, -0.234627, 0.037577, -0.000000
37688000, -0.277009, 0.064682, -0.000000
37692000, -0.045302, -0.036328, 0.000001
37696000, -0.276320, 0.066883, 0.000000
37700000, -0.203566, -0.006785, -0.000001
37704000, -0.241663, -0.075501, -0.000000
37708000, -0.448377, -0.163018, -0.000001
37712000, -0.309207, 0.000860, -0.000002
37716000, -0.281728, 0.003190, 0.000000
37720000, -0.374995, 0.179071, 0.000001
37724000, -0.549412, 0.272284, -0.000001
37728000, -0.433637, 0.262816, 0.000001
37732000, -0.305501, -0.055683, 0.000002
37736000, -0.243337, -0.145017, -0.000000
37740000, -0.196944, 0.025039, 0.000001
37744000, -0.079047, -0.049401, 0.000002
37748000, -0.195689, -0.116466, 0.000001
37752000, -0.146912, -0.216243, 0.000001
37756000, -0.055566, -0.197152, -0.000002
37760000, 0.000354, -0.046869, 0.000001
37764000, 0.131910, -0.154084, 0.000001
37768000, 0.028635, -0.317129, -0.000000
37772000, 0.045169, -0.257725, -0.000000
37776000, 0.068506, -0.380707, 0.000000
37780000, 0.183511, -0.117614, -0.000000
37784000, 0.016942, -0.064637, -0.000000
37788000, 0.222654, -0.115663, -0.000000
37792000, 0.377178, -0.139146, 0.000000
37796000, 0.188590, -0.164324, -0.000001
37800000, 0.423581, -0.100377, -0.000000
37804000, 0.232638, -0.311578, 0.000001
37808000, 0.276467, -0.293736, 0.000002
37812000, 0.040855, -0.408117, -0.000000
37816000, 0.068449, -0.237503, -0.000001
37820000, 0.022520, -0.202317, 0.000000
37824000, -0.045497, -0.049478, -0.000001
37828000, -0.009707, -0.262918, 0.000001
37832000, 0.175074, -0.195902, 0.000001
37836000, 0.235487, -0.199040, -0.000001
37840000, 0.282238, -0.244080, -0.000000
37844000, 0.449294, -0.061774, 0.000001
37848000, 0.412313, -0.025777, 0.000000
37852000, 0.269795, -0.129408, -0.000000
37856000, -0.060226, -0.290393, 0.000003
37860000, 0.087556, -0.122706, 0.000001
37864000, 0.111244, -0.316095, 0.000001
37868000, 0.180059, -0.315399, 0.000002
37872000, -0.058832, -0.264111, 0.000000
37876000, 0.013271, -0.245871, 0.000001
37880000, 0.044373, -0.166500, -0.000001
37884000, 0.156564, -0.222955, -0.000000
37888000, 0.032414, -0.177302, -0.000001
37892000, 0.066003, -0.223072, 0.000000
37896000, 0.297934, 0.023622, 0.000000
37900000, 0.245806, 0.157968, 0.000000
37904000, 0.068543, -0.014120, 0.000001
37908000, 0.008946, -0.028655, 0.000002
37912000, 0.339387, -0.044232, 0.000001
37916000, 0.243600, -0.112526, -0.000000
37920000, 0.253397, -0.036959, 0.000002
37924000, 0.257896, -0.082108, 0.000001
37928000, 0.200632, -0.122774, -0.000002
37932000, 0.179899, -0.107652, 0.000001
37936000, 0.159499, 0.001736, 0.000001
37940000, 0.081935, -0.023898, -0.000001
37944000, 0.377517, -0.001079, 0.000001
37948000, 0.377153, -0.195580, -0.000002
37952000, 0.221720, -0.099980, 0.000000
37956000, 0.054606, -0.057969, -0.000001
37960000, 0.214003, -0.013125, 0.000001
37964000, 0.329931, 0.201724, -0.000001
37968000, 0.332768, 0.350705, -0.000001
37972000, 0.333623, 0.281316, -0.000000
37976000, 0.172498, -0.129252, -0.000002
37980000, 0.102330, -0.055907, 0.000001
37984000, 0.125277, -0.207199, -0.000001
37988000, 0.056076, -0.184011, 0.000000
37992000, 0.154558, -0.046608, -0.000000
37996000, 0.160869, 0.032940, 0.000000
38000000, 0.046884, -0.117609, 0.000001
38004000, 0.181919, -0.163647, -0.000001
38008000, -0.148141, -0.173551, 0.000001
38012000, 0.090036, -0.131791, -0.000001
38016000, 0.136676, -0.125365, 0.000000
38020000, -0.115994, -0.410018, -0.000000
38024000, -0.281561, -0.275477, 0.000003
38028000, -0.149206, -0.184721, 0.000001
38032000, -0.098795, -0.174729, 0.000000
38036000, 0.021471, -0.094384, -0.000001
38040000, 0.143421, -0.233165, -0.000001
38044000, 0.088162, -0.130044, 0.000002
38048000, 0.222326, -0.224969, -0.000002
38052000, -0.048592, -0.061528, 0.000002
38056000, -0.001529, -0.001748, -0.000000
38060000, 0.061807, -0.016010, 0.000004
38064000, 0.082373, -0.134401, -0.000002
38068000, -0.006698, -0.142101, 0.000000
38072000, 0.056894, -0.056601, 0.000000
38076000, 0.270035, -0.218726, -0.000000
38080000, 0.163784, -0.257383, -0.000001
38084000, 0.117615, -0.234160, 0.000000
38088000, 0.029168, -0.087919, 0.000000
38092000, 0.032328, -0.328242, 0.000000
38096000, 0.085307, -0.265148, -0.000000
38100000, 0.087236, -0.189911, 0.000002
38104000, 0.137252, -0.044276, -0.000001
38108000, 0.115511, -0.115040, -0.000001
38112000, 0.061995, -0.101765, -0.000000
38116000, 0.184514, 0.099805, 0.000002
38120000, 0.158687, -0.003387, 0.000000
38124000, 0.246277, -0.082402, -0.000000
38128000, 0.295237, -0.031796, -0.000000
38132000, 0.082492, -0.193921, 0.000001
38136000, -0.151034, -0.119672, -0.000002
38140000, -0.075050, -0.191642, -0.000002
38144000, -0.174969, -0.062499, -0.000000
38148000, 0.053236, -0.230144, -0.000002
38152000, 0.055372, -0.161634, -0.000001
38156000, 0.020364, -0.302673, 0.000002
38160000, 0.322382, -0.182473, -0.000000
38164000, 0.170871, -0.207180, 0.000000
38168000, 0.157564, -0.226170, -0.000001
38172000, 0.218787, -0.018731, -0.000001
38176000, 0.043433, -0.287089, 0.000001
38180000, -0.111019, -0.198088, 0.000001
38184000, 0.010613, -0.270654, 0.000001
38188000, 0.075992, -0.381482, 0.000000
38192000, 0.334925, -0.279720, 0.000001
38196000, 0.236411, -0.259296, 0.000000
38200000, 0.070122, -0.333089, 0.000001
38204000, 0.214154, -0.389082, -0.000000
38208000, 0.197298, -0.412672, 0.000001
38212000, 0.376214, -0.418435, -0.000000
38216000, 0.396697, -0.246837, -0.000002
38220000, 0.334555, -0.222224, -0.000001
38224000, 0.264776, -0.248750, -0.000002
38228000, 0.282637, -0.215848, 0.000001
38232000, 0.184067, -0.031553, -0.000001
38236000, 0.275457, -0.095102, 0.000002
38240000, 0.164681, 0.093699, -0.000001
38244000, 0.247706, 0.243170, 0.000001
38248000, 0.304289, 0.185997, 0.000002
38252000, 0.290211, 0.352554, -0.000001
38256000, 0.214939, 0.227565, -0.000001
38260000, 0.185911, 0.223625, 0.000001
38264000, 0.218084, 0.208858, -0.000000
38268000, 0.309929, 0.322016, 0.000001
38272000, 0.249872, 0.286239, -0.000000
38276000, 0.283243, 0.280131, 0.000000
38280000, 0.121492, 0.276763, 0.000001
38284000, 0.163340, 0.260615, -0.000001
38288000, 0.299703, 0.175360, -0.000001
38292000, 0.409549, 0.141913, 0.000001
38296000, 0.474324, 0.203943, -0.000000
38300000, 0.316298, 0.264421, -0.000001
38304000, 0.528633, 0.323271, 0.000000
38308000, 0.476285, 0.185343, 0.000000
38312000, 0.401269, 0.205227, 0.000001
38316000, 0.438966, 0.162351, -0.000001
38320000, 0.314838, 0.135770, -0.000001
38324000, 0.524137, 0.229853, 0.000000
38328000, 0.565606, 0.204325, 0.000000
38332000, 0.246582, 0.020471, -0.000000
38336000, 0.280704, -0.130952, -0.000001
38340000, 0.235913, -0.122992, 0.000000
38344000, 0.376810, 0.151004, 0.000000
38348000, 0.358799, 0.190689, 0.000001
38352000, 0.380857, -0.052211, 0.000002
38356000, 0.434640, 0.014700, -0.000001
38360000, 0.303359, 0.053749, -0.000000
38364000, 0.280987, 0.090804, 0.000001
38368000, 0.426462, 0.046546, -0.000001
38372000, 0.521550, -0.069945, -0.000002
38376000, 0.452774, -0.110670, -0.000001
38380000, 0.168320, -0.218347, 0.000001
38384000, 0.174824, -0.104207, 0.000001
38388000, 0.240590, -0.200435, 0.000000
38392000, 0.169856, -0.190444, -0.000001
38396000, 0.116720, -0.103466, 0.000002
38400000, 0.168091, -0.082474, -0.000000
38404000, 0.180454, 0.064492, -0.000001
38408000, 0.065946, 0.173292, -0.000000
38412000, 0.123841, 0.041331, -0.000001
38416000, 0.135534, 0.283127, -0.000001
38420000, 0.077380, 0.122709, 0.000001
38424000, 0.035330, 0.317929, 0.000001
38428000, 0.154030, 0.304466, 0.000001
38432000, 0.016886, 0.062932, -0.000001
38436000, -0.102300, -0.005380, 0.000002
38440000, -0.325801, -0.076609, -0.000001
38444000, -0.042668, 0.074857, -0.000002
38448000, 0.037819, -0.059412, 0.000001
38452000, 0.039658, -0.109503, 0.000002
38456000, -0.206856, -0.286100, -0.000001
38460000, -0.232782, -0.058903, -0.000002
38464000, -0.318222, -0.123359, -0.000002
38468000, -0.263278, 0.170898, 0.000001
38472000, -0.167091, 0.145264, -0.000000
38476000, -0.307115, 0.146827, -0.000000
38480000, -0.186156, 0.363353, -0.000002
38484000, -0.319773, 0.364267, -0.000000
38488000, -0.207963, -0.048226, 0.000002
38492000, -0.326117, 0.076679, 0.000001
38496000, -0.286184, -0.025531, 0.000002
38500000, -0.076449, 0.005991, 0.000001
38504000, -0.264940, -0.196376, 0.000002
38508000, -0.321890, -0.360703, 0.000001
38512000, -0.287890, -0.295949, -0.000001
38516000, -0.104049, -0.175592, 0.000000
38520000, -0.264414, -0.139089, 0.000000
38524000, 0.031323, -0.173707, -0.000001
38528000, 0.073525, -0.197500, -0.000000
38532000, 0.173770, -0.348200, 0.000000
38536000, 0.378984, -0.441412, 0.000002
38540000, 0.380859, -0.378007, 0.000001
38544000, 0.336598, -0.423394, 0.000002
38548000, 0.259116, -0.426461, -0.000000
38552000, 0.372183, -0.418596, -0.000001
38556000, 0.278150, -0.493385, 0.000000
38560000, 0.088988, -0.785189, -0.000003
38564000, 0.221340, -0.658035, 0.000000
38568000, -0.064521, -0.526629, -0.000002
38572000, 0.082606, -0.541172, 0.000000
38576000, 0.183900, -0.361066, -0.000001
38580000, 0.210865, -0.432042, -0.000002
38584000, 0.065504, -0.608591, 0.000003
38588000, 0.122301, -0.623707, 0.000003
38592000, 0.087738, -0.664003, 0.000001
38596000, 0.022437, -0.489570, 0.000001
38600000, 0.162203, -0.564351, -0.000001
38604000, 0.120307, -0.549904, -0.000002
38608000, 0.029965, -0.700248, 0.000001
38612000, -0.115497, -0.514056, -0.000002
38616000, -0.032572, -0.680386, 0.000000
38620000, -0.011318, -0.615792, -0.000001
38624000, -0.248119, -0.527361, -0.000000
38628000, -0.407960, -0.386056, -0.000000
38632000, -0.355558, -0.456995, 0.000000
38636000, -0.292192, -0.493812, -0.000002
38640000, -0.310761, -0.295082, -0.000001
38644000, -0.255053, -0.300155, -0.000000
38648000, -0.182220, -0.387779, -0.000001
38652000, -0.172652, -0.333021, -0.000001
38656000, -0.149866, -0.387632, 0.000001
38660000, -0.076038, -0.312345, 0.000002
38664000, -0.071675, -0.214425, 0.000000
38668000, -0.029313, -0.285810, 0.000000
38672000, -0.076878, -0.262166, 0.000002
38676000, -0.222287, -0.335998, -0.000001
38680000, -0.267920, -0.470006, -0.000000
38684000, -0.128996, -0.377953, 0.000001
38688000, -0.171766, -0.218796, 0.000000
38692000, -0.216043, -0.357213, -0.000002
38696000, -0.165772, -0.288650, 0.000001
38700000, -0.273780, -0.313270, 0.000000
38704000, -0.120154, -0.339022, 0.000000
38708000, -0.237887, -0.326030, -0.000000
38712000, -0.355920, -0.253786, 0.000001
38716000, -0.086634, -0.521989, 0.000000
38720000, -0.052023, -0.402569, -0.000002
38724000, -0.101904, -0.402654, -0.000001
38728000, -0.209470, -0.312549, -0.000000
38732000, -0.150685, -0.455701, 0.000002
38736000, -0.323028, -0.487205, 0.000000
38740000, -0.142247, -0.520539, 0.000001
38744000, -0.123861, -0.507169, 0.000000
38748000, -0.266368, -0.546147, -0.000001
38752000, -0.123715, -0.624347, -0.000001
38756000, -0.066618, -0.604387, -0.000000
38760000, -0.175876, -0.675349, 0.000000
38764000, -0.220940, -0.693144, 0.000001
38768000, -0.211065, -0.626659, 0.000002
38772000, -0.379402, -0.585207, -0.000002
38776000, -0.459137, -0.549232, 0.000001
38780000, -0.294514, -0.537842, 0.000000
38784000, -0.367114, -0.635605, -0.000002
38788000, -0.267018, -0.556347, 0.000003
38792000, -0.405462, -0.551544, 0.000001
38796000, -0.459264, -0.519300, -0.000001
38800000, -0.376736, -0.389628, 0.000002
38804000, -0.358496, -0.415527, -0.000000
38808000, -0.360411, -0.400202, -0.000002
38812000, -0.301945, -0.453148, 0.000001
38816000, -0.335121, -0.508877, 0.000001
38820000, -0.372837, -0.474446, 0.000001
38824000, -0.423296, -0.272035, 0.000002
38828000, -0.291345, -0.178009, 0.000000
38832000, -0.291514, -0.018955, -0.000003
38836000, -0.148542, -0.255113, 0.000001
38840000, -0.167567, -0.293158, 0.000001
38844000, -0.183288, -0.266200, -0.000001
38848000, -0.270945, -0.247587, 0.000002
38852000, -0.391738, -0.316651, -0.000002
38856000, -0.335132, -0.184439, 0.000001
38860000, -0.475370, -0.135883, -0.000000
38864000, -0.574728, -0.079171, -0.000002
38868000, -0.493335, -0.214091, -0.000003
38872000, -0.507619, -0.237810, 0.000000
38876000, -0.440738, -0.198193, 0.000002
38880000, -0.561236, -0.074894, 0.000002
38884000, -0.536755, -0.141030, 0.000001
38888000, -0.517449, -0.295566, -0.000001
38892000, -0.429428, -0.434152, 0.000000
38896000, -0.394560, -0.358009, 0.000000
38900000, -0.474706, -0.310940, -0.000000
38904000, -0.492260, -0.402383, -0.000000
38908000, -0.380892, -0.442071, -0.000001
38912000, -0.380438, -0.521187, -0.000001
38916000, -0.254526, -0.391019, 0.000000
38920000, -0.311094, -0.404880, 0.000000
38924000, -0.435463, -0.184335, 0.000001
38928000, -0.286153, -0.127574, 0.000001
38932000, -0.203460, -0.279535, -0.000000
38936000, -0.316796, -0.276738, 0.000001
38940000, -0.387634, -0.341532, 0.000001
38944000, -0.470116, -0.455618, -0.000000
38948000, -0.451579, -0.395086, -0.000001
38952000, -0.579568, -0.497890, 0.000000
38956000, -0.576650, -0.339302, -0.000001
38960000, -0.659113, 0.014722, 0.000001
38964000, -0.338187, -0.204489, -0.000001
38968000, -0.183278, -0.215278, -0.000001
38972000, -0.367859, -0.039899, -0.000002
38976000, -0.454571, -0.040199, 0.000001
38980000, -0.511371, -0.028233, 0.000001
38984000, -0.434338, -0.119800, -0.000001
38988000, -0.487239, -0.276359, 0.000003
38992000, -0.379879, -0.198074, 0.000000
38996000, -0.606526, 0.011108, -0.000001
39000000, -0.413543, 0.301141, 0.000000
39004000, -0.353556, 0.210908, 0.000001
39008000, -0.428389, 0.286435, -0.000002
39012000, -0.407164, 0.233379, -0.000002
39016000, -0.531694, 0.270668, 0.000000
39020000, -0.516160, -0.007602, -0.000002
39024000, -0.481503, -0.036903, 0.000000
39028000, -0.302160, -0.092992, -0.000001
39032000, -0.243658, 0.017256, 0.000000
39036000, -0.160830, 0.099280, -0.000000
39040000, -0.576266, -0.179508, -0.000000
39044000, -0.378915, 0.076744, 0.000000
39048000, -0.406157, 0.144944, 0.000000
39052000, -0.266027, 0.218577, -0.000001
39056000, -0.316836, 0.269261, -0.000001
39060000, -0.444672, 0.169184, -0.000000
39064000, -0.457292, 0.452944, 0.000001
39068000, -0.466023, 0.470815, -0.000001
39072000, -0.376828, 0.561511, 0.000000
39076000, -0.057325, 0.344997, 0.000000
39080000, -0.142853, 0.315171, 0.000001
39084000, -0.161805, 0.249229, 0.000001
39088000, -0.148798, 0.357950, 0.000003
39092000, -0.196765, 0.117053, -0.000001
39096000, -0.083639, 0.241895, 0.000001
39100000, -0.152293, 0.413202, -0.000002
39104000, -0.292200, 0.318253, -0.000000
39108000, -0.110675, 0.241091, 0.000000
39112000, -0.149266, 0.325755, 0.000002
39116000, 0.011601, 0.351300, 0.000001
39120000, -0.150095, 0.396737, -0.000001
39124000, -0.134585, 0.375664, -0.000001
39128000, -0.053231, 0.470935, 0.000001
39132000, -0.004576, 0.384199, -0.000001
39136000, -0.029961, 0.343434, -0.000000
39140000, -0.116936, 0.285696, 0.000002
39144000, -0.166147, 0.250835, -0.000000
39148000, -0.241036, 0.425296, 0.000000
39152000, -0.178504, 0.477075, -0.000000
39156000, -0.056882, 0.305140, -0.000001
39160000, -0.413598, 0.638410, 0.000001
39164000, -0.315264, 0.441226, 0.000002
39168000, -0.300072, 0.574590, -0.000001
39172000, -0.191738, 0.575548, -0.000001
39176000, -0.349521, 0.496767, 0.000002
39180000, -0.326067, 0.630329, 0.000003
39184000, -0.468927, 0.672727, -0.000001
39188000, -0.450874, 0.541069, -0.000001
39192000, -0.677425, 0.449285, -0.000000
39196000, -0.702543, 0.294000, -0.000000
39200000, -0.790683, 0.253813, -0.000001
39204000, -0.484449, 0.540962, 0.000002
39208000, -0.474410, 0.612062, -0.000000
39212000, -0.486769, 0.441453, 0.000002
39216000, -0.455382, 0.428388, 0.000001
39220000, -0.447183, 0.289618, 0.000000
39224000, -0.421459, 0.242470, 0.000000
39228000, -0.596363, 0.345763, -0.000002
39232000, -0.458086, 0.437462, 0.000001
39236000, -0.508804, 0.222082, -0.000001
39240000, -0.555360, 0.054808, 0.000000
39244000, -0.697892, 0.031055, -0.000002
39248000, -0.632196, 0.208527, -0.000001
39252000, -0.602477, 0.037368, 0.000002
39256000, -0.706490, 0.132554, 0.000001
39260000, -0.480652, 0.074302, 0.000001
39264000, -0.418984, 0.074027, -0.000002
39268000, -0.473307, 0.091943, -0.000001
39272000, -0.499560, 0.056348, -0.000002
39276000, -0.474962, -0.033514, 0.000001
39280000, -0.641503, 0.027191, -0.000000
39284000, -0.433142, 0.188072, -0.000001
39288000, -0.658059, 0.038425, -0.000000
39292000, -0.555455, -0.166192, 0.000001
39296000, -0.694617, 0.057133, -0.000000
39300000, -0.616848, 0.064658, -0.000000
39304000, -0.573593, -0.004050, -0.000001
39308000, -0.360806, 0.040700, 0.000001
39312000, -0.235101, -0.120460, -0.000002
39316000, -0.352259, -0.051182, -0.000002
39320000, -0.122535, -0.171678, 0.000000
39324000, -0.319733, -0.224731, -0.000000
39328000, -0.375346, 0.068604, 0.000001
39332000, -0.219819, 0.327882, -0.000001
39336000, -0.235181, 0.152628, 0.000001
39340000, -0.285478, 0.112295, -0.000001
39344000, -0.394626, 0.014495, 0.000000
39348000, -0.604245, -0.017662, 0.000001
39352000, -0.696042, -0.008151, -0.000001
39356000, -0.621787, -0.023632, -0.000000
39360000, -0.474872, -0.090776, -0.000000
39364000, -0.509981, -0.170955, 0.000000
39368000, -0.689232, 0.216092, -0.000000
39372000, -0.518707, -0.036261, 0.000001
39376000, -0.546436, -0.193873, 0.000001
39380000, -0.401765, -0.149087, -0.000000
39384000, -0.605930, 0.086544, -0.000001
39388000, -0.469213, 0.212518, -0.000000
39392000, -0.537576, 0.180152, 0.000001
39396000, -0.583371, -0.114978, -0.000002
39400000, -0.548556, -0.409895, 0.000001
39404000, -0.447996, -0.422083, 0.000000
39408000, -0.474972, -0.540951, -0.000001
39412000, -0.436036, -0.448232, -0.000000
39416000, -0.320563, -0.538861, -0.000000
39420000, -0.446004, -0.712206, 0.000000
39424000, -0.327814, -0.842130, -0.000001
39428000, -0.126445, -0.508754, -0.000002
39432000, -0.187507, -0.895325, 0.000000
39436000, -0.190099, -0.856869, 0.000001
39440000, -0.013710, -0.697379, 0.000001
39444000, -0.468350, -0.740096, -0.000000
39448000, -0.339543, -0.442557, -0.000000
39452000, -0.259578, -0.500889, 0.000001
39456000, -0.333407, -0.412495, -0.000001
39460000, -0.396496, -0.495698, -0.000000
39464000, -0.450657, -0.480221, -0.000000
39468000, -0.403146, -0.466975, -0.000001
39472000, -0.226671, -0.422822, -0.000001
39476000, -0.257665, -0.424752, 0.000001
39480000, -0.232585, -0.536579, 0.000002
39484000, -0.389925, -0.443088, 0.000001
39488000, -0.449574, -0.255170, 0.000004
39492000, -0.254441, -0.120518, 0.000001
39496000, -0.441726, -0.283667, -0.000000
39500000, -0.581031, -0.192290, 0.000001
39504000, -0.422722, -0.166747, 0.000001
39508000, -0.525413, 0.032504, 0.000001
39512000, -0.534234, 0.063301, -0.000003
39516000, -0.609102, -0.237156, 0.000001
39520000, -0.418119, -0.348280, -0.000002
39524000, -0.492150, -0.291709, -0.000001
39528000, -0.740034, -0.140869, 0.000000
39532000, -0.598751, 0.000400, -0.000001
39536000, -0.690796, -0.091554, -0.000001
39540000, -0.617292, -0.184007, -0.000002
39544000, -0.592074, -0.262741, 0.000000
39548000, -0.583301, -0.259970, -0.000001
39552000, -0.434010, -0.118562, 0.000000
39556000, -0.444742, -0.176258, 0.000001
39560000, -0.320226, -0.031846, -0.000001
39564000, -0.495903, -0.150318, -0.000001
39568000, -0.273750, 0.186365, -0.000003
39572000, -0.280403, 0.169334, 0.000002
39576000, -0.187068, 0.285204, 0.000000
39580000, -0.207793, 0.148224, 0.000001
39584000, -0.424669, 0.092915, 0.000002
39588000, -0.416680, 0.117997, -0.000001
39592000, -0.324574, 0.191474, -0.000001
39596000, -0.321765, 0.232370, -0.000001
39600000, -0.427790, 0.362575, -0.000001
39604000, -0.352279, 0.422041, -0.000000
39608000, -0.365451, 0.615222, 0.000001
39612000, -0.487834, 0.535102, -0.000001
39616000, -0.447961, 0.612441, 0.000001
39620000, -0.538482, 0.553630, -0.000001
39624000, -0.375196, 0.606793, 0.000001
39628000, -0.371992, 0.682984, -0.000001
39632000, -0.520610, 0.507176, -0.000000
39636000, -0.485064, 0.677638, 0.000000
39640000, -0.642202, 0.546665, -0.000000
39644000, -0.541580, 0.397346, 0.000001
39648000, -0.561105, 0.341456, -0.000000
39652000, -0.429872, 0.155739, 0.000001
39656000, -0.675027, 0.175001, -0.000000
39660000, -0.714119, 0.288869, -0.000001
39664000, -0.736137, 0.240969, -0.000001
39668000, -0.746802, 0.143705, 0.000000
39672000, -0.778665, -0.000194, -0.000001
39676000, -0.744005, -0.125676, 0.000001
39680000, -0.673330, -0.277119, 0.000001
39684000, -0.857369, -0.199877, -0.000001
39688000, -0.863313, -0.236245, -0.000002
39692000, -0.759166, -0.238273, 0.000001
39696000, -0.648639, -0.195384, -0.000000
39700000, -0.678903, -0.266599, -0.000003
39704000, -0.756882, -0.187263, -0.000001
39708000, -0.582393, -0.181974, -0.000002
39712000, -0.619595, -0.059660, 0.000000
39716000, -0.494860, 0.071653, 0.000001
39720000, -0.464357, -0.181466, 0.000001
39724000, -0.390950, 0.163347, 0.000001
39728000, -0.458698, -0.211639, -0.000000
39732000, -0.527769, -0.182966, 0.000001
39736000, -0.419380, 0.065090, 0.000000
39740000, -0.414207, -0.089820, 0.000000
39744000, -0.550128, 0.203055, 0.000001
39748000, -0.393372, -0.044879, 0.000001
39752000, -0.509066, -0.036503, -0.000001
39756000, -0.597360, 0.128287, 0.000002
39760000, -0.662067, 0.062467, 0.000001
39764000, -0.636987, 0.142595, -0.000000
39768000, -0.633474, -0.064072, 0.000000
39772000, -0.608290, -0.082126, 0.000000
39776000, -0.517651, -0.162530, -0.000001
39780000, -0.608469, 0.142615, -0.000001
39784000, -0.377702, 0.053396, 0.000002
39788000, -0.462308, -0.092579, -0.000000
39792000, -0.309470, -0.054055, 0.000001
39796000, -0.399308, 0.028335, -0.000001
39800000, -0.480070, 0.019886, 0.000001
39804000, -0.519804, 0.216153, -0.000000
39808000, -0.371314, 0.033936, 0.000001
39812000, -0.567214, 0.106569, 0.000000
39816000, -0.437323, 0.161037, 0.000000
39820000, -0.529416, 0.074116, 0.000001
39824000, -0.743987, -0.118492, -0.000000
39828000, -0.611008, 0.056309, -0.000000
39832000, -0.661563, 0.058698, 0.000002
39836000, -0.464830, 0.139842, 0.000000
39840000, -0.426224, 0.168464, 0.000001
39844000, -0.449437, -0.032351, 0.000000
39848000, -0.412874, 0.017130, 0.000001
39852000, -0.339105, 0.158313, -0.000000
39856000, -0.338222, 0.162179, -0.000001
39860000, -0.273064, 0.306785, -0.000000
39864000, -0.423555, 0.144223, -0.000001
39868000, -0.214014, 0.169879, 0.000001
39872000, -0.347040, 0.372998, 0.000000
39876000, -0.216395, 0.054287, -0.000001
39880000, -0.238813, 0.030915, -0.000001
39884000, -0.233158, -0.080508, 0.000001
39888000, -0.376965, -0.282543, 0.000001
39892000, -0.150636, -0.264087, -0.000000
39896000, -0.176143, -0.321445, 0.000000
39900000, -0.244430, -0.456529, -0.000002
39904000, -0.367942, -0.345549, -0.000004
39908000, -0.400305, -0.395945, 0.000002
39912000, -0.384179, -0.332404, -0.000001
39916000, -0.377688, -0.261794, 0.000000
39920000, -0.313835, -0.222401, -0.000001
39924000, -0.235803, -0.138710, -0.000000
39928000, -0.204268, -0.206237, 0.000000
39932000, -0.169426, -0.230450, -0.000001
39936000, -0.191900, -0.142047, -0.000000
39940000, -0.389340, -0.310184, 0.000002
39944000, -0.677865, -0.187931, -0.000001
39948000, -0.624347, 0.037630, 0.000002
39952000, -0.585562, 0.063408, 0.000000
39956000, -0.590050, -0.023991, -0.000002
39960000, -0.520132, -0.094876, 0.000001
39964000, -0.517647, 0.112448, -0.000001
39968000, -0.486633, 0.066717, -0.000000
39972000, -0.378579, 0.035812, 0.000000
39976000, -0.696036, 0.176602, -0.000000
39980000, -0.544657, 0.131944, -0.000000
39984000, -0.634036, -0.009154, 0.000001
39988000, -0.530020, 0.220331, -0.000000
39992000, -0.614781, 0.078063, 0.000000
39996000, -0.645235, 0.329671, -0.000001
40000000, -0.656186, 0.260599, 0.000002
40004000, -0.674811, 0.269554, -0.000000
40008000, -0.683989, 0.407602, -0.000002
40012000, -0.697201, 0.132159, 0.000002
40016000, -0.609354, -0.245812, -0.000001
40020000, -0.599362, -0.363540, 0.000002
40024000, -0.563632, 0.043034, 0.000001
40028000, -0.574185, -0.014316, 0.000002
40032000, -0.820100, -0.318232, 0.000001
40036000, -0.672267, -0.223840, 0.000001
40040000, -0.784353, -0.078068, 0.000001
40044000, -0.781252, 0.013767, -0.000001
40048000, -0.841910, 0.138304, 0.000001
40052000, -0.825583, 0.462344, 0.000000
40056000, -0.978928, 0.080165, -0.000001
40060000, -0.959510, 0.038928, -0.000000
40064000, -0.864301, -0.016536, -0.000000
40068000, -0.909779, -0.028002, -0.000000
40072000, -0.986285, -0.066737, 0.000001
40076000, -0.874115, -0.075098, -0.000000
40080000, -0.857471, 0.071691, 0.000001
40084000, -0.776304, 0.145665, 0.000001
40088000, -0.697422, 0.145504, -0.000001
40092000, -0.725252, -0.018602, -0.000002
40096000, -0.764526, 0.194838, -0.000002
40100000, -0.718061, 0.086018, 0.000000
40104000, -0.559867, 0.308499, -0.000000
40108000, -0.581230, -0.048926, -0.000001
40112000, -0.611621, 0.068288, 0.000001
40116000, -0.637224, 0.134156, -0.000002
40120000, -0.712152, 0.017411, 0.000001
40124000, -0.642810, -0.202383, 0.000002
40128000, -0.681766, -0.065101, -0.000001
40132000, -0.652268, -0.174103, 0.000001
40136000, -0.634774, -0.092455, 0.000002
40140000, -0.565250, -0.115411, 0.000001
40144000, -0.651129, -0.154756, -0.000000
40148000, -0.849652, -0.219166, -0.000001
40152000, -0.709812, -0.204260, -0.000001
40156000, -0.726085, -0.271216, 0.000003
40160000, -0.698551, -0.004611, 0.000000
40164000, -0.700791, 0.114080, 0.000002
40168000, -0.820227, -0.020724, -0.000002
40172000, -0.827050, 0.047883, -0.000001
40176000, -0.757255, 0.070708, -0.000003
40180000, -0.614555, 0.078010, 0.000001
40184000, -0.579922, -0.012422, -0.000003
40188000, -0.657203, 0.238725, -0.000002
40192000, -0.575983, 0.364778, 0.000000
40196000, -0.527495, 0.375839, -0.000000
40200000, -0.440124, 0.364729, 0.000003
40204000, -0.605289, 0.270450, -0.000002
40208000, -0.529556, 0.512197, -0.000000
40212000, -0.527371, 0.362189, -0.000002
40216000, -0.442446, 0.434524, 0.000000
40220000, -0.357348, 0.601308, 0.000002
40224000, -0.282854, 0.578842, 0.000000
40228000, -0.306890, 0.540945, -0.000000
40232000, -0.226999, 0.565659, -0.000001
40236000, -0.426050, 0.565846, -0.000001
40240000, -0.291673, 0.644328, 0.000003
40244000, -0.191379, 0.508978, -0.000001
40248000, 0.019740, 0.481865, -0.000001
40252000, 0.022775, 0.414533, -0.000002
40256000, -0.209399, 0.274614, -0.000001
40260000, -0.329644, 0.281728, 0.000002
40264000, -0.228793, 0.299049, -0.000001
40268000, -0.174284, 0.358138, 0.000001
40272000, -0.076149, 0.218430, -0.000001
40276000, -0.068003, 0.344713, 0.000002
40280000, 0.002270, 0.444740, 0.000000
40284000, 0.071935, 0.395283, 0.000003
40288000, -0.194276, 0.446587, 0.000000
40292000, -0.072927, 0.423669, -0.000001
40296000, -0.148036, 0.364155, 0.000000
40300000, -0.257977, 0.273110, -0.000002
40304000, -0.262721, 0.220976, 0.000002
40308000, -0.260631, 0.329106, 0.000001
40312000, -0.523951, 0.018182, -0.000000
40316000, -0.506388, 0.266744, 0.000000
40320000, -0.320499, 0.426243, -0.000002
40324000, -0.261419, 0.239179, 0.000001
40328000, -0.233494, 0.125907, -0.000003
40332000, -0.377605, 0.111732, 0.000000
40336000, -0.343910, 0.211675, -0.000001
40340000, -0.305830, 0.044671, -0.000001
40344000, -0.362753, 0.187350, 0.000002
40348000, -0.465210, 0.162280, -0.000000
40352000, -0.474678, 0.237435, 0.000001
40356000, -0.509350, 0.093750, -0.000000
40360000, -0.482338, -0.180221, -0.000002
40364000, -0.350907, -0.271285, 0.000000
40368000, -0.308128, -0.155713, 0.000001
40372000, -0.312554, -0.098883, 0.000000
40376000, -0.428832, 0.131689, -0.000001
40380000, -0.245456, 0.360234, 0.000001
40384000, -0.308601, 0.337088, 0.000000
40388000, -0.337922, 0.406577, 0.000002
40392000, -0.240656, 0.168121, -0.000002
40396000, -0.497226, -0.072370, 0.000000
40400000, -0.297056, 0.192230, 0.000002
40404000, -0.366102, -0.174604, -0.000001
40408000, -0.310006, 0.235156, -0.000000
40412000, -0.343795, -0.117538, 0.000001
40416000, -0.337103, -0.084536, 0.000001
40420000, -0.345985, -0.107350, -0.000000
40424000, -0.354224, -0.157253, 0.000001
40428000, -0.291640, -0.195369, 0.000000
40432000, -0.259613, -0.432188, 0.000002
40436000, -0.081119, -0.623144, -0.000002
40440000, -0.065902, -0.284076, 0.000001
40444000, -0.048970, -0.473746, -0.000000
40448000, 0.111362, -0.543753, 0.000000
40452000, 0.070035, -0.467021, 0.000002
40456000, -0.070469, -0.328439, 0.000001
40460000, -0.212596, -0.422716, 0.000001
40464000, -0.112819, -0.290054, 0.000001
40468000, -0.422020, -0.354007, -0.000000
40472000, -0.544738, -0.118490, 0.000001
40476000, -0.631241, -0.125061, -0.000001
40480000, -0.578945, -0.062920, -0.000000
40484000, -0.377941, -0.049133, -0.000000
40488000, -0.323172, -0.129222, -0.000000
40492000, -0.376065, -0.119080, -0.000001
40496000, -0.355811, -0.289531, -0.000000
40500000, -0.413691, -0.150051, -0.000001
40504000, -0.445386, -0.025381, -0.000001
40508000, -0.559938, -0.015818, -0.000000
40512000, -0.576452, 0.294994, 0.000000
40516000, -0.547882, 0.179837, -0.000000
40520000, -0.606439, 0.088795, 0.000001
40524000, -0.598883, 0.194365, -0.000001
40528000, -0.530518, 0.234743, 0.000002
40532000, -0.689603, 0.230682, 0.000001
40536000, -0.304170, 0.183615, 0.000000
40540000, -0.248430, 0.046998, -0.000000
40544000, -0.481547, 0.049904, 0.000001
40548000, -0.435709, 0.173371, 0.000001
40552000, -0.436657, 0.160238, -0.000000
40556000, -0.469277, 0.197348, 0.000000
40560000, -0.510302, 0.129886, -0.000000
40564000, -0.237489, 0.124404, -0.000000
40568000, -0.220706, 0.218018, 0.000000
40572000, -0.022586, 0.217546, 0.000003
40576000, -0.247408, 0.088839, 0.000001
40580000, -0.216012, 0.202526, -0.000001
40584000, -0.130312, 0.067706, -0.000000
40588000, -0.046553, -0.072776, -0.000000
40592000, -0.084600, -0.131163, 0.000001
40596000, -0.089667, -0.284308, 0.000001
40600000, -0.184487, -0.146323, 0.000000
40604000, -0.007347, -0.191870, 0.000001
40608000, -0.233748, -0.152983, 0.000001
40612000, -0.108350, -0.151964, -0.000000
40616000, -0.153516, -0.063905, 0.000000
40620000, -0.188410, 0.010876, 0.000001
40624000, -0.052707, 0.195994, -0.000000
40628000, 0.073193, 0.336157, -0.000001
40632000, 0.031226, -0.014749, 0.000001
40636000, -0.153045, -0.081908, -0.000001
40640000, -0.211213, -0.135607, 0.000002
40644000, -0.305203, -0.196164, 0.000000
40648000, -0.313926, -0.215555, 0.000000
40652000, -0.224267, -0.119829, -0.000001
40656000, -0.112078, -0.059274, 0.000001
40660000, -0.109183, -0.270127, 0.000002
40664000, -0.284906, 0.054951, 0.000000
40668000, -0.021892, -0.071006, 0.000001
40672000, -0.169465, -0.088248, -0.000000
40676000, -0.043217, -0.194034, 0.000001
40680000, 0.015251, -0.062268, -0.000001
40684000, -0.208947, -0.091117, -0.000001
40688000, -0.217238, 0.082950, -0.000001
40692000, -0.179623, 0.178367, 0.000001
40696000, -0.064563, 0.194649, 0.000001
40700000, -0.300573, 0.280166, 0.000001
40704000, -0.334797, 0.219844, 0.000000
40708000, -0.443008, 0.244011, 0.000000
40712000, -0.152168, 0.340761, -0.000002
40716000, -0.030079, 0.401010, -0.000002
40720000, -0.142848, 0.364506, -0.000001
40724000, 0.110076, 0.472679, -0.000001
40728000, -0.060515, 0.424889, 0.000000
40732000, -0.034842, 0.288964, 0.000000
40736000, 0.058068, 0.443293, 0.000000
40740000, 0.214855, 0.508811, -0.000003
40744000, 0.056768, 0.575816, -0.000000
40748000, -0.036861, 0.417329, 0.000001
40752000, -0.146181, 0.543473, -0.000000
40756000, -0.561641, 0.141592, -0.000003
40760000, -0.296887, 0.166209, 0.000001
40764000, -0.246661, 0.159677, 0.000000
40768000, -0.179303, 0.349548, -0.000003
40772000, -0.173765, 0.579316, -0.000000
40776000, -0.259303, 0.132152, 0.000002
40780000, -0.541189, -0.026560, 0.000001
40784000, -0.350624, 0.212765, -0.000001
40788000, -0.371718, 0.244384, -0.000000
40792000, -0.302189, 0.379304, -0.000001
40796000, -0.358850, 0.187229, -0.000001
40800000, -0.206322, 0.286061, -0.000001
40804000, -0.180276, 0.216619, -0.000002
40808000, -0.274004, 0.165501, -0.000001
40812000, -0.223958, -0.152556, -0.000003
40816000, -0.272276, -0.205668, 0.000000
40820000, -0.391714, -0.065289, -0.000000
40824000, -0.368718, 0.106761, 0.000000
40828000, -0.484829, 0.083040, 0.000002
40832000, -0.332193, 0.332752, -0.000000
40836000, -0.416789, 0.180419, -0.000001
40840000, -0.464239, 0.224885, -0.000000
40844000, -0.038011, 0.486283, -0.000000
40848000, -0.244782, 0.555006, 0.000000
40852000, -0.187227, 0.551903, -0.000001
40856000, -0.322558, 0.392848, -0.000000
40860000, -0.297087, 0.347487, -0.000001
40864000, -0.168010, 0.283025, 0.000000
40868000, -0.353503, 0.236158, 0.000000
40872000, -0.204487, 0.323012, -0.000002
40876000, -0.133423, 0.413338, 0.000000
40880000, -0.142512, 0.483086, -0.000000
40884000, -0.200763, 0.368043, 0.000001
40888000, -0.118320, 0.402875, -0.000000
40892000, -0.058292, 0.532369, 0.000001
40896000, 0.031871, 0.433852, -0.000001
40900000, -0.171498, 0.348514, -0.000000
40904000, -0.037829, 0.497583, 0.000002
40908000, -0.067810, 0.485570, 0.000002
40912000, -0.033343, 0.481839, -0.000000
40916000, -0.060225, 0.479505, 0.000001
40920000, 0.057845, 0.504788, -0.000002
40924000, 0.288129, 0.450112, 0.000000
40928000, 0.278049, 0.347551, -0.000000
40932000, 0.364894, 0.208000, 0.000000
40936000, 0.292319, 0.185507, -0.000001
40940000, 0.376039, 0.295605, 0.000000
40944000, 0.342367, 0.180905, -0.000002
40948000, 0.164302, 0.271952, -0.000002
40952000, 0.207721, 0.277626, 0.000002
40956000, 0.276490, 0.210667, 0.000000
40960000, 0.185350, 0.209853, 0.000001
40964000, 0.373816, 0.084560, 0.000001
40968000, 0.077473, -0.047400, -0.000000
40972000, -0.147764, 0.090251, -0.000001
40976000, -0.282425, 0.042182, 0.000000
40980000, -0.371646, 0.193427, -0.000001
40984000, -0.295453, 0.209598, -0.000001
40988000, -0.280545, -0.119593, -0.000002
40992000, -0.270086, -0.062893, 0.000001
40996000, -0.237613, -0.179927, 0.000001
41000000, -0.138674, -0.127593, -0.000000
41004000, -0.096900, -0.084795, 0.000001
41008000, -0.118426, 0.034239, 0.000002
41012000, 0.145234, 0.298234, -0.000001
41016000, 0.207931, 0.027759, 0.000000
41020000, 0.438721, 0.157325, 0.000001
41024000, 0.000026, 0.262369, -0.000002
41028000, -0.022181, 0.036334, 0.000001
41032000, 0.004218, 0.151163, -0.000000
41036000, -0.087149, -0.028427, 0.000000
41040000, -0.230684, -0.010455, 0.000000
41044000, -0.039562, -0.095460, 0.000000
41048000, -0.067173, 0.008229, 0.000000
41052000, -0.114333, 0.091437, 0.000002
41056000, -0.042492, 0.018067, -0.000002
41060000, -0.159568, 0.024318, 0.000001
41064000, -0.059578, 0.068225, 0.000000
41068000, -0.077046, 0.153530, -0.000001
41072000, -0.173280, 0.311896, -0.000000
41076000, -0.065985, 0.304519, -0.000000
41080000, -0.038689, 0.133334, 0.000002
41084000, -0.081177, 0.118432, 0.000000
41088000, 0.014503, 0.265835, 0.000001
41092000, -0.287203, 0.184929, 0.000001
41096000, -0.303165, 0.086327, -0.000000
41100000, 0.060359, 0.123948, -0.000001
41104000, -0.098094, 0.007622, -0.000000
41108000, -0.092639, -0.004886, -0.000002
41112000, -0.282989, -0.044927, 0.000001
41116000, -0.058018, -0.132238, 0.000000
41120000, 0.040917, -0.082442, 0.000003
41124000, -0.223860, -0.087357, 0.000002
41128000, -0.079598, -0.146576, 0.000001
41132000, -0.169549, -0.100410, 0.000001
41136000, 0.025004, -0.146617, 0.000000
41140000, -0.140166, -0.085002, -0.000000
41144000, -0.067414, -0.124984, -0.000002
41148000, -0.082740, -0.126342, -0.000000
41152000, -0.209619, 0.067941, 0.000001
41156000, -0.048942, 0.074450, -0.000000
41160000, -0.226658, 0.000209, 0.000000
41164000, -0.098280, 0.145919, 0.000000
41168000, -0.231394, 0.034729, 0.000001
41172000, -0.260910, 0.104852, 0.000001
41176000, -0.201061, 0.006903, -0.000001
41180000, -0.443400, 0.072965, -0.000001
41184000, -0.255643, 0.159396, 0.000001
41188000, -0.451771, 0.020090, 0.000000
41192000, -0.453600, -0.008401, -0.000001
41196000, -0.372114, 0.222916, -0.000001
41200000, -0.271364, 0.299551, -0.000001
41204000, -0.206694, 0.311275, 0.000001
41208000, -0.071214, 0.430894, -0.000001
41212000, -0.172721, 0.254515, -0.000002
41216000, -0.182484, 0.314461, 0.000000
41220000, -0.289395, 0.221865, 0.000000
41224000, -0.117602, 0.293865, -0.000001
41228000, -0.114128, 0.233374, -0.000002
41232000, -0.349716, 0.361858, -0.000000
41236000, -0.203268, 0.242498, 0.000000
41240000, -0.301520, 0.255807, 0.000001
41244000, -0.130201, 0.040318, 0.000002
41248000, -0.155760, 0.037215, -0.000001
41252000, -0.197710, -0.101281, 0.000002
41256000, -0.154334, -0.199718, 0.000001
41260000, -0.107041, -0.291588, -0.000001
41264000, -0.111969, -0.384588, -0.000001
41268000, 0.144063, -0.473522, 0.000002
41272000, 0.077583, -0.463719, -0.000002
41276000, -0.099341, -0.468062, 0.000002
41280000, -0.130256, -0.437295, -0.000002
41284000, -0.114238, -0.387882, 0.000000
41288000, -0.084490, -0.387835, 0.000000
41292000, -0.102258, -0.373387, 0.000001
41296000, -0.083244, -0.447758, 0.000002
41300000, -0.107532, -0.584181, 0.000001
41304000, 0.205911, -0.532197, -0.000002
41308000, 0.001447, -0.654258, 0.000002
41312000, 0.144077, -0.648918, 0.000003
41316000, 0.354225, -0.589285, -0.000003
41320000, 0.184389, -0.660363, -0.000002
41324000, 0.103831, -0.522248, -0.000000
41328000, -0.037211, -0.580386, -0.000001
41332000, 0.181217, -0.615496, -0.000001
41336000, 0.212766, -0.547815, -0.000001
41340000, 0.042626, -0.635153, -0.000001
41344000, 0.266591, -0.550496, -0.000001
41348000, 0.230281, -0.579385, -0.000000
41352000, 0.144645, -0.480201, 0.000002
41356000, 0.119861, -0.634931, -0.000000
41360000, -0.152344, -0.753352, -0.000000
41364000, -0.195277, -0.667897, 0.000000
41368000, -0.042171, -0.528304, -0.000000
41372000, -0.179257, -0.523569, 0.000001
41376000, -0.033965, -0.725651, 0.000002
41380000, -0.231624, -0.662157, -0.000002
41384000, -0.074325, -0.507672, 0.000001
41388000, -0.190111, -0.410145, -0.000000
41392000, -0.305287, -0.511352, -0.000001
41396000, -0.459484, -0.320181, -0.000000
41400000, -0.402407, -0.134957, -0.000000
41404000, -0.432446, -0.313048, -0.000002
41408000, -0.416060, -0.286726, -0.000001
41412000, -0.178497, -0.058396, -0.000002
41416000, -0.403394, -0.051365, 0.000002
41420000, -0.291519, -0.104438, -0.000002
41424000, -0.358110, -0.105848, -0.000002
41428000, -0.332410, 0.078864, -0.000002
41432000, -0.460229, 0.105065, 0.000000
41436000, -0.492246, 0.075786, 0.000001
41440000, -0.387240, 0.041089, 0.000000
41444000, -0.394381, 0.009713, 0.000001
41448000, -0.363608, -0.058396, -0.000002
41452000, -0.176988, -0.131902, -0.000003
41456000, -0.204808, 0.003925, 0.000000
41460000, -0.335354, 0.020896, -0.000001
41464000, -0.240227, -0.128172, -0.000001
41468000, 0.057561, -0.157802, 0.000002
41472000, 0.122233, -0.085128, -0.000000
41476000, -0.003447, 0.021666, 0.000001
41480000, -0.115816, -0.106702, 0.000000
41484000, 0.027758, -0.002227, -0.000001
41488000, -0.126689, -0.191555, 0.000001
41492000, -0.156246, -0.267354, 0.000001
41496000, -0.223451, -0.185712, 0.000001
41500000, -0.299217, -0.341754, -0.000001
41504000, -0.403530, -0.370712, -0.000001
41508000, -0.378981, -0.053572, -0.000000
41512000, -0.454786, -0.288176, -0.000002
41516000, -0.306285, -0.386449, 0.000000
41520000, -0.253368, -0.467246, -0.000000
41524000, -0.181495, -0.531433, 0.000002
41528000, 0.039157, -0.577224, -0.000001
41532000, 0.008340, -0.369250, 0.000001
41536000, 0.069560, -0.419916, -0.000000
41540000, -0.116180, -0.441855, 0.000000
41544000, -0.085384, -0.534287, 0.000002
41548000, -0.240781, -0.363115, -0.000001
41552000, -0.114504, -0.505347, -0.000001
41556000, 0.035705, -0.575341, 0.000002
41560000, 0.109429, -0.550591, -0.000000
41564000, 0.182596, -0.481724, 0.000001
41568000, 0.274344, -0.597518, -0.000002
41572000, 0.474758, -0.504653, 0.000001
41576000, 0.365676, -0.725892, 0.000001
41580000, 0.256562, -0.431337, 0.000001
41584000, 0.275281, -0.538218, -0.000000
41588000, 0.174356, -0.627534, -0.000000
41592000, 0.232030, -0.488730, -0.000000
41596000, 0.045756, -0.477988, -0.000001
41600000, -0.024855, -0.453804, 0.000001
41604000, 0.019126, -0.355776, -0.000001
41608000, -0.046635, -0.396058, 0.000002
41612000, 0.045369, -0.454004, -0.000000
41616000, -0.136310, -0.331721, -0.000001
41620000, -0.177463, -0.300378, 0.000001
41624000, -0.306365, -0.238369, -0.000001
41628000, -0.546194, -0.266437, -0.000001
41632000, -0.560951, -0.404820, 0.000000
41636000, -0.573753, -0.328406, -0.000001
41640000, -0.518217, -0.231430, 0.000000
41644000, -0.623482, -0.144136, -0.000003
41648000, -0.693163, -0.248285, -0.000000
41652000, -0.617703, -0.112135, 0.000001
41656000, -0.500505, -0.279997, -0.000001
41660000, -0.475092, -0.307218, 0.000002
41664000, -0.407283, -0.396125, 0.000002
41668000, -0.553328, -0.116765, -0.000000
41672000, -0.540822, -0.107252, -0.000001
41676000, -0.568606, 0.018099, -0.000002
41680000, -0.249237, 0.237840, -0.000003
41684000, -0.218196, 0.250802, 0.000001
41688000, -0.368442, 0.043556, 0.000000
41692000, -0.493811, 0.133836, -0.000001
41696000, -0.401456, 0.336532, 0.000003
41700000, -0.476745, 0.313895, -0.000001
41704000, -0.605808, 0.478613, 0.000001
41708000, -0.441012, 0.401672, 0.000000
41712000, -0.467544, 0.423145, 0.000000
41716000, -0.622331, 0.284268, 0.000003
41720000, -0.679969, 0.315793, 0.000000
41724000, -0.682816, 0.299065, 0.000003
41728000, -0.532947, 0.343397, 0.000002
41732000, -0.487468, 0.358912, -0.000001
41736000, -0.731152, 0.358704, -0.000002
41740000, -0.703032, 0.235594, -0.000001
41744000, -0.666309, 0.286563, 0.000002
41748000, -0.623332, 0.299644, 0.000001
41752000, -0.599018, 0.030595, -0.000001
41756000, -0.651792, 0.016295, 0.000001
41760000, -0.685450, -0.143535, -0.000001
41764000, -0.622493, -0.271488, -0.000002
41768000, -0.630516, -0.207615, -0.000000
41772000, -0.538373, -0.252186, -0.000001
41776000, -0.411593, -0.375109, 0.000002
41780000, -0.525160, -0.331144, -0.000000
41784000, -0.604615, -0.226719, -0.000000
41788000, -0.487781, -0.112080, -0.000001
41792000, -0.490395, -0.083614, 0.000001
41796000, -0.611769, -0.138898, 0.000001
41800000, -0.684698, -0.270736, 0.000001
41804000, -0.613201, -0.287020, -0.000001
41808000, -0.411225, -0.528909, -0.000000
41812000, -0.542488, -0.291945, -0.000001
41816000, -0.436518, -0.349999, 0.000001
41820000, -0.529024, -0.259176, -0.000000
41824000, -0.347737, -0.311996, -0.000001
41828000, -0.320508, -0.443667, -0.000002
41832000, -0.614173, -0.234897, -0.000000
41836000, -0.509191, -0.225357, 0.000002
41840000, -0.655846, -0.017527, 0.000003
41844000, -0.811747, -0.195872, 0.000001
41848000, -0.702482, -0.021891, -0.000001
41852000, -0.594519, 0.002388, 0.000002
41856000, -0.618140, -0.165756, -0.000000
41860000, -0.668052, -0.354099, 0.000000
41864000, -0.680173, -0.400677, -0.000002
41868000, -0.467058, -0.575682, -0.000001
41872000, -0.465031, -0.621030, 0.000000
41876000, -0.246429, -0.791625, 0.000001
41880000, -0.043700, -0.722878, 0.000001
41884000, -0.161702, -0.602328, 0.000000
41888000, -0.010030, -0.707117, 0.000001
41892000, 0.152548, -0.490267, 0.000001
41896000, 0.105823, -0.519511, 0.000000
41900000, -0.089713, -0.549230, -0.000000
41904000, -0.003924, -0.569859, 0.000001
41908000, 0.082606, -0.542290, -0.000001
41912000, 0.247605, -0.664491, -0.000001
41916000, 0.311274, -0.687356, -0.000002
41920000, 0.431350, -0.449062, -0.000000
41924000, 0.512315, -0.518164, -0.000001
41928000, 0.413494, -0.173609, -0.000001
41932000, 0.506330, -0.018734, -0.000000
41936000, 0.405512, -0.274196, 0.000000
41940000, 0.348044, -0.272349, -0.000001
41944000, 0.243512, -0.283238, 0.000002
41948000, 0.179467, -0.316757, -0.000000
41952000, 0.349082, -0.450792, -0.000001
41956000, 0.196323, -0.333325, 0.000000
41960000, 0.389277, -0.219581, 0.000001
41964000, 0.322801, -0.296023, 0.000002
41968000, 0.425880, -0.402326, -0.000002
41972000, 0.555548, -0.411890, -0.000001
41976000, 0.519558, -0.553522, -0.000001
41980000, 0.454027, -0.420372, -0.000000
41984000, 0.580850, -0.221400, 0.000000
41988000, 0.379777, -0.215326, -0.000001
41992000, 0.425753, -0.116313, 0.000001
41996000, 0.329929, -0.223576, -0.000001
42000000, 0.363803, -0.223331, -0.000001
42004000, 0.391267, -0.185730, -0.000002
42008000, 0.304424, -0.441120, 0.000001
42012000, 0.327832, -0.549557, 0.000000
42016000, 0.401114, -0.484782, -0.000000
42020000, 0.123674, -0.507255, 0.000000
42024000, 0.104038, -0.592620, 0.000000
42028000, 0.231795, -0.499709, -0.000001
42032000, 0.325346, -0.579532, 0.000001
42036000, 0.305451, -0.571497, 0.000002
42040000, 0.580548, -0.557719, 0.000001
42044000, 0.466435, -0.697531, -0.000002
42048000, 0.363983, -0.544349, -0.000000
42052000, 0.522231, -0.416692, 0.000000
42056000, 0.414338, -0.338140, -0.000002
42060000, 0.494299, -0.400446, -0.000002
42064000, 0.587833, -0.409273, -0.000002
42068000, 0.364903, -0.074444, -0.000000
42072000, 0.194682, 0.020608, -0.000001
42076000, 0.224930, -0.025794, -0.000001
42080000, 0.397538, -0.038843, -0.000000
42084000, 0.486318, -0.088885, -0.000001
42088000, 0.334877, 0.210649, 0.000002
42092000, 0.541421, 0.101684, -0.000000
42096000, 0.408668, 0.128459, -0.000001
42100000, 0.424444, -0.020205, 0.000000
42104000, 0.500486, -0.012547, 0.000000
42108000, 0.699346, -0.043460, 0.000001
42112000, 0.737419, 0.093357, 0.000000
42116000, 0.450995, -0.009617, -0.000000
42120000, 0.587352, -0.081360, -0.000000
42124000, 0.618149, -0.121183, -0.000000
42128000, 0.650393, -0.231291, 0.000001
42132000, 0.616026, -0.364525, 0.000000
42136000, 0.598602, -0.286699, 0.000002
42140000, 0.594990, -0.431328, -0.000000
42144000, 0.549164, -0.233794, 0.000000
42148000, 0.464656, -0.027149, 0.000001
42152000, 0.446036, -0.067663, 0.000000
42156000, 0.453761, -0.213673, -0.000001
42160000, 0.472414, -0.267088, -0.000001
42164000, 0.595254, -0.268608, -0.000000
42168000, 0.766020, -0.329969, -0.000000
42172000, 0.763208, -0.382629, 0.000002
42176000, 0.621234, -0.393279, -0.000002
42180000, 0.564229, -0.396350, 0.000002
42184000, 0.936180, -0.285578, 0.000002
42188000, 0.688161, -0.317572, 0.000000
42192000, 0.496127, -0.111353, -0.000002
42196000, 0.495736, -0.226850, -0.000001
42200000, 0.631010, -0.075936, -0.000000
42204000, 0.659410, -0.113390, 0.000001
42208000, 0.778738, -0.125588, -0.000000
42212000, 0.658624, -0.201045, 0.000001
42216000, 0.502095, -0.496619, -0.000000
42220000, 0.500427, -0.490942, -0.000003
42224000, 0.535204, -0.499261, 0.000002
42228000, 0.377968, -0.581257, -0.000000
42232000, 0.398970, -0.691679, 0.000001
42236000, 0.644368, -0.527777, -0.000001
42240000, 0.673081, -0.452246, -0.000000
42244000, 0.499462, -0.478908, 0.000002
42248000, 0.666374, -0.483826, 0.000001
42252000, 0.410974, -0.611547, -0.000001
42256000, 0.217815, -0.472682, -0.000001
42260000, 0.295922, -0.494300, 0.000002
42264000, 0.064916, -0.502843, 0.000001
42268000, -0.037168, -0.446355, -0.000001
42272000, 0.013973, -0.496453, -0.000001
42276000, -0.038089, -0.760246, 0.000003
42280000, -0.133395, -0.625124, 0.000002
42284000, -0.073598, -0.722435, -0.000000
42288000, 0.031217, -0.754287, 0.000000
42292000, 0.365696, -0.715861, 0.000001
42296000, 0.267256, -0.559399, 0.000000
42300000, 0.295429, -0.403204, 0.000001
42304000, 0.307126, -0.332348, -0.000000
42308000, 0.479563, -0.370377, -0.000000
42312000, 0.383035, -0.507957, -0.000000
42316000, 0.387839, -0.479946, 0.000000
42320000, 0.508252, -0.434868, -0.000001
42324000, 0.189371, -0.549021, 0.000001
42328000, 0.319707, -0.521080, -0.000001
42332000, 0.329411, -0.451864, -0.000000
42336000, 0.368356, -0.562949, -0.000001
42340000, 0.404814, -0.487475, 0.000000
42344000, 0.497392, -0.697837, -0.000000
42348000, 0.443528, -0.406626, 0.000000
42352000, 0.452969, -0.496247, 0.000003
42356000, 0.550258, -0.686644, -0.000001
42360000, 0.528499, -0.452471, -0.000001
42364000, 0.564616, -0.293145, -0.000002
42368000, 0.515447, -0.170097, -0.000000
42372000, 0.588660, -0.197364, -0.000000
42376000, 0.479763, -0.064759, 0.000000
42380000, 0.499542, -0.043208, 0.000003
42384000, 0.419987, -0.192748, -0.000002
42388000, 0.313259, -0.258811, -0.000000
42392000, 0.432873, -0.188553, 0.000001
42396000, 0.400408, -0.400041, 0.000001
42400000, 0.321348, -0.212467, -0.000000
42404000, 0.317152, -0.450123, -0.000001
42408000, 0.352616, -0.396100, 0.000001
42412000, 0.335451, -0.315571, 0.000002
42416000, 0.398937, -0.385117, 0.000002
42420000, 0.443065, -0.443731, 0.000000
42424000, 0.586169, -0.571427, 0.000000
42428000, 0.653836, -0.433063, 0.000000
42432000, 0.467196, -0.720713, -0.000000
42436000, 0.368208, -0.607132, -0.000000
42440000, 0.419148, -0.740524, 0.000000
42444000, 0.326452, -0.563601, -0.000000
42448000, 0.400029, -0.758120, -0.000002
42452000, 0.430646, -0.750999, -0.000001
42456000, 0.364829, -0.527244, -0.000000
42460000, 0.367757, -0.470245, 0.000000
42464000, 0.484940, -0.418431, 0.000001
42468000, 0.616407, -0.481706, 0.000000
42472000, 0.704404, -0.362750, -0.000001
42476000, 0.703854, -0.445522, -0.000001
42480000, 0.567748, -0.523265, 0.000001
42484000, 0.636852, -0.432077, 0.000000
42488000, 0.592348, -0.540131, -0.000001
42492000, 0.679194, -0.478191, 0.000000
42496000, 0.567539, -0.423284, -0.000000
42500000, 0.559575, -0.551848, 0.000000
42504000, 0.644221, -0.450577, 0.000000
42508000, 0.620505, -0.415755, -0.000001
42512000, 0.582413, -0.471544, 0.000000
42516000, 0.534695, -0.372500, -0.000000
42520000, 0.595637, -0.109192, 0.000001
42524000, 0.625062, -0.086454, 0.000000
42528000, 0.612711, -0.024015, -0.000001
42532000, 0.707619, -0.163678, 0.000001
42536000, 0.590936, -0.211888, 0.000002
42540000, 0.734373, 0.004618, 0.000001
42544000, 0.486425, -0.129833, 0.000000
42548000, 0.533609, -0.214132, 0.000001
42552000, 0.663697, -0.231271, -0.000000
42556000, 0.511540, -0.282840, -0.000002
42560000, 0.354946, -0.197577, -0.000000
42564000, 0.542080, -0.174732, -0.000001
42568000, 0.565506, -0.135328, 0.000001
42572000, 0.433116, -0.111463, -0.000002
42576000, 0.511135, -0.077723, 0.000002
42580000, 0.364791, -0.119117, -0.000001
42584000, 0.567811, -0.032873, 0.000001
42588000, 0.681955, 0.133157, -0.000000
42592000, 0.497730, 0.325642, 0.000001
42596000, 0.385269, 0.294987, -0.000000
42600000, 0.393146, 0.360025, 0.000001
42604000, 0.312440, 0.548151, 0.000000
42608000, 0.332190, 0.390468, 0.000001
42612000, 0.362633, 0.409125, 0.000000
42616000, 0.326028, 0.463302, 0.000000
42620000, 0.438704, 0.432515, 0.000000
42624000, 0.410206, 0.396248, 0.000000
42628000, 0.369795, 0.597215, 0.000002
42632000, 0.275324, 0.571919, -0.000001
42636000, 0.310416, 0.655490, -0.000000
42640000, 0.404657, 0.516603, 0.000001
42644000, 0.281411, 0.534502, 0.000001
42648000, 0.472287, 0.362706, 0.000000
42652000, 0.348192, 0.452181, -0.000001
42656000, 0.355439, 0.577119, 0.000000
42660000, 0.553978, 0.401760, -0.000001
42664000, 0.526420, 0.336117, 0.000001
42668000, 0.477611, 0.361128, -0.000001
42672000, 0.463212, 0.480499, 0.000000
42676000, 0.487596, 0.302587, -0.000001
42680000, 0.599389, 0.481580, -0.000000
42684000, 0.443374, 0.479527, 0.000001
42688000, 0.425409, 0.506044, 0.000002
42692000, 0.339014, 0.511353, -0.000001
42696000, 0.292904, 0.359756, 0.000002
42700000, 0.254920, 0.398286, -0.000002
42704000, 0.637212, 0.432331, -0.000001
42708000, 0.094646, 0.428318, 0.000002
42712000, 0.328755, 0.291446, 0.000001
42716000, 0.218378, 0.352094, -0.000001
42720000, 0.370537, 0.540163, 0.000001
42724000, 0.484693, 0.500452, 0.000001
42728000, 0.286060, 0.635456, 0.000000
42732000, 0.408146, 0.578262, 0.000001
42736000, 0.399321, 0.315740, -0.000000
42740000, 0.507528, 0.475304, 0.000001
42744000, 0.383148, 0.419909, -0.000000
42748000, 0.419261, 0.444274, 0.000001
42752000, 0.233873, 0.299908, 0.000000
42756000, 0.175888, 0.170170, -0.000000
42760000, 0.260243, 0.098100, -0.000001
42764000, 0.471701, 0.135280, 0.000001
42768000, 0.450350, 0.191054, 0.000000
42772000, 0.414691, 0.283908, 0.000000
42776000, 0.450408, -0.053540, 0.000000
42780000, 0.525982, -0.060239, -0.000001
42784000, 0.520666, -0.065330, -0.000000
42788000, 0.533376, -0.124629, -0.000000
42792000, 0.445293, -0.153749, 0.000001
42796000, 0.637884, 0.117801, 0.000000
42800000, 0.622269, 0.127057, 0.000002
42804000, 0.638213, 0.181793, -0.000000
42808000, 0.744043, 0.181233, -0.000001
42812000, 0.636312, 0.225237, 0.000002
42816000, 0.627061, 0.414467, 0.000002
42820000, 0.666580, 0.240046, -0.000001
42824000, 0.546583, 0.189888, 0.000001
42828000, 0.561873, 0.378974, 0.000002
42832000, 0.607386, 0.208425, -0.000001
42836000, 0.616989, -0.091204, 0.000001
42840000, 0.619008, 0.064050, 0.000000
42844000, 0.778409, 0.132298, 0.000001
42848000, 0.538772, 0.093416, -0.000001
42852000, 0.609519, 0.308851, -0.000000
42856000, 0.636357, 0.268516, 0.000002
42860000, 0.710857, 0.335997, 0.000000
42864000, 0.520672, 0.322887, -0.000001
42868000, 0.370571, 0.418982, -0.000001
42872000, 0.337380, 0.395106, 0.000000
42876000, 0.353071, 0.306919, -0.000001
42880000, 0.395386, 0.352349, 0.000000
42884000, 0.316192, 0.207525, -0.000001
42888000, 0.143743, 0.222462, 0.000001
42892000, 0.104060, 0.038342, -0.000000
42896000, 0.159687, 0.087038, 0.000000
42900000, -0.079360, 0.180587, 0.000000
42904000, 0.056142, 0.110462, 0.000001
42908000, 0.136101, 0.307886, -0.000000
42912000, 0.218718, 0.376088, -0.000000
42916000, 0.105944, 0.432149, -0.000001
42920000, 0.218947, 0.256092, 0.000002
42924000, 0.267258, 0.229122, -0.000001
42928000, 0.383880, 0.225728, 0.000000
42932000, 0.415223, 0.117726, 0.000001
42936000, 0.389779, 0.303676, 0.000001
42940000, 0.337170, 0.324789, 0.000002
42944000, 0.471101, 0.318333, -0.000001
42948000, 0.674687, 0.102736, -0.000000
42952000, 0.768901, 0.047373, 0.000000
42956000, 0.732965, 0.086442, -0.000000
42960000, 0.607278, 0.033910, 0.000001
42964000, 0.523380, -0.096278, 0.000000
42968000, 0.558117, -0.098407, 0.000002
42972000, 0.517171, 0.046150, -0.000001
42976000, 0.568603, -0.183034, -0.000000
42980000, 0.652703, -0.150477, -0.000001
42984000, 0.732445, -0.047425, -0.000000
42988000, 0.683223, -0.116117, -0.000001
42992000, 0.663216, -0.250560, 0.000000
42996000, 0.741040, -0.266096, 0.000001
43000000, 0.588174, -0.209152, -0.000001
43004000, 0.684765, -0.512229, 0.000001
43008000, 0.849496, -0.481230, -0.000001
43012000, 0.697902, -0.471977, -0.000001
43016000, 0.902660, -0.224563, -0.000001
43020000, 0.880201, -0.245280, 0.000000
43024000, 0.798643, -0.069317, -0.000000
43028000, 0.694110, -0.222979, -0.000000
43032000, 0.657832, -0.204690, -0.000001
43036000, 0.621590, -0.260738, 0.000001
43040000, 0.570278, -0.302241, 0.000000
43044000, 0.622475, -0.383582, 0.000002
43048000, 0.633244, -0.389485, -0.000001
43052000, 0.520819, -0.528227, 0.000002
43056000, 0.743932, -0.242636, -0.000002
43060000, 0.622312, -0.467102, -0.000001
43064000, 0.558844, -0.572276, 0.000000
43068000, 0.449261, -0.305586, 0.000001
43072000, 0.370022, -0.273100, -0.000000
43076000, 0.506412, -0.284031, -0.000001
43080000, 0.529985, -0.276034, 0.000001
43084000, 0.516725, -0.059507, -0.000002
43088000, 0.424400, -0.334907, 0.000002
43092000, 0.334182, -0.465158, -0.000000
43096000, 0.252281, -0.137202, -0.000002
43100000, 0.288933, -0.022204, 0.000000
43104000, 0.381104, -0.052284, 0.000000
43108000, 0.333764, -0.198567, 0.000001
43112000, 0.190707, -0.203992, 0.000000
43116000, 0.081278, -0.201010, 0.000001
43120000, 0.111479, -0.108068, 0.000001
43124000, 0.059781, -0.095844, -0.000000
43128000, 0.049441, 0.075415, -0.000000
43132000, 0.191120, -0.030730, 0.000000
43136000, 0.057212, -0.076918, 0.000000
43140000, 0.146827, -0.092255, -0.000000
43144000, 0.284077, -0.106202, -0.000001
43148000, -0.005629, -0.089072, 0.000002
43152000, 0.091539, -0.136728, 0.000000
43156000, 0.199440, -0.140953, 0.000002
43160000, 0.297964, 0.011550, -0.000001
43164000, 0.519097, -0.085594, -0.000000
43168000, 0.366495, -0.229279, -0.000000
43172000, 0.442672, -0.349624, 0.000000
43176000, 0.425076, -0.325666, 0.000000
43180000, 0.329854, -0.369845, -0.000001
43184000, 0.384026, -0.516924, -0.000002
43188000, 0.151043, -0.420184, -0.000000
43192000, 0.192025, -0.577481, 0.000001
43196000, 0.239028, -0.559561, 0.000001
43200000, 0.238311, -0.488975, -0.000000
43204000, 0.051384, -0.485332, -0.000002
43208000, 0.216078, -0.418417, -0.000002
43212000, 0.226989, -0.422970, -0.000000
43216000, 0.288148, -0.577713, 0.000000
43220000, 0.208425, -0.593939, 0.000000
43224000, 0.432580, -0.552699, -0.000001
43228000, 0.156322, -0.781737, -0.000002
43232000, 0.440395, -0.553578, 0.000001
43236000, 0.353909, -0.359586, 0.000000
43240000, 0.384491, -0.355966, 0.000000
43244000, 0.398774, -0.544410, 0.000001
43248000, 0.470028, -0.462173, 0.000002
43252000, 0.359188, -0.543509, 0.000000
43256000, 0.476251, -0.306658, 0.000001
43260000, 0.389815, -0.571395, -0.000000
43264000, 0.517559, -0.578701, 0.000001
43268000, 0.421626, -0.634296, 0.000001
43272000, 0.469621, -0.693562, 0.000002
43276000, 0.457084, -0.572679, -0.000000
43280000, 0.429345, -0.575901, -0.000002
43284000, 0.142087, -0.681749, 0.000001
43288000, 0.115626, -0.611165, 0.000000
43292000, 0.097995, -0.638971, -0.000001
43296000, -0.069778, -0.561357, 0.000002
43300000, 0.127330, -0.447715, -0.000001
43304000, 0.204853, -0.541515, -0.000000
43308000, 0.107780, -0.438543, 0.000001
43312000, 0.300340, -0.429724, -0.000002
43316000, 0.275185, -0.395771, 0.000000
43320000, 0.208708, -0.501240, 0.000000
43324000, 0.052483, -0.524518, 0.000001
43328000, 0.095699, -0.653938, -0.000001
43332000, 0.043940, -0.594354, -0.000001
43336000, -0.095541, -0.506639, 0.000001
43340000, 0.226589, -0.521520, 0.000002
43344000, 0.004806, -0.518559, -0.000001
43348000, 0.049695, -0.545244, -0.000002
43352000, 0.124675, -0.497636, 0.000000
43356000, 0.116214, -0.623410, 0.000001
43360000, 0.234638, -0.563234, 0.000000
43364000, 0.269428, -0.440378, 0.000000
43368000, 0.210691, -0.434145, 0.000002
43372000, 0.358537, -0.370963, -0.000000
43376000, 0.544460, -0.419258, 0.000000
43380000, 0.535704, -0.403422, 0.000000
43384000, 0.785004, -0.684990, 0.000001
43388000, 0.747629, -0.532814, -0.000001
43392000, 0.701448, -0.205304, 0.000001
43396000, 0.562308, -0.071389, 0.000001
43400000, 0.594434, -0.405938, -0.000002
43404000, 0.706789, 0.016844, -0.000003
43408000, 0.577778, 0.017114, 0.000000
43412000, 0.699342, -0.123720, -0.000001
43416000, 0.422585, -0.152447, -0.000000
43420000, 0.561591, 0.134019, -0.000001
43424000, 0.669909, 0.027432, -0.000000
43428000, 0.716467, 0.052863, -0.000000
43432000, 0.751848, 0.031736, -0.000002
43436000, 0.750518, -0.056561, -0.000001
43440000, 0.739899, -0.091534, -0.000000
43444000, 0.662845, -0.020075, -0.000003
43448000, 0.770712, -0.093460, 0.000000
43452000, 0.528054, -0.297432, -0.000001
43456000, 0.552696, -0.188409, -0.000001
43460000, 0.499043, -0.362738, -0.000001
43464000, 0.375293, -0.299446, -0.000002
43468000, 0.622895, -0.178912, -0.000001
43472000, 0.388861, -0.206247, 0.000000
43476000, 0.406947, -0.410196, -0.000000
43480000, 0.446478, -0.426533, -0.000000
43484000, 0.575570, -0.351691, -0.000001
43488000, 0.542420, -0.291426, -0.000001
43492000, 0.432867, -0.290576, 0.000003
43496000, 0.450821, -0.281477, -0.000001
43500000, 0.462964, -0.267811, -0.000001
43504000, 0.482073, -0.126540, 0.000002
43508000, 0.453270, -0.244459, -0.000001
43512000, 0.427818, -0.267316, 0.000001
43516000, 0.482668, -0.220922, 0.000001
43520000, 0.371388, -0.305713, 0.000002
43524000, 0.342948, -0.283002, 0.000001
43528000, 0.312793, -0.079361, -0.000001
43532000, 0.340753, -0.078155, -0.000003
43536000, 0.471153, 0.042487, -0.000001
43540000, 0.372168, -0.004452, -0.000000
43544000, 0.392896, 0.193241, 0.000001
43548000, 0.286794, 0.176791, 0.000001
43552000, 0.258379, 0.142625, 0.000000
43556000, 0.111968, 0.135443, -0.000000
43560000, 0.243579, 0.125514, -0.000001
43564000, 0.182664, 0.234272, -0.000002
43568000, 0.242736, 0.187885, -0.000000
43572000, 0.202053, -0.004243, -0.000001
43576000, 0.190473, -0.153061, 0.000000
43580000, 0.235141, -0.096970, -0.000000
43584000, 0.417295, 0.195936, 0.000001
43588000, 0.323676, 0.048482, 0.000002
43592000, 0.371562, -0.286828, 0.000001
43596000, 0.362715, -0.154852, -0.000001
43600000, 0.419304, -0.345830, -0.000001
43604000, 0.479843, -0.385118, -0.000002
43608000, 0.310736, -0.311665, 0.000002
43612000, 0.285779, -0.274564, -0.000001
43616000, 0.383471, -0.260257, -0.000001
43620000, 0.639993, -0.318116, 0.000003
43624000, 0.652106, -0.031918, 0.000000
43628000, 0.686875, 0.158627, 0.000001
43632000, 0.591157, -0.016221, 0.000000
43636000, 0.613530, -0.260901, 0.000001
43640000, 0.675513, -0.518741, -0.000002
43644000, 0.573676, -0.506955, 0.000001
43648000, 0.473637, -0.564253, -0.000000
43652000, 0.511720, -0.390133, 0.000000
43656000, 0.445592, -0.553595, 0.000000
43660000, 0.307971, -0.584313, 0.000002
43664000, 0.021969, -0.810081, 0.000001
43668000, -0.342540, -0.629773, -0.000002
43672000, -0.585660, -0.599412, 0.000001
43676000, -0.495781, -0.656927, 0.000001
43680000, -0.525794, -0.547272, -0.000001
43684000, -0.483475, -0.606819, -0.000003
43688000, -0.274862, -0.728526, 0.000000
43692000, -0.382106, -0.584554, -0.000000
43696000, -0.536273, -0.651823, -0.000002
43700000, -0.601289, -0.608661, -0.000000
43704000, -0.546622, -0.515300, 0.000000
43708000, -0.497282, -0.494052, -0.000001
43712000, -0.713306, -0.373933, 0.000004
43716000, -0.653982, -0.282985, 0.000000
43720000, -0.704821, -0.363235, -0.000001
43724000, -0.587465, -0.463407, -0.000001
43728000, -0.533573, -0.466978, -0.000000
43732000, -0.502351, -0.453683, 0.000001
43736000, -0.611291, -0.228623, 0.000000
43740000, -0.563581, -0.208619, -0.000001
43744000, -0.565392, -0.283118, 0.000001
43748000, -0.745888, -0.508288, -0.000000
43752000, -0.612773, -0.441296, -0.000000
43756000, -0.671290, -0.463949, 0.000002
43760000, -0.463753, -0.334954, 0.000002
43764000, -0.537486, -0.458645, 0.000000
43768000, -0.300874, -0.541650, -0.000003
43772000, -0.122529, -0.614004, -0.000001
43776000, -0.261665, -0.549654, 0.000001
43780000, -0.335868, -0.401924, 0.000001
43784000, -0.353666, -0.416873, -0.000000
43788000, -0.277079, -0.553984, -0.000003
43792000, -0.562838, -0.646579, 0.000000
43796000, -0.407008, -0.584141, -0.000002
43800000, -0.232658, -0.599536, 0.000001
43804000, -0.572441, -0.638987, -0.000001
43808000, -0.685822, -0.275730, 0.000001
43812000, -0.695001, -0.532653, 0.000000
43816000, -0.803374, -0.475110, -0.000000
43820000, -0.583339, -0.366397, -0.000001
43824000, -0.494259, -0.341655, 0.000001
43828000, -0.334339, -0.479961, 0.000000
43832000, -0.336895, -0.475713, 0.000002
43836000, -0.399265, -0.545039, -0.000000
43840000, -0.236747, -0.664704, 0.000003
43844000, -0.220152, -0.743596, 0.000001
43848000, -0.271560, -0.480037, -0.000001
43852000, -0.003399, -0.470819, 0.000001
43856000, 0.229087, -0.594768, -0.000001
43860000, 0.096976, -0.547945, -0.000002
43864000, -0.293423, -0.476725, -0.000000
43868000, -0.317888, -0.610015, 0.000001
43872000, -0.108882, -0.732628, -0.000002
43876000, -0.062054, -0.683425, -0.000003
43880000, -0.213447, -0.603172, -0.000001
43884000, -0.259529, -0.530101, -0.000001
43888000, -0.037212, -0.668054, 0.000000
43892000, 0.024179, -0.793089, -0.000000
43896000, 0.081171, -0.689043, 0.000002
43900000, -0.053444, -0.718257, -0.000000
43904000, -0.042730, -0.645564, -0.000001
43908000, -0.084466, -0.642375, -0.000001
43912000, -0.335043, -0.500499, -0.000002
43916000, -0.330879, -0.414312, 0.000002
43920000, -0.472896, -0.421130, 0.000000
43924000, -0.535141, -0.318728, -0.000000
43928000, -0.569621, -0.253596, -0.000001
43932000, -0.531508, -0.344985, 0.000001
43936000, -0.572752, -0.233169, -0.000001
43940000, -0.606551, -0.354349, -0.000002
43944000, -0.579642, -0.138166, 0.000001
43948000, -0.442785, -0.012071, 0.000001
43952000, -0.395164, 0.127596, -0.000000
43956000, -0.548426, 0.013050, -0.000001
43960000, -0.574690, 0.148019, 0.000001
43964000, -0.514985, 0.157271, 0.000000
43968000, -0.444934, -0.007115, 0.000001
43972000, -0.322817, 0.126799, 0.000000
43976000, -0.318884, -0.003098, 0.000001
43980000, -0.277799, -0.068987, 0.000001
43984000, -0.329006, -0.012079, 0.000000
43988000, -0.426972, -0.074489, -0.000001
43992000, -0.136827, 0.081980, 0.000001
43996000, -0.408836, 0.016624, -0.000002
44000000, -0.116257, 0.101554, -0.000001
44004000, -0.188833, -0.166859, 0.000000
44008000, -0.417527, -0.188280, 0.000003
44012000, -0.434445, -0.032551, -0.000000
44016000, -0.175882, 0.208572, -0.000003
44020000, -0.163069, -0.057836, -0.000000
44024000, -0.044189, -0.095300, -0.000001
44028000, -0.317991, -0.155245, 0.000000
44032000, -0.173889, -0.091947, -0.000000
44036000, -0.471365, 0.200626, -0.000001
44040000, -0.381869, -0.014000, 0.000001
44044000, -0.224598, 0.013887, -0.000000
44048000, -0.257457, -0.075153, 0.000002
44052000, -0.297887, -0.147523, -0.000001
44056000, -0.379969, 0.019253, 0.000002
44060000, -0.330459, -0.290352, -0.000001
44064000, -0.238053, -0.248037, -0.000001
44068000, -0.124179, -0.414579, 0.000001
44072000, -0.094394, -0.272797, 0.000000
44076000, -0.034449, -0.318622, -0.000001
44080000, 0.124997, -0.470597, -0.000000
44084000, 0.098549, -0.271256, 0.000003
44088000, -0.064203, -0.428319, 0.000000
44092000, -0.100504, -0.183650, -0.000000
44096000, -0.107007, -0.351466, -0.000002
44100000, -0.290428, -0.357834, -0.000000
44104000, -0.500334, -0.208403, 0.000002
44108000, -0.458347, -0.186311, 0.000002
44112000, -0.442202, -0.255641, 0.000000
44116000, -0.483665, -0.269351, 0.000000
44120000, -0.464174, -0.258562, -0.000001
44124000, -0.442822, -0.163421, -0.000001
44128000, -0.472743, -0.339917, 0.000000
44132000, -0.509245, -0.345970, 0.000000
44136000, -0.410719, -0.379515, -0.000001
44140000, -0.466022, -0.386870, 0.000001
44144000, -0.280155, -0.398590, -0.000000
44148000, -0.258029, -0.365233, -0.000000
44152000, -0.183771, -0.220409, 0.000000
44156000, -0.300349, -0.438132, -0.000001
44160000, -0.332222, -0.329708, 0.000001
44164000, -0.179829, -0.358950, -0.000000
44168000, -0.081179, -0.323136, 0.000000
44172000, -0.173792, -0.216859, -0.000001
44176000, -0.015556, -0.455223, 0.000001
44180000, -0.266098, -0.237788, -0.000001
44184000, -0.135329, -0.200757, -0.000001
44188000, -0.179378, -0.195899, 0.000000
44192000, -0.013177, -0.259842, -0.000000
44196000, -0.074444, -0.247385, -0.000000
44200000, -0.197087, -0.288839, -0.000000
44204000, -0.167975, -0.314388, -0.000002
44208000, -0.053936, -0.179509, 0.000002
44212000, -0.094879, -0.459825, -0.000001
44216000, 0.007429, -0.294025, 0.000001
44220000, -0.290326, -0.505320, -0.000001
44224000, -0.238026, -0.366582, -0.000002
44228000, -0.330555, -0.715465, -0.000000
44232000, -0.214573, -0.689083, -0.000003
44236000, 0.067094, -0.571775, 0.000001
44240000, 0.106068, -0.506357, -0.000001
44244000, 0.084104, -0.700307, -0.000000
44248000, -0.086692, -0.557157, -0.000000
44252000, -0.080388, -0.537939, -0.000001
44256000, 0.091819, -0.531927, 0.000002
44260000, 0.190968, -0.476243, 0.000001
44264000, 0.165909, -0.487552, -0.000002
44268000, 0.428133, -0.519389, -0.000001
44272000, 0.486717, -0.354291, -0.000000
44276000, 0.477665, -0.393231, 0.000001
44280000, 0.521186, -0.401686, -0.000000
44284000, 0.490850, -0.369322, 0.000001
44288000, 0.417772, -0.296902, 0.000002
44292000, 0.434184, -0.218381, 0.000003
44296000, 0.412222, -0.066904, -0.000002
44300000, 0.492344, -0.089904, 0.000000
44304000, 0.382078, -0.184457, -0.000000
44308000, 0.381187, -0.328696, 0.000001
44312000, 0.338031, -0.422650, 0.000000
44316000, 0.285126, -0.362951, -0.000000
44320000, 0.610250, -0.245956, -0.000002
44324000, 0.605083, -0.535013, -0.000001
44328000, 0.502241, -0.354048, -0.000002
44332000, 0.559538, -0.190345, -0.000000
44336000, 0.512757, -0.357535, 0.000001
44340000, 0.439715, -0.338049, -0.000001
44344000, 0.367491, -0.497896, -0.000001
44348000, 0.525841, -0.438823, -0.000001
44352000, 0.700280, -0.300292, 0.000002
44356000, 0.649730, -0.344843, 0.000000
44360000, 0.577320, -0.310048, 0.000000
44364000, 0.297977, -0.287038, 0.000001
44368000, 0.355756, -0.242887, -0.000002
44372000, 0.429653, -0.495825, 0.000001
44376000, 0.736410, -0.298183, 0.000000
44380000, 0.587492, -0.166526, 0.000001
44384000, 0.728118, -0.387259, 0.000001
44388000, 0.718192, -0.243619, -0.000000
44392000, 0.807433, -0.288740, -0.000001
44396000, 0.713790, -0.406726, 0.000000
44400000, 0.723348, -0.281254, -0.000000
44404000, 0.741656, -0.391129, -0.000000
44408000, 0.590284, -0.519540, 0.000001
44412000, 0.691682, -0.379540, 0.000000
44416000, 0.367071, -0.475847, -0.000002
44420000, 0.327995, -0.645136, 0.000001
44424000, 0.428574, -0.801216, 0.000001
44428000, 0.463645, -0.651799, -0.000001
44432000, 0.381233, -0.570140, -0.000003
44436000, 0.384293, -0.538575, 0.000000
44440000, 0.427871, -0.664466, 0.000001
44444000, 0.355160, -0.583069, -0.000000
44448000, 0.368565, -0.715263, 0.000001
44452000, 0.192763, -0.523395, 0.000000
44456000, 0.322077, -0.496299, 0.000001
44460000, 0.546793, -0.486475, 0.000000
44464000, 0.392654, -0.498435, -0.000000
44468000, 0.506288, -0.655346, -0.000000
44472000, 0.534704, -0.494727, 0.000000
44476000, 0.413266, -0.806216, -0.000002
44480000, 0.134260, -0.867505, 0.000001
44484000, 0.337360, -0.783390, -0.000002
44488000, 0.371168, -0.766753, 0.000001
44492000, 0.256485, -0.689088, -0.000000
44496000, 0.364372, -0.748584, -0.000000
44500000, 0.267169, -0.768289, 0.000000
44504000, 0.365663, -0.577014, 0.000002
44508000, 0.329358, -0.616995, -0.000002
44512000, 0.364256, -0.502080, -0.000000
44516000, 0.448661, -0.403487, -0.000000
44520000, 0.451968, -0.329885, 0.000000
44524000, 0.451510, -0.377882, 0.000002
44528000, 0.506591, -0.589155, -0.000000
44532000, 0.499280, -0.455857, -0.000000
44536000, 0.663481, -0.380250, 0.000002
44540000, 0.574570, -0.545089, -0.000001
44544000, 0.589279, -0.483816, 0.000001
44548000, 0.587380, -0.457739, -0.000001
44552000, 0.557014, -0.256985, 0.000002
44556000, 0.599973, -0.298408, -0.000002
44560000, 0.435890, -0.487291, -0.000002
44564000, 0.594227, -0.471825, -0.000001
44568000, 0.630643, -0.260013, 0.000001
44572000, 0.389491, -0.401837, -0.000001
44576000, 0.458501, -0.297674, -0.000001
44580000, 0.560014, -0.271515, -0.000002
44584000, 0.647308, -0.003408, 0.000000
44588000, 0.500774, 0.003201, 0.000001
44592000, 0.631909, -0.057733, 0.000001
44596000, 0.578398, 0.059145, -0.000000
44600000, 0.613303, 0.045419, -0.000002
44604000, 0.698750, 0.103227, -0.000001
44608000, 0.619863, -0.001529, 0.000002
44612000, 0.768012, -0.006492, -0.000001
44616000, 0.753570, 0.029354, -0.000002
44620000, 0.700805, 0.360830, 0.000002
44624000, 0.642196, 0.114123, 0.000002
44628000, 0.751541, 0.116486, 0.000001
44632000, 0.812671, 0.075593, 0.000002
44636000, 0.723593, 0.030338, -0.000001
44640000, 0.661163, 0.150939, -0.000002
44644000, 0.797902, 0.266032, -0.000002
44648000, 0.682023, 0.330418, -0.000000
44652000, 0.864889, 0.190724, 0.000001
44656000, 0.721410, 0.176177, 0.000000
44660000, 0.817137, 0.283581, 0.000002
44664000, 0.767931, 0.369064, 0.000003
44668000, 0.646123, 0.382848, 0.000002
44672000, 0.629405, 0.368088, 0.000001
44676000, 0.581770, 0.391681, -0.000000
44680000, 0.620812, 0.486869, 0.000003
44684000, 0.474555, 0.453974, -0.000001
44688000, 0.649603, 0.345330, -0.000000
44692000, 0.549684, 0.353764, -0.000000
44696000, 0.668513, 0.530824, -0.000001
44700000, 0.566661, 0.458684, -0.000002
44704000, 0.461989, 0.469047, 0.000001
44708000, 0.423235, 0.475933, 0.000001
44712000, 0.482337, 0.357227, 0.000000
44716000, 0.488082, 0.259476, -0.000001
44720000, 0.762094, 0.012354, -0.000000
44724000, 0.688609, 0.119360, -0.000001
44728000, 0.558267, 0.065339, -0.000001
44732000, 0.642970, 0.119762, -0.000000
44736000, 0.739510, 0.130461, -0.000002
44740000, 0.774258, 0.073959, 0.000001
44744000, 0.590179, 0.166468, -0.000001
44748000, 0.657389, 0.017794, -0.000002
44752000, 0.600961, 0.140968, -0.000002
44756000, 0.499589, -0.015062, -0.000001
44760000, 0.564083, 0.167220, -0.000001
44764000, 0.452962, 0.342606, -0.000001
44768000, 0.384677, 0.034451, -0.000001
44772000, 0.329441, 0.138808, -0.000001
44776000, 0.315563, 0.260197, -0.000001
44780000, 0.358188, 0.253012, 0.000000
44784000, 0.466678, 0.290230, 0.000000
44788000, 0.518672, 0.257627, -0.000000
44792000, 0.369614, 0.267280, -0.000001
44796000, 0.374811, 0.430925, -0.000003
44800000, 0.416850, 0.552068, -0.000000
44804000, 0.238035, 0.569347, -0.000001
44808000, 0.184397, 0.686027, -0.000001
44812000, 0.004581, 0.737413, 0.000002
44816000, 0.222807, 0.709323, -0.000000
44820000, 0.182485, 0.743516, -0.000000
44824000, 0.248641, 0.713759, 0.000001
44828000, 0.176064, 0.844579, 0.000001
44832000, 0.088039, 0.685983, 0.000000
44836000, 0.115931, 0.787808, -0.000001
44840000, 0.004666, 0.657289, -0.000001
44844000, -0.061297, 0.513745, -0.000000
44848000, -0.185017, 0.592734, 0.000002
44852000, -0.197265, 0.720282, 0.000000
44856000, -0.233620, 0.724098, -0.000002
44860000, -0.341457, 0.759743, 0.000001
44864000, -0.413457, 0.723813, 0.000002
44868000, -0.310953, 0.726312, -0.000001
44872000, -0.064997, 0.682771, 0.000001
44876000, 0.157250, 0.764986, 0.000003
44880000, 0.220157, 0.709146, -0.000000
44884000, 0.246096, 0.742064, 0.000000
44888000, 0.243682, 0.711585, 0.000004
44892000, 0.239564, 0.706194, 0.000000
44896000, 0.371373, 0.644346, 0.000003
44900000, 0.330210, 0.655200, -0.000001
44904000, 0.309051, 0.458486, -0.000000
44908000, 0.151135, 0.837088, -0.000001
44912000, 0.184128, 0.769671, 0.000000
44916000, 0.223685, 0.687835, -0.000001
44920000, 0.089572, 0.614352, 0.000001
44924000, 0.081760, 0.752344, -0.000002
44928000, 0.043050, 0.739867, 0.000003
44932000, -0.005019, 0.757545, -0.000000
44936000, -0.362590, 0.641474, 0.000000
44940000, -0.310685, 0.606838, -0.000001
44944000, -0.323127, 0.692541, 0.000001
44948000, -0.396368, 0.490351, 0.000001
44952000, -0.455206, 0.509377, 0.000000
44956000, -0.406417, 0.259367, -0.000003
44960000, -0.370035, 0.126954, -0.000003
44964000, -0.586857, 0.170207, -0.000000
44968000, -0.401650, -0.008527, 0.000001
44972000, -0.533694, 0.013180, 0.000001
44976000, -0.656015, 0.245024, 0.000002
44980000, -0.734270, 0.202795, -0.000001
44984000, -0.597194, 0.589346, 0.000002
44988000, -0.621256, 0.581841, 0.000000
44992000, -0.574550, 0.621277, -0.000001
44996000, -0.669183, 0.305461, 0.000000
45000000, -0.601901, 0.303540, 0.000000
45004000, -0.815541, 0.205071, 0.000001
45008000, -0.905638, 0.192017, -0.000001
45012000, -0.969068, 0.038767, -0.000002
45016000, -0.859505, 0.287887, 0.000000
45020000, -0.594413, 0.255847, 0.000000
45024000, -0.657493, 0.232720, -0.000002
45028000, -0.788101, -0.104113, 0.000001
45032000, -0.765139, -0.065187, 0.000002
45036000, -0.769466, 0.136636, 0.000000
45040000, -0.775693, 0.198706, 0.000000
45044000, -0.643887, 0.373785, 0.000001
45048000, -0.649509, 0.314265, -0.000001
45052000, -0.474319, 0.676466, -0.000002
45056000, -0.249486, 0.732143, 0.000000
45060000, 0.089141, 0.789538, -0.000001
45064000, -0.077822, 0.647744, -0.000001
45068000, -0.021297, 0.713167, 0.000002
45072000, -0.011536, 0.628625, 0.000000
45076000, 0.224853, 0.619652, -0.000001
45080000, 0.064128, 0.654620, 0.000000
45084000, 0.185747, 0.547559, -0.000001
45088000, 0.318909, 0.629441, -0.000000
45092000, 0.149289, 0.640552, 0.000001
45096000, 0.346213, 0.505754, -0.000001
45100000, 0.545326, 0.563841, -0.000001
45104000, 0.512910, 0.496687, 0.000000
45108000, 0.316153, 0.558101, 0.000000
45112000, 0.548388, 0.534728, -0.000000
45116000, 0.470670, 0.659898, -0.000001
45120000, 0.482432, 0.624748, 0.000001
45124000, 0.341716, 0.603216, 0.000000
45128000, 0.241078, 0.779636, -0.000002
45132000, 0.065056, 0.679544, -0.000001
45136000, 0.286178, 0.732179, 0.000001
45140000, 0.144199, 0.686454, -0.000001
45144000, 0.439386, 0.736109, 0.000002
45148000, 0.466209, 0.500428, -0.000002
45152000, 0.475826, 0.480343, -0.000001
45156000, 0.515930, 0.489478, -0.000001
45160000, 0.375735, 0.508919, 0.000000
45164000, 0.460227, 0.463255, -0.000000
45168000, 0.488971, 0.718985, 0.000002
45172000, 0.454936, 0.584931, -0.000001
45176000, 0.589108, 0.387147, -0.000002
45180000, 0.757341, 0.391499, -0.000001
45184000, 0.684771, 0.333956, 0.000001
45188000, 0.544849, 0.247632, -0.000001
45192000, 0.544492, 0.348942, -0.000001
45196000, 0.395438, 0.500636, 0.000001
45200000, 0.518151, 0.288211, 0.000003
45204000, 0.609305, 0.396110, 0.000002
45208000, 0.558698, 0.308669, 0.000001
45212000, 0.598081, 0.347694, -0.000000
45216000, 0.476560, 0.344708, -0.000000
45220000, 0.487065, 0.383498, -0.000001
45224000, 0.543636, 0.277068, 0.000000
45228000, 0.508294, 0.308643, -0.000002
45232000, 0.609918, 0.058150, -0.000000
45236000, 0.558152, 0.040247, -0.000001
45240000, 0.561344, 0.291854, -0.000000
45244000, 0.470715, 0.314034, 0.000001
45248000, 0.508264, 0.438919, 0.000001
45252000, 0.600408, 0.332291, -0.000002
45256000, 0.635556, 0.383454, -0.000001
45260000, 0.737274, 0.540400, -0.000001
45264000, 0.375905, 0.710606, -0.000000
45268000, 0.535687, 0.618879, 0.000000
45272000, 0.294244, 0.557491, -0.000002
45276000, 0.300832, 0.630895, -0.000002
45280000, 0.341842, 0.556486, -0.000000
45284000, 0.189281, 0.590601, 0.000000
45288000, 0.378899, 0.728569, 0.000001
45292000, 0.588442, 0.510345, 0.000000
45296000, 0.369289, 0.652568, -0.000001
45300000, 0.598386, 0.415171, -0.000000
45304000, 0.540508, 0.446379, -0.000001
45308000, 0.477495, 0.294778, -0.000002
45312000, 0.612176, 0.378055, 0.000000
45316000, 0.579322, 0.111116, 0.000002
45320000, 0.530496, 0.181502, 0.000001
45324000, 0.531334, 0.083748, 0.000002
45328000, 0.421220, -0.235469, 0.000001
45332000, 0.406300, -0.032177, 0.000003
45336000, 0.397871, -0.054630, -0.000002
45340000, 0.463999, -0.065480, 0.000001
45344000, 0.263807, -0.307459, 0.000002
45348000, 0.287966, -0.543821, 0.000000
45352000, -0.099707, -0.580451, -0.000000
45356000, 0.122277, -0.520865, -0.000003
45360000, 0.383217, -0.526501, 0.000000
45364000, 0.557120, -0.497107, -0.000001
45368000, 0.434198, -0.499124, -0.000002
45372000, 0.690625, -0.110653, 0.000002
45376000, 0.637144, -0.203950, -0.000002
45380000, 0.566720, 0.066214, 0.000000
45384000, 0.567922, -0.031909, -0.000000
45388000, 0.567926, -0.175222, -0.000000
45392000, 0.339252, -0.431197, 0.000002
45396000, 0.580311, -0.318504, -0.000000
45400000, 0.747921, -0.178107, 0.000002
45404000, 0.667948, -0.313411, 0.000000
45408000, 0.631252, -0.226802, -0.000001
45412000, 0.576026, -0.476162, -0.000000
45416000, 0.498425, -0.397464, 0.000000
45420000, 0.279426, -0.583445, -0.000001
45424000, 0.428402, -0.387229, 0.000002
45428000, 0.492260, -0.312043, 0.000001
45432000, 0.369302, -0.390898, 0.000001
45436000, 0.447555, -0.386759, -0.000002
45440000, 0.437235, -0.311642, -0.000001
45444000, 0.528763, -0.363376, 0.000001
45448000, 0.573201, -0.466778, 0.000000
45452000, 0.401325, -0.528839, 0.000001
45456000, 0.372278, -0.502736, -0.000000
45460000, 0.317344, -0.568893, 0.000001
45464000, 0.285751, -0.698364, -0.000001
45468000, 0.511007, -0.254177, 0.000000
45472000, 0.517600, -0.095929, -0.000001
45476000, 0.562816, -0.240473, -0.000000
45480000, 0.567463, -0.282566, 0.000000
45484000, 0.557227, -0.350555, 0.000000
45488000, 0.254600, -0.378790, 0.000001
45492000, 0.318726, -0.335054, -0.000001
45496000, 0.330486, -0.144055, 0.000001
45500000, 0.370676, -0.242537, 0.000000
45504000, 0.379289, -0.342408, -0.000000
45508000, 0.338799, -0.262375, -0.000000
45512000, 0.475421, -0.215589, -0.000001
45516000, 0.491569, -0.239467, 0.000002
45520000, 0.490422, -0.273066, 0.000002
45524000, 0.384658, -0.471545, 0.000000
45528000, 0.326439, -0.459276, -0.000001
45532000, 0.370580, -0.402274, 0.000001
45536000, 0.312766, -0.237161, -0.000001
45540000, 0.460865, -0.514268, -0.000001
45544000, 0.369866, -0.391276, -0.000001
45548000, 0.076627, -0.534260, 0.000001
45552000, 0.177792, -0.328645, -0.000001
45556000, -0.135520, -0.462046, -0.000001
45560000, -0.060239, -0.399972, -0.000000
45564000, -0.207546, -0.386920, -0.000002
45568000, -0.097672, -0.484584, -0.000002
45572000, -0.040128, -0.543865, -0.000001
45576000, 0.044498, -0.349872, -0.000000
45580000, 0.027599, -0.465166, 0.000002
45584000, 0.073056, -0.265970, 0.000001
45588000, -0.172014, -0.343507, -0.000000
45592000, -0.046163, -0.303211, -0.000000
45596000, -0.150218, -0.555116, -0.000001
45600000, -0.020031, -0.670195, 0.000001
45604000, -0.071880, -0.708735, -0.000001
45608000, -0.171602, -0.720163, 0.000001
45612000, -0.421120, -0.651626, -0.000001
45616000, -0.287380, -0.667930, 0.000000
45620000, -0.422302, -0.605987, 0.000002
45624000, -0.372703, -0.548476, 0.000001
45628000, -0.296947, -0.552158, 0.000002
45632000, -0.348184, -0.666151, -0.000000
45636000, -0.317446, -0.540040, -0.000000
45640000, -0.491692, -0.730018, -0.000001
45644000, -0.296034, -0.769967, -0.000000
45648000, -0.296022, -0.652538, -0.000001
45652000, -0.282750, -0.670394, -0.000000
45656000, -0.313816, -0.746194, -0.000002
45660000, -0.405675, -0.644258, -0.000001
45664000, -0.464626, -0.647272, 0.000001
45668000, -0.460957, -0.742745, 0.000000
45672000, -0.452449, -0.846181, 0.000000
45676000, -0.542827, -0.614038, 0.000001
45680000, -0.463917, -0.510872, 0.000000
45684000, -0.511021, -0.631891, -0.000001
45688000, -0.423738, -0.308544, -0.000000
45692000, -0.442473, -0.374583, 0.000001
45696000, -0.574740, -0.398900, 0.000000
45700000, -0.344996, -0.418843, 0.000001
45704000, -0.218316, -0.276041, -0.000001
45708000, -0.141897, -0.095075, -0.000001
45712000, -0.299334, -0.025532, 0.000001
45716000, -0.360948, -0.028507, -0.000001
45720000, -0.333280, 0.029083, 0.000001
45724000, -0.316924, -0.081380, -0.000000
45728000, -0.365266, -0.093873, -0.000000
45732000, -0.255878, 0.182761, 0.000001
45736000, -0.328500, 0.042669, -0.000001
45740000, -0.159277, 0.202043, -0.000000
45744000, -0.306925, 0.143446, -0.000002
45748000, -0.289470, 0.187067, 0.000000
45752000, -0.242363, 0.061483, 0.000002
45756000, -0.460268, 0.082555, 0.000001
45760000, -0.503153, 0.048084, 0.000001
45764000, -0.521484, -0.086289, -0.000001
45768000, -0.402580, -0.098885, -0.000001
45772000, -0.493135, -0.170242, 0.000001
45776000, -0.429431, -0.224599, -0.000001
45780000, -0.199096, -0.441151, -0.000000
45784000, -0.264755, -0.482067, -0.000001
45788000, -0.451322, -0.419322, 0.000000
45792000, -0.483787, -0.542100, -0.000000
45796000, -0.442591, -0.375990, -0.000000
45800000, -0.417528, -0.560282, 0.000000
45804000, -0.252538, -0.516197, 0.000000
45808000, -0.358133, -0.654668, -0.000000
45812000, -0.480367, -0.480578, 0.000000
45816000, -0.553622, -0.427206, 0.000000
45820000, -0.520258, -0.501015, -0.000001
45824000, -0.588233, -0.484826, 0.000001
45828000, -0.606428, -0.488018, 0.000001
45832000, -0.569478, -0.199687, -0.000001
45836000, -0.524593, -0.046589, -0.000001
45840000, -0.743288, -0.016257, -0.000002
45844000, -0.697461, -0.206836, 0.000002
45848000, -0.377509, -0.204557, -0.000001
45852000, -0.465067, -0.343179, 0.000002
45856000, -0.502716, -0.158915, 0.000002
45860000, -0.539550, -0.302382, 0.000001
45864000, -0.508701, -0.442817, -0.000002
45868000, -0.432849, -0.261237, 0.000001
45872000, -0.520918, -0.204496, -0.000000
45876000, -0.417771, -0.223846, 0.000000
45880000, -0.320512, -0.419650, 0.000000
45884000, -0.302890, -0.614007, -0.000003
45888000, -0.551002, -0.459465, 0.000001
45892000, -0.595343, -0.253877, 0.000001
45896000, -0.559353, -0.051537, 0.000001
45900000, -0.507241, -0.148833, 0.000003
45904000, -0.576468, 0.008904, 0.000001
45908000, -0.288041, 0.067414, 0.000000
45912000, -0.222055, -0.112010, 0.000001
45916000, -0.251066, 0.055357, -0.000001
45920000, -0.444272, 0.075010, 0.000000
45924000, -0.315535, 0.123139, 0.000001
45928000, -0.489379, 0.203761, 0.000003
45932000, -0.602688, 0.242147, -0.000001
45936000, -0.627919, 0.278503, 0.000001
45940000, -0.525343, 0.343394, 0.000002
45944000, -0.546291, 0.329621, -0.000001
45948000, -0.357988, 0.177462, -0.000000
45952000, -0.583220, 0.365794, 0.000001
45956000, -0.389507, 0.446724, -0.000001
45960000, -0.293602, 0.349643, 0.000001
45964000, -0.396405, 0.438359, -0.000002
45968000, -0.412445, 0.245054, -0.000002
45972000, -0.656942, 0.390325, 0.000000
45976000, -0.739465, 0.339615, 0.000002
45980000, -0.702570, 0.170215, -0.000002
45984000, -0.602546, 0.216296, -0.000001
45988000, -0.536867, 0.308159, 0.000000
45992000, -0.635119, 0.267598, 0.000000
45996000, -0.711749, 0.124888, -0.000001
46000000, -0.628979, 0.136904, -0.000000
46004000, -0.771668, -0.101981, -0.000002
46008000, -0.689958, 0.016030, -0.000001
46012000, -0.711120, -0.034610, -0.000000
46016000, -0.574586, 0.185573, -0.000000
46020000, -0.790302, 0.079282, 0.000002
46024000, -0.873453, -0.063882, -0.000001
46028000, -0.836230, -0.040331, -0.000001
46032000, -0.759871, -0.053365, -0.000001
46036000, -0.826151, -0.028469, 0.000000
46040000, -0.759719, 0.110956, -0.000001
46044000, -0.775498, 0.124581, 0.000000
46048000, -0.660481, 0.126780, 0.000000
46052000, -0.785356, 0.220996, -0.000001
46056000, -0.673574, 0.049255, 0.000001
46060000, -0.637419, 0.255930, -0.000000
46064000, -0.484836, 0.291721, 0.000001
46068000, -0.386162, 0.271322, 0.000002
46072000, -0.496705, 0.460213, -0.000000
46076000, -0.597812, 0.372367, 0.000000
46080000, -0.681720, 0.287706, 0.000002
46084000, -0.606366, 0.348326, 0.000000
46088000, -0.691831, 0.235006, 0.000001
46092000, -0.686060, 0.193861, -0.000001
46096000, -0.696946, 0.219555, 0.000000
46100000, -0.544452, 0.134785, 0.000000
46104000, -0.555587, 0.300474, -0.000002
46108000, -0.681928, 0.324948, -0.000001
46112000, -0.647429, 0.310932, 0.000001
46116000, -0.685819, 0.021035, 0.000001
46120000, -0.700242, 0.168451, -0.000001
46124000, -0.643532, 0.164446, -0.000001
46128000, -0.603466, 0.034208, 0.000000
46132000, -0.503897, 0.298400, 0.000000
46136000, -0.554739, 0.281233, 0.000001
46140000, -0.470123, 0.223918, -0.000002
46144000, -0.441941, 0.210607, -0.000000
46148000, -0.486079, 0.179338, 0.000001
46152000, -0.577794, 0.149433, 0.000001
46156000, -0.639702, -0.019209, 0.000001
46160000, -0.452300, -0.107515, 0.000002
46164000, -0.589223, -0.002662, 0.000000
46168000, -0.581956, -0.105842, 0.000000
46172000, -0.552831, 0.162799, 0.000000
46176000, -0.594589, -0.236353, -0.000002
46180000, -0.553253, -0.156324, 0.000001
46184000, -0.559186, -0.029816, 0.000000
46188000, -0.550418, 0.015894, -0.000002
46192000, -0.427595, 0.014167, -0.000002
46196000, -0.525172, 0.050904, -0.000001
46200000, -0.611094, -0.006898, 0.000001
46204000, -0.480933, 0.210360, -0.000001
46208000, -0.765821, 0.256482, -0.000001
46212000, -0.776557, 0.146711, 0.000001
46216000, -0.569709, 0.049606, -0.000000
46220000, -0.485682, -0.140440, -0.000001
46224000, -0.584491, 0.068101, -0.000002
46228000, -0.769564, -0.035303, 0.000000
46232000, -0.660819, -0.109847, 0.000002
46236000, -0.676157, 0.083372, -0.000003
46240000, -0.689796, -0.005305, 0.000001
46244000, -0.730107, -0.042535, -0.000000
46248000, -0.799672, 0.133458, 0.000002
46252000, -0.832676, 0.055521, -0.000001
46256000, -0.784378, -0.064913, 0.000001
46260000, -0.697262, -0.447256, 0.000001
46264000, -0.302383, -0.386197, -0.000001
46268000, -0.388736, -0.522687, 0.000001
46272000, -0.557189, -0.550535, 0.000001
46276000, -0.326599, -0.376132, -0.000000
46280000, -0.288288, -0.332141, -0.000003
46284000, -0.480318, -0.422898, 0.000002
46288000, -0.298225, -0.592081, 0.000002
46292000, -0.248825, -0.348369, -0.000003
46296000, -0.314132, -0.473743, -0.000001
46300000, -0.184621, -0.386949, 0.000001
46304000, -0.270317, -0.426138, 0.000001
46308000, -0.353392, -0.305248, -0.000000
46312000, -0.241912, -0.307200, 0.000001
46316000, -0.075658, -0.165101, -0.000001
46320000, -0.119997, -0.308519, 0.000000
46324000, -0.013284, -0.374961, 0.000001
46328000, -0.013160, -0.466197, 0.000000
46332000, -0.156461, -0.416915, -0.000001
46336000, -0.255995, -0.418465, -0.000000
46340000, -0.369605, -0.371548, -0.000001
46344000, -0.233136, -0.460011, 0.000000
46348000, -0.323943, -0.318169, 0.000000
46352000, -0.390777, -0.327562, -0.000002
46356000, -0.437547, -0.528317, 0.000000
46360000, -0.637518, -0.340990, 0.000000
46364000, -0.751060, -0.158469, 0.000001
46368000, -0.605807, 0.205646, -0.000000
46372000, -0.672519, 0.237512, 0.000001
46376000, -0.575255, 0.357489, 0.000000
46380000, -0.756542, 0.283318, 0.000000
46384000, -0.702599, 0.305516, -0.000002
46388000, -0.785782, 0.140085, -0.000000
46392000, -0.647902, 0.317358, 0.000002
46396000, -0.810314, 0.361411, -0.000002
46400000, -0.731405, 0.163053, 0.000001
46404000, -0.533427, 0.293330, -0.000000
46408000, -0.406384, 0.357973, 0.000001
46412000, -0.522128, 0.369305, 0.000002
46416000, -0.461990, 0.314213, 0.000001
46420000, -0.274250, 0.257476, -0.000000
46424000, -0.223593, 0.225784, -0.000000
46428000, -0.331901, 0.248437, 0.000002
46432000, -0.366244, 0.286627, -0.000001
46436000, -0.600178, 0.386619, 0.000001
46440000, -0.489356, 0.434838, -0.000000
46444000, -0.455527, 0.308898, -0.000001
46448000, -0.624186, 0.237649, -0.000001
46452000, -0.569121, 0.262571, -0.000001
46456000, -0.615450, 0.325970, 0.000001
46460000, -0.775124, 0.307131, -0.000001
46464000, -0.632187, 0.218600, 0.000000
46468000, -0.568683, 0.201565, 0.000001
46472000, -0.428392, 0.380063, 0.000000
46476000, -0.544262, 0.247936, -0.000000
46480000, -0.502956, 0.294310, -0.000000
46484000, -0.473171, 0.351205, 0.000001
46488000, -0.465187, 0.367335, 0.000001
46492000, -0.606246, 0.377612, 0.000001
46496000, -0.456589, 0.089515, 0.000000
46500000, -0.421899, 0.216413, 0.000001
46504000, -0.528861, 0.121481, 0.000000
46508000, -0.194692, 0.191867, 0.000001
46512000, -0.337856, 0.220540, 0.000000
46516000, -0.422421, 0.252644, -0.000000
46520000, -0.264550, 0.242108, 0.000002
46524000, -0.268573, 0.175389, 0.000001
46528000, -0.230036, 0.217507, 0.000000
46532000, -0.200910, 0.238076, 0.000002
46536000, -0.388779, 0.426333, -0.000001
46540000, -0.386906, 0.121855, -0.000002
46544000, -0.257456, 0.045581, 0.000002
46548000, -0.250821, -0.005564, -0.000001
46552000, -0.194857, -0.056179, 0.000001
46556000, -0.114655, -0.084682, 0.000002
46560000, -0.086329, -0.107139, -0.000000
46564000, -0.380610, -0.318814, 0.000001
46568000, -0.273053, -0.211190, -0.000000
46572000, -0.546634, -0.162240, 0.000000
46576000, -0.464234, -0.085458, -0.000000
46580000, -0.527921, -0.397279, 0.000000
46584000, -0.532861, -0.340911, -0.000002
46588000, -0.706792, -0.249366, -0.000000
46592000, -0.712572, -0.152094, 0.000002
46596000, -0.804578, -0.122467, 0.000000
46600000, -0.662357, 0.126884, -0.000002
46604000, -0.572100, 0.101916, -0.000001
46608000, -0.735421, 0.151213, -0.000001
46612000, -0.802789, 0.088791, -0.000001
46616000, -0.884643, 0.083375, 0.000001
46620000, -0.845588, 0.251322, 0.000000
46624000, -0.866528, 0.129746, 0.000001
46628000, -0.933728, 0.132331, 0.000002
46632000, -0.866294, -0.069976, -0.000002
46636000, -0.759523, -0.057030, 0.000001
46640000, -0.653942, -0.112236, -0.000002
46644000, -0.552531, 0.158417, -0.000001
46648000, -0.608276, 0.191433, -0.000002
46652000, -0.621460, 0.120197, 0.000002
46656000, -0.360400, 0.202871, 0.000001
46660000, -0.621410, 0.255767, 0.000000
46664000, -0.641794, 0.391032, -0.000000
46668000, -0.711641, 0.357132, -0.000001
46672000, -0.778731, 0.174685, 0.000001
46676000, -0.717214, 0.213267, -0.000002
46680000, -0.493238, 0.201065, -0.000002
46684000, -0.464797, 0.410552, 0.000000
46688000, -0.360659, 0.381101, 0.000001
46692000, -0.341502, 0.416377, -0.000000
46696000, -0.349986, 0.644036, 0.000000
46700000, -0.228421, 0.446954, 0.000000
46704000, -0.452683, 0.546209, -0.000000
46708000, -0.395986, 0.386693, 0.000001
46712000, -0.212367, 0.503905, 0.000000
46716000, -0.320034, 0.674610, 0.000000
46720000, -0.214151, 0.784322, 0.000001
46724000, -0.117592, 0.731853, 0.000001
46728000, -0.076910, 0.766800, 0.000001
46732000, 0.075115, 0.773721, 0.000000
46736000, 0.121582, 0.844045, 0.000000
46740000, 0.103198, 0.739181, 0.000000
46744000, 0.057223, 0.680708, 0.000001
46748000, 0.128680, 0.888425, -0.000002
46752000, -0.117094, 0.757299, -0.000000
46756000, -0.112403, 0.654763, -0.000001
46760000, 0.050346, 0.752433, 0.000002
46764000, -0.039207, 0.694646, 0.000001
46768000, -0.147045, 0.850898, 0.000001
46772000, -0.183019, 0.685384, -0.000002
46776000, -0.084370, 0.711197, -0.000001
46780000, -0.358316, 0.552026, 0.000001
46784000, -0.612609, 0.473805, 0.000001
46788000, -0.332303, 0.510244, 0.000000
46792000, -0.287030, 0.737151, 0.000001
46796000, -0.259255, 0.622271, -0.000001
46800000, -0.242182, 0.634218, -0.000000
46804000, -0.073971, 0.691894, -0.000000
46808000, 0.053725, 0.675799, -0.000000
46812000, -0.049197, 0.665957, 0.000001
46816000, -0.058688, 0.703654, -0.000001
46820000, 0.249439, 0.919730, -0.000000
46824000, 0.006798, 0.772124, 0.000000
46828000, -0.099741, 0.714439, 0.000000
46832000, -0.072343, 0.588372, -0.000001
46836000, -0.291097, 0.807656, 0.000000
46840000, -0.364481, 0.592248, -0.000001
46844000, -0.363396, 0.658103, 0.000001
46848000, -0.223973, 0.721798, 0.000001
46852000, -0.145006, 0.738527, -0.000001
46856000, -0.274645, 0.738399, -0.000002
46860000, -0.546535, 0.576573, 0.000000
46864000, -0.526880, 0.556537, 0.000000
46868000, -0.607132, 0.622179, 0.000001
46872000, -0.740544, 0.487669, 0.000000
46876000, -0.648986, 0.563724, 0.000000
46880000, -0.716271, 0.331689, -0.000001
46884000, -0.687234, 0.334750, 0.000000
46888000, -0.740965, 0.194447, 0.000002
46892000, -0.774194, 0.241651, 0.000002
46896000, -0.656156, 0.197770, -0.000000
46900000, -0.705902, 0.058577, -0.000000
46904000, -0.609894, 0.098943, -0.000001
46908000, -0.580160, -0.052237, 0.000000
46912000, -0.646397, -0.274656, -0.000000
46916000, -0.814366, -0.011044, 0.000001
46920000, -0.764300, -0.168559, 0.000001
46924000, -0.764453, -0.028737, 0.000001
46928000, -0.746943, 0.124654, -0.000000
46932000, -0.736931, 0.207885, 0.000000
46936000, -0.733681, 0.288128, 0.000000
46940000, -0.624231, 0.340558, 0.000000
46944000, -0.595513, 0.303312, 0.000000
46948000, -0.532664, 0.519029, 0.000001
46952000, -0.325553, 0.643540, 0.000002
46956000, -0.401622, 0.668851, -0.000001
46960000, -0.354764, 0.770172, -0.000001
46964000, -0.311543, 0.785543, 0.000000
46968000, -0.292107, 0.689479, -0.000000
46972000, -0.388843, 0.590147, 0.000001
46976000, -0.238936, 0.678313, 0.000002
46980000, -0.405748, 0.667661, -0.000003
46984000, -0.331312, 0.769224, -0.000001
46988000, 0.022717, 0.802577, 0.000000
46992000, -0.123734, 0.697800, 0.000000
46996000, -0.178256, 0.575345, 0.000000
47000000, 0.056590, 0.536667, 0.000001
47004000, -0.018529, 0.717462, 0.000001
47008000, -0.115945, 0.824658, 0.000001
47012000, -0.079257, 0.699421, -0.000001
47016000, -0.190202, 0.615562, 0.000001
47020000, -0.178314, 0.537997, 0.000001
47024000, -0.390947, 0.808560, -0.000002
47028000, -0.411958, 0.826880, -0.000000
47032000, -0.638299, 0.447840, 0.000000
47036000, -0.651999, 0.614576, 0.000001
47040000, -0.558087, 0.715270, -0.000001
47044000, -0.531580, 0.792735, -0.000000
47048000, -0.438114, 0.662245, -0.000001
47052000, -0.486867, 0.852358, 0.000000
47056000, -0.428531, 0.477132, -0.000001
47060000, -0.648020, 0.477746, 0.000001
47064000, -0.629722, 0.560013, -0.000001
47068000, -0.615683, 0.513881, -0.000001
47072000, -0.407830, 0.627720, 0.000001
47076000, -0.197426, 0.853978, -0.000001
47080000, -0.176056, 0.829250, -0.000002
47084000, -0.226373, 0.758701, 0.000002
47088000, -0.193634, 0.550252, 0.000002
47092000, -0.408380, 0.570910, 0.000002
47096000, -0.326339, 0.682404, -0.000001
47100000, -0.354271, 0.531518, 0.000001
47104000, -0.153719, 0.709941, -0.000002
47108000, -0.198085, 0.663257, 0.000000
47112000, -0.378784, 0.645500, 0.000000
47116000, -0.483581, 0.496898, -0.000001
47120000, -0.389386, 0.674095, 0.000001
47124000, -0.106408, 0.710973, -0.000000
47128000, -0.146127, 0.552725, 0.000002
47132000, -0.141367, 0.444312, -0.000001
47136000, 0.079523, 0.138492, -0.000001
47140000, -0.019789, 0.338800, -0.000004
47144000, 0.135403, 0.375050, 0.000001
47148000, 0.071507, 0.153763, 0.000001
47152000, 0.224828, 0.061780, -0.000001
47156000, 0.119635, -0.121520, 0.000000
47160000, 0.142854, 0.117505, -0.000000
47164000, 0.176052, -0.104544, -0.000001
47168000, 0.238780, 0.097580, -0.000000
47172000, 0.152822, 0.286379, -0.000000
47176000, 0.079561, 0.373373, -0.000001
47180000, 0.140672, 0.542095, -0.000001
47184000, 0.005286, 0.543395, 0.000001
47188000, -0.027143, 0.666649, 0.000000
47192000, 0.103263, 0.629316, 0.000000
47196000, 0.409773, 0.624560, -0.000001
47200000, 0.554526, 0.672883, 0.000002
47204000, 0.536720, 0.671514, -0.000000
47208000, 0.502635, 0.463080, 0.000001
47212000, 0.644838, 0.539854, -0.000003
47216000, 0.670223, 0.342134, 0.000001
47220000, 0.681298, 0.585254, 0.000001
47224000, 0.538816, 0.634694, -0.000002
47228000, 0.422117, 0.639791, -0.000002
47232000, 0.488870, 0.698477, -0.000000
47236000, 0.536514, 0.655542, 0.000000
47240000, 0.220362, 0.318430, 0.000001
47244000, 0.411317, 0.141012, -0.000001
47248000, 0.377446, 0.497244, 0.000001
47252000, 0.348639, 0.423995, 0.000001
47256000, 0.473807, 0.424036, 0.000002
47260000, 0.451948, 0.385898, 0.000001
47264000, 0.374393, 0.345819, -0.000000
47268000, 0.652326, 0.312644, 0.000002
47272000, 0.425239, 0.337600, -0.000001
47276000, 0.544209, 0.237250, -0.000001
47280000, 0.523519, 0.458944, -0.000001
47284000, 0.571716, 0.379857, 0.000002
47288000, 0.380295, 0.788351, -0.000001
47292000, 0.123992, 0.641791, 0.000001
47296000, 0.143882, 0.666493, 0.000000
47300000, 0.109265, 0.680437, 0.000001
47304000, 0.312655, 0.646802, 0.000000
47308000, 0.546631, 0.648567, -0.000002
47312000, 0.427678, 0.782030, -0.000003
47316000, 0.400586, 0.577829, -0.000000
47320000, 0.418985, 0.680775, 0.000001
47324000, 0.051476, 0.471892, 0.000000
47328000, 0.299139, 0.640894, 0.000000
47332000, 0.148191, 0.768985, 0.000001
47336000, 0.404214, 0.574775, 0.000000
47340000, 0.400142, 0.643626, 0.000000
47344000, 0.184940, 0.504470, -0.000002
47348000, 0.159696, 0.503587, 0.000001
47352000, 0.080289, 0.411787, 0.000002
47356000, 0.404934, 0.498327, -0.000000
47360000, 0.260882, 0.203620, -0.000001
47364000, 0.316964, 0.283074, 0.000001
47368000, 0.297666, 0.440781, 0.000000
47372000, 0.329964, 0.249391, 0.000001
47376000, 0.412416, 0.028552, 0.000001
47380000, 0.292351, -0.042807, -0.000001
47384000, 0.339745, 0.091642, 0.000000
47388000, 0.400463, 0.186567, -0.000000
47392000, 0.408104, 0.346522, 0.000001
47396000, 0.505288, 0.346251, 0.000001
47400000, 0.465823, 0.287685, 0.000000
47404000, 0.513577, 0.230625, -0.000001
47408000, 0.544324, 0.236045, -0.000001
47412000, 0.489667, 0.184672, 0.000001
47416000, 0.734586, 0.220347, 0.000001
47420000, 0.719894, 0.348081, 0.000000
47424000, 0.590038, 0.335789, 0.000000
47428000, 0.440987, 0.337040, -0.000000
47432000, 0.516826, 0.271056, 0.000001
47436000, 0.306246, 0.281414, -0.000001
47440000, 0.485858, 0.062267, 0.000002
47444000, 0.412309, 0.197376, 0.000001
47448000, 0.556626, 0.092120, 0.000003
47452000, 0.545694, 0.036181, -0.000001
47456000, 0.593343, -0.051357, -0.000000
47460000, 0.576902, 0.136190, -0.000002
47464000, 0.530483, 0.235212, -0.000002
47468000, 0.505565, 0.240804, -0.000000
47472000, 0.534488, 0.187247, 0.000002
47476000, 0.676011, -0.027452, 0.000001
47480000, 0.603558, 0.099379, -0.000001
47484000, 0.682956, 0.013490, 0.000000
47488000, 0.657775, 0.318662, 0.000002
47492000, 0.625521, 0.244429, 0.000001
47496000, 0.432894, 0.213058, -0.000002
47500000, 0.484232, 0.187781, -0.000000
47504000, 0.509458, 0.038980, -0.000000
47508000, 0.474040, 0.110495, -0.000003
47512000, 0.498241, 0.065342, 0.000001
47516000, 0.562177, 0.048912, 0.000001
47520000, 0.479320, 0.226578, 0.000000
47524000, 0.406157, 0.335523, -0.000000
47528000, 0.303366, 0.244979, 0.000002
47532000, 0.454090, -0.033023, -0.000001
47536000, 0.590602, 0.079997, -0.000000
47540000, 0.503797, 0.050409, 0.000001
47544000, 0.432826, 0.244165, -0.000000
47548000, 0.493655, -0.024179, 0.000001
47552000, 0.382188, 0.137872, -0.000001
47556000, 0.501843, 0.110859, -0.000000
47560000, 0.679127, 0.192732, 0.000002
47564000, 0.760044, 0.098464, 0.000001
47568000, 0.841403, 0.139077, 0.000001
47572000, 0.603435, 0.038869, -0.000000
47576000, 0.811282, -0.023003, 0.000001
47580000, 0.667916, 0.257881, -0.000003
47584000, 0.660903, 0.369980, -0.000001
47588000, 0.442469, 0.551044, -0.000001
47592000, 0.263064, 0.567001, -0.000001
47596000, 0.218558, 0.646762, -0.000001
47600000, 0.163664, 0.724556, 0.000001
47604000, 0.101104, 0.536566, -0.000000
47608000, 0.259893, 0.472573, 0.000001
47612000, 0.203587, 0.616898, 0.000001
47616000, 0.125594, 0.485738, 0.000000
47620000, -0.019024, 0.448997, -0.000000
47624000, 0.082327, 0.411328, 0.000000
47628000, 0.101077, 0.644775, 0.000000
47632000, 0.200594, 0.641710, 0.000001
47636000, 0.303752, 0.554178, 0.000001
47640000, 0.454874, 0.216004, 0.000002
47644000, 0.401487, 0.495595, 0.000001
47648000, 0.428822, 0.567710, 0.000002
47652000, 0.368839, 0.381776, -0.000000
47656000, 0.425887, 0.403198, -0.000001
47660000, 0.470630, 0.519443, 0.000002
47664000, 0.376990, 0.623161, -0.000000
47668000, 0.045381, 0.751657, -0.000000
47672000, -0.045139, 0.684277, 0.000001
47676000, 0.067038, 0.720625, 0.000000
47680000, 0.100081, 0.368385, 0.000000
47684000, 0.230071, 0.470100, 0.000001
47688000, 0.027555, 0.498483, -0.000000
47692000, 0.066078, 0.279181, 0.000001
47696000, 0.141900, 0.348293, -0.000001
47700000, 0.029687, 0.227133, 0.000001
47704000, 0.011190, 0.170478, 0.000001
47708000, 0.086339, 0.158357, 0.000000
47712000, -0.046667, 0.171183, -0.000002
47716000, 0.014954, 0.055623, 0.000001
47720000, -0.123318, -0.135702, 0.000000
47724000, -0.009912, -0.408143, 0.000001
47728000, -0.191867, -0.254985, 0.000001
47732000, 0.047917, -0.277706, 0.000000
47736000, -0.275197, -0.321868, -0.000002
47740000, -0.115855, -0.201459, -0.000001
47744000, -0.244558, -0.311214, 0.000001
47748000, -0.189089, -0.277454, -0.000001
47752000, -0.396651, -0.438671, -0.000001
47756000, -0.411848, -0.192043, 0.000000
47760000, -0.449718, 0.084365, -0.000000
47764000, -0.172094, 0.116567, -0.000002
47768000, -0.163215, 0.382172, -0.000001
47772000, -0.168841, 0.280722, -0.000001
47776000, -0.154972, 0.307989, -0.000001
47780000, -0.313531, 0.212692, 0.000001
47784000, 0.018469, 0.170971, 0.000001
47788000, -0.158144, -0.017054, 0.000001
47792000, -0.258145, 0.036916, -0.000001
47796000, -0.321346, 0.114553, 0.000002
47800000, 0.007180, 0.146609, -0.000001
47804000, -0.163036, 0.311080, -0.000000
47808000, -0.212507, 0.193527, 0.000000
47812000, -0.199333, 0.312614, -0.000001
47816000, -0.217324, 0.183521, -0.000000
47820000, -0.395490, 0.081109, -0.000002
47824000, -0.283966, 0.347672, -0.000001
47828000, -0.411434, 0.206859, 0.000002
47832000, -0.182415, 0.302305, -0.000000
47836000, 0.082709, 0.198204, -0.000000
47840000, 0.013076, 0.089522, -0.000002
47844000, -0.056934, 0.123110, 0.000001
47848000, -0.181609, 0.033300, -0.000001
47852000, -0.157345, -0.042780, 0.000001
47856000, 0.052725, 0.057044, 0.000001
47860000, 0.280123, 0.112252, 0.000002
47864000, 0.245066, 0.311147, 0.000002
47868000, 0.290401, 0.386684, 0.000000
47872000, 0.053854, 0.564713, 0.000002
47876000, 0.103928, 0.686901, 0.000001
47880000, 0.528118, 0.396452, 0.000002
47884000, 0.247416, 0.398398, -0.000001
47888000, 0.316774, 0.489270, 0.000003
47892000, 0.223620, 0.465311, 0.000000
47896000, 0.102857, 0.439539, -0.000000
47900000, 0.312245, 0.447185, -0.000001
47904000, 0.227719, 0.458292, 0.000001
47908000, 0.364552, 0.301697, -0.000001
47912000, 0.499275, 0.501990, -0.000001
47916000, 0.568691, 0.544181, -0.000000
47920000, 0.553734, 0.393569, 0.000001
47924000, 0.408839, 0.355330, 0.000001
47928000, 0.587765, 0.219021, 0.000000
47932000, 0.763323, 0.117419, -0.000000
47936000, 0.613827, 0.500512, -0.000000
47940000, 0.761992, 0.203006, 0.000001
47944000, 0.643272, 0.121498, 0.000000
47948000, 0.602363, 0.251698, -0.000000
47952000, 0.454588, 0.426788, 0.000001
47956000, 0.871204, 0.368502, -0.000000
47960000, 0.772198, 0.448185, -0.000001
47964000, 0.683206, 0.253148, 0.000000
47968000, 0.726132, 0.196831, -0.000002
47972000, 0.907388, 0.115379, -0.000000
47976000, 0.996265, -0.140988, -0.000000
47980000, 0.879826, 0.155344, 0.000002
47984000, 0.859673, -0.231067, -0.000001
47988000, 0.893060, -0.351567, -0.000001
47992000, 0.689628, 0.011339, -0.000001
47996000, 0.861804, 0.299251, -0.000001
48000000, 0.854098, 0.381049, -0.000001
48004000, 0.856356, 0.382144, -0.000003
48008000, 0.784103, 0.199262, 0.000000
48012000, 0.613272, 0.287476, -0.000001
48016000, 0.652826, 0.324220, 0.000001
48020000, 0.657646, 0.115589, -0.000002
48024000, 0.759340, 0.304909, -0.000001
48028000, 0.694883, 0.224326, 0.000001
48032000, 0.723817, 0.149176, -0.000000
48036000, 0.833828, 0.043597, 0.000000
48040000, 0.819550, 0.193414, -0.000000
48044000, 0.747800, -0.081678, -0.000003
48048000, 0.688692, -0.070770, 0.000001
48052000, 0.627510, 0.030021, -0.000001
48056000, 0.560137, 0.188336, 0.000003
48060000, 0.532329, 0.229475, -0.000000
48064000, 0.498325, 0.496069, -0.000000
48068000, 0.631473, 0.510618, 0.000001
48072000, 0.599028, 0.398623, 0.000000
48076000, 0.695941, 0.261872, -0.000000
48080000, 0.504282, 0.332209, -0.000000
48084000, 0.572709, 0.410240, -0.000002
48088000, 0.503149, 0.441000, 0.000001
48092000, 0.442323, 0.542446, -0.000001
48096000, 0.275815, 0.557360, -0.000001
48100000, 0.392531, 0.641255, 0.000001
48104000, 0.180850, 0.636616, -0.000003
48108000, 0.026914, 0.529539, -0.000001
48112000, 0.169866, 0.619270, -0.000001
48116000, 0.022460, 0.634281, -0.000001
48120000, 0.062192, 0.694812, 0.000003
48124000, 0.079440, 0.708734, 0.000001
48128000, 0.115525, 0.662266, -0.000000
48132000, 0.010235, 0.629646, -0.000002
48136000, 0.165522, 0.606774, 0.000002
48140000, 0.173446, 0.735108, 0.000001
48144000, 0.183770, 0.765062, -0.000000
48148000, 0.120663, 0.668506, 0.000001
48152000, 0.281609, 0.739946, 0.000001
48156000, 0.352328, 0.776539, 0.000000
48160000, 0.303409, 0.632625, -0.000001
48164000, 0.028141, 0.828077, -0.000002
48168000, 0.125041, 0.786072, -0.000001
48172000, 0.103093, 0.666466, -0.000001
48176000, 0.101664, 0.570612, -0.000001
48180000, -0.016286, 0.421824, 0.000001
48184000, 0.029809, 0.209540, -0.000001
48188000, -0.118284, 0.341050, 0.000001
48192000, -0.008160, 0.250400, 0.000000
48196000, -0.073522, 0.635310, 0.000001
48200000, -0.182407, 0.416491, -0.000001
48204000, -0.375690, 0.509159, -0.000001
48208000, -0.371872, 0.466510, -0.000001
48212000, -0.353646, 0.504480, -0.000000
48216000, -0.115549, 0.348174, -0.000001
48220000, -0.133433, 0.057357, 0.000000
48224000, -0.271786, 0.184540, 0.000000
48228000, -0.251973, 0.236743, 0.000001
48232000, -0.093371, 0.055837, -0.000001
48236000, -0.049802, 0.034970, -0.000000
48240000, 0.151254, 0.065862, 0.000001
48244000, 0.049842, 0.055743, -0.000001
48248000, -0.125773, 0.251067, -0.000001
48252000, -0.160300, 0.128093, -0.000001
48256000, -0.257867, 0.071188, 0.000001
48260000, -0.150912, 0.173045, -0.000001
48264000, -0.218088, 0.034381, -0.000000
48268000, -0.298921, -0.082004, -0.000002
48272000, -0.288510, -0.255817, -0.000000
48276000, -0.253955, -0.149241, -0.000002
48280000, -0.040272, -0.067593, -0.000001
48284000, -0.101211, 0.015973, -0.000001
48288000, -0.152382, -0.024327, 0.000000
48292000, -0.002605, 0.132260, 0.000000
48296000, -0.133950, 0.172768, -0.000000
48300000, -0.061200, 0.166821, -0.000003
48304000, -0.249339, 0.138163, -0.000000
48308000, -0.201419, 0.014801, -0.000001
48312000, -0.118523, 0.050858, 0.000000
48316000, -0.135071, 0.070876, 0.000001
48320000, -0.105858, 0.058924, -0.000001
48324000, -0.156569, -0.182216, -0.000001
48328000, -0.043894, -0.138173, 0.000003
48332000, -0.320494, -0.089336, -0.000002
48336000, -0.403837, -0.308255, -0.000001
48340000, -0.578934, -0.294036, -0.000003
48344000, -0.561922, -0.350750, 0.000000
48348000, -0.631315, -0.183175, 0.000000
48352000, -0.701393, -0.543536, -0.000001
48356000, -0.543512, -0.596645, -0.000000
48360000, -0.799657, -0.227583, -0.000000
48364000, -0.756376, -0.043456, 0.000001
48368000, -0.808758, -0.076796, 0.000001
48372000, -0.739954, 0.169020, -0.000000
48376000, -0.574919, -0.069178, 0.000002
48380000, -0.434822, 0.245588, -0.000002
48384000, -0.516894, 0.085374, 0.000001
48388000, -0.398215, 0.106120, -0.000000
48392000, -0.357476, -0.054026, -0.000000
48396000, -0.659820, 0.149912, -0.000000
48400000, -0.587355, 0.243375, -0.000000
48404000, -0.692034, 0.158057, 0.000001
48408000, -0.579605, -0.000937, 0.000000
48412000, -0.526143, 0.038721, -0.000002
48416000, -0.695838, 0.168722, 0.000001
48420000, -0.647361, 0.310642, 0.000002
48424000, -0.564838, 0.426234, -0.000003
48428000, -0.761324, 0.118607, 0.000000
48432000, -0.681951, -0.065926, -0.000001
48436000, -0.791652, -0.029776, -0.000002
48440000, -0.725249, 0.002914, -0.000000
48444000, -0.784817, 0.085047, -0.000001
48448000, -0.680833, 0.189331, 0.000000
48452000, -0.489359, 0.210459, 0.000001
48456000, -0.524916, 0.364226, -0.000000
48460000, -0.405803, 0.613668, 0.000001
48464000, -0.340548, 0.713145, -0.000000
48468000, -0.331806, 0.567656, 0.000002
48472000, -0.234642, 0.600045, 0.000001
48476000, -0.379518, 0.470339, 0.000000
48480000, -0.561794, 0.430226, 0.000001
48484000, -0.376317, 0.387598, -0.000001
48488000, -0.473520, -0.000950, -0.000001
48492000, -0.612899, 0.071921, -0.000000
48496000, -0.533586, 0.179150, -0.000000
48500000, -0.673365, 0.260792, 0.000001
48504000, -0.684290, 0.128813, 0.000000
48508000, -0.613744, 0.149282, -0.000003
48512000, -0.679876, 0.075986, 0.000001
48516000, -0.625548, 0.009398, 0.000002
48520000, -0.653858, 0.111573, -0.000001
48524000, -0.571049, 0.302178, 0.000001
48528000, -0.474021, 0.420326, 0.000001
48532000, -0.478453, 0.227824, -0.000000
48536000, -0.220329, 0.230544, -0.000001
48540000, -0.324873, 0.348884, 0.000000
48544000, -0.282326, 0.300083, 0.000001
48548000, -0.203082, 0.286479, -0.000000
48552000, -0.387034, 0.389596, 0.000001
48556000, -0.324178, 0.369125, 0.000000
48560000, -0.385407, 0.289828, -0.000000
48564000, -0.212158, 0.397057, -0.000000
48568000, -0.189745, 0.425615, 0.000001
48572000, -0.208973, 0.601118, -0.000001
48576000, -0.252779, 0.572650, 0.000002
48580000, -0.293272, 0.558929, -0.000000
48584000, -0.432291, 0.491523, 0.000000
48588000, -0.598242, 0.438732, 0.000000
48592000, -0.629922, 0.436947, -0.000001
48596000, -0.570318, 0.391288, 0.000000
48600000, -0.427273, 0.604695, -0.000001
48604000, -0.427498, 0.379269, -0.000001
48608000, -0.553620, 0.543600, -0.000002
48612000, -0.693942, 0.473191, -0.000000
48616000, -0.610518, 0.387275, -0.000002
48620000, -0.430987, 0.408451, 0.000001
48624000, -0.266557, 0.328959, 0.000001
48628000, -0.237869, 0.254294, 0.000001
48632000, -0.309406, 0.245208, 0.000000
48636000, -0.343741, 0.347173, -0.000000
48640000, -0.294890, 0.518036, -0.000001
48644000, -0.330386, 0.489809, -0.000000
48648000, -0.409308, 0.719805, 0.000000
48652000, -0.386314, 0.638112, 0.000000
48656000, -0.225629, 0.917202, 0.000002
48660000, -0.392039, 0.725406, -0.000001
48664000, -0.479214, 0.698621, -0.000000
48668000, -0.396845, 0.658970, -0.000001
48672000, -0.512327, 0.557021, 0.000000
48676000, -0.597701, 0.264161, -0.000000
48680000, -0.753941, 0.059887, -0.000001
48684000, -0.774077, 0.077799, 0.000001
48688000, -0.736440, -0.000553, -0.000000
48692000, -0.742746, 0.010558, -0.000000
48696000, -0.616192, -0.130056, -0.000001
48700000, -0.795153, -0.500918, -0.000000
48704000, -0.612028, -0.308484, -0.000001
48708000, -0.473728, -0.487466, 0.000002
48712000, -0.475823, -0.455802, -0.000000
48716000, -0.413923, -0.458391, -0.000000
48720000, -0.262969, -0.338810, 0.000001
48724000, -0.329372, -0.479016, -0.000001
48728000, -0.475321, -0.417810, 0.000001
48732000, -0.329857, -0.520772, 0.000001
48736000, -0.522206, -0.701059, -0.000001
48740000, -0.580095, -0.464936, 0.000001
48744000, -0.550851, -0.359837, 0.000001
48748000, -0.445453, -0.407081, -0.000000
48752000, -0.395481, -0.158452, -0.000002
48756000, -0.280925, -0.409677, -0.000000
48760000, -0.197127, -0.326349, 0.000001
48764000, -0.360443, -0.286992, -0.000000
48768000, -0.329979, -0.120466, 0.000000
48772000, -0.356823, -0.405696, -0.000001
48776000, -0.405865, -0.322831, -0.000001
48780000, -0.392704, -0.204962, 0.000001
48784000, -0.446123, -0.184579, -0.000001
48788000, -0.472971, -0.082627, -0.000002
48792000, -0.322693, -0.171745, 0.000001
48796000, -0.210515, -0.091239, 0.000000
48800000, -0.253402, -0.195464, -0.000001
48804000, -0.406124, -0.331929, -0.000001
48808000, -0.260204, -0.301583, 0.000001
48812000, -0.564825, -0.283956, -0.000001
48816000, -0.426110, -0.239525, 0.000003
48820000, -0.462481, -0.167440, -0.000001
48824000, -0.382935, 0.009474, -0.000001
48828000, -0.377680, 0.074070, -0.000000
48832000, -0.373717, -0.088746, -0.000002
48836000, -0.582881, -0.216954, -0.000000
48840000, -0.699122, -0.136686, -0.000001
48844000, -0.687222, 0.073482, 0.000001
48848000, -0.580623, -0.006842, 0.000002
48852000, -0.641468, 0.079654, -0.000002
48856000, -0.683416, 0.114387, -0.000002
48860000, -0.644122, -0.033975, -0.000002
48864000, -0.837690, 0.135679, 0.000001
48868000, -0.789867, -0.012859, 0.000001
48872000, -0.852647, -0.148007, -0.000000
48876000, -0.748732, 0.044412, 0.000002
48880000, -0.661040, -0.048986, 0.000002
48884000, -0.579094, -0.140046, -0.000001
48888000, -0.762691, 0.053158, 0.000002
48892000, -0.758567, 0.067204, 0.000001
48896000, -0.728015, 0.154616, 0.000001
48900000, -0.701631, 0.178414, 0.000002
48904000, -0.874637, 0.169336, 0.000001
48908000, -0.846160, 0.232013, -0.000002
48912000, -0.964262, 0.208274, 0.000001
48916000, -0.524695, 0.216081, 0.000001
48920000, -0.751311, 0.174363, 0.000001
48924000, -0.822357, -0.097053, 0.000002
48928000, -0.919696, -0.259752, 0.000000
48932000, -0.744538, -0.318054, -0.000000
48936000, -0.680212, -0.173423, -0.000001
48940000, -0.599385, -0.466886, -0.000000
48944000, -0.712169, -0.211608, 0.000001
48948000, -0.748939, -0.293466, 0.000000
48952000, -0.496692, -0.427559, -0.000001
48956000, -0.693694, -0.441165, -0.000000
48960000, -0.588160, -0.261424, -0.000001
48964000, -0.649945, -0.450870, 0.000001
48968000, -0.757332, -0.473421, -0.000001
48972000, -0.727224, -0.225670, -0.000002
48976000, -0.569379, -0.098397, 0.000003
48980000, -0.523043, -0.096394, 0.000000
48984000, -0.751236, -0.315636, -0.000000
48988000, -0.652915, -0.212846, 0.000001
48992000, -0.466954, -0.190715, -0.000000
48996000, -0.375831, -0.363028, 0.000001
49000000, -0.241069, -0.432240, -0.000000
49004000, -0.499747, -0.290726, 0.000002
49008000, -0.385407, -0.269828, -0.000001
49012000, -0.209334, -0.373458, -0.000001
49016000, -0.410835, -0.150947, 0.000000
49020000, -0.384542, -0.119540, 0.000003
49024000, -0.369655, -0.156898, 0.000001
49028000, -0.319084, -0.147502, 0.000004
49032000, -0.366952, -0.166199, -0.000001
49036000, -0.378617, -0.187875, -0.000002
49040000, -0.317117, -0.278483, -0.000002
49044000, -0.322830, -0.185332, 0.000001
49048000, -0.342890, -0.151861, -0.000000
49052000, -0.463714, -0.133995, -0.000002
49056000, -0.432511, -0.128954, 0.000001
49060000, -0.207652, -0.175713, -0.000002
49064000, -0.323656, -0.100893, -0.000001
49068000, -0.343849, -0.157373, -0.000001
49072000, -0.351405, -0.211442, 0.000000
49076000, -0.430777, -0.186502, -0.000000
49080000, -0.270240, -0.157201, -0.000003
49084000, -0.228246, 0.109277, -0.000001
49088000, -0.218938, 0.068498, -0.000002
49092000, -0.272675, -0.203564, -0.000000
49096000, -0.245095, -0.187681, -0.000000
49100000, -0.227645, -0.176130, -0.000000
49104000, -0.439351, 0.020518, 0.000000
49108000, -0.368831, -0.022307, 0.000000
49112000, -0.492739, 0.121068, -0.000001
49116000, -0.387004, 0.120245, -0.000001
49120000, -0.442965, 0.177171, 0.000003
49124000, -0.347493, 0.144829, 0.000000
49128000, -0.400193, 0.204971, 0.000001
49132000, -0.495913, 0.113454, 0.000001
49136000, -0.322536, 0.143985, -0.000003
49140000, -0.298714, 0.232948, -0.000001
49144000, -0.124721, 0.221848, 0.000001
49148000, 0.031931, 0.532000, -0.000001
49152000, 0.045862, 0.384270, 0.000001
49156000, 0.013013, 0.559191, -0.000002
49160000, 0.117002, 0.602770, -0.000002
49164000, -0.134136, 0.504532, 0.000003
49168000, -0.055368, 0.527831, -0.000002
49172000, -0.229521, 0.472014, 0.000001
49176000, -0.173759, 0.418537, 0.000003
49180000, -0.277176, 0.360901, 0.000001
49184000, -0.373656, 0.347947, -0.000001
49188000, -0.452743, 0.486852, 0.000002
49192000, -0.433015, 0.303698, -0.000000
49196000, -0.259541, 0.322243, 0.000002
49200000, -0.344220, 0.421596, -0.000000
49204000, -0.157491, 0.449072, -0.000004
49208000, 0.120410, 0.549114, -0.000001
49212000, -0.085377, 0.497642, 0.000000
49216000, -0.313872, 0.389468, 0.000000
49220000, -0.364581, 0.254179, -0.000001
49224000, -0.412844, 0.363554, -0.000002
49228000, -0.415434, 0.422787, -0.000001
49232000, -0.139519, 0.134776, 0.000000
49236000, -0.034426, 0.168876, -0.000002
49240000, -0.101009, 0.401957, -0.000003
49244000, 0.278952, 0.384466, -0.000001
49248000, 0.075716, 0.379220, 0.000001
49252000, -0.107757, 0.317058, 0.000000
49256000, -0.148299, 0.378346, 0.000002
49260000, -0.296529, 0.381511, 0.000001
49264000, -0.151802, 0.476181, -0.000000
49268000, -0.217681, 0.462450, 0.000002
49272000, -0.563490, 0.462208, -0.000001
49276000, -0.517649, 0.375181, 0.000001
49280000, -0.445117, 0.561239, 0.000000
49284000, -0.459771, 0.258366, -0.000002
49288000, -0.567570, 0.077985, -0.000002
49292000, -0.545615, 0.377118, 0.000003
49296000, -0.562951, 0.231499, 0.000001
49300000, -0.487968, 0.374574, -0.000001
49304000, -0.413425, 0.210009, 0.000001
49308000, -0.447991, 0.121224, 0.000000
49312000, -0.366254, 0.298255, 0.000002
49316000, -0.541411, 0.084574, 0.000001
49320000, -0.477660, 0.113169, -0.000001
49324000, -0.432301, 0.218424, -0.000002
49328000, -0.450705, 0.323795, 0.000002
49332000, -0.371242, 0.214993, -0.000000
49336000, -0.273138, 0.262241, 0.000000
49340000, -0.323785, 0.271454, -0.000000
49344000, -0.403785, 0.324372, -0.000000
49348000, -0.365497, 0.172098, -0.000000
49352000, -0.474237, 0.050813, 0.000001
49356000, -0.478073, 0.284922, 0.000001
49360000, -0.423750, 0.379321, -0.000001
49364000, -0.289401, 0.184970, 0.000001
49368000, -0.256800, 0.319048, 0.000000
49372000, -0.192109, 0.407269, -0.000000
49376000, -0.346381, 0.411733, 0.000002
49380000, -0.288559, 0.461183, -0.000001
49384000, -0.472277, 0.382974, -0.000002
49388000, -0.318500, 0.617022, 0.000001
49392000, -0.090473, 0.567289, 0.000001
49396000, -0.048016, 0.531050, -0.000001
49400000, -0.267325, 0.606642, 0.000001
49404000, -0.188984, 0.437400, -0.000001
49408000, -0.060510, 0.508488, 0.000000
49412000, -0.105282, 0.531451, -0.000001
49416000, -0.281399, 0.393901, 0.000001
49420000, -0.229689, 0.290239, 0.000001
49424000, -0.106291, 0.290313, -0.000001
49428000, -0.107550, 0.495880, -0.000002
49432000, -0.090273, 0.349099, 0.000002
49436000, -0.159887, 0.456275, -0.000001
49440000, -0.135377, 0.452074, 0.000001
49444000, -0.210575, 0.463092, 0.000002
49448000, -0.314450, 0.412606, 0.000002
49452000, -0.565126, 0.440847, 0.000001
49456000, -0.474436, 0.370971, -0.000001
49460000, -0.450286, 0.353068, 0.000001
49464000, -0.494842, 0.430146, -0.000000
49468000, -0.563874, 0.339144, -0.000001
49472000, -0.535709, 0.311745, 0.000001
49476000, -0.663966, 0.171533, -0.000001
49480000, -0.682936, -0.039877, -0.000002
49484000, -0.509721, -0.190190, -0.000002
49488000, -0.610153, 0.069238, 0.000001
49492000, -0.635318, 0.014799, 0.000001
49496000, -0.842772, 0.054233, -0.000001
49500000, -0.789713, 0.168222, 0.000002
49504000, -0.770717, -0.226469, -0.000002
49508000, -0.765624, -0.074989, -0.000001
49512000, -0.811291, 0.098101, -0.000001
49516000, -0.648964, 0.070573, -0.000001
49520000, -0.760403, 0.084428, 0.000000
49524000, -0.830764, 0.209444, 0.000000
49528000, -0.786265, 0.282554, -0.000000
49532000, -0.593176, 0.439222, 0.000000
49536000, -0.585852, 0.185035, 0.000000
49540000, -0.552007, 0.023552, 0.000001
49544000, -0.538342, 0.029663, -0.000001
49548000, -0.488413, -0.073355, -0.000002
49552000, -0.639572, 0.055723, 0.000000
49556000, -0.502112, 0.183564, 0.000001
49560000, -0.550673, 0.298272, 0.000000
49564000, -0.526811, 0.107242, 0.000001
49568000, -0.469624, 0.148684, -0.000000
49572000, -0.690420, 0.147815, 0.000000
49576000, -0.584123, 0.045638, 0.000002
49580000, -0.540142, -0.105898, -0.000000
49584000, -0.729136, -0.187375, -0.000001
49588000, -0.628323, -0.166109, -0.000001
49592000, -0.612242, -0.075216, -0.000000
49596000, -0.497926, -0.223668, 0.000000
49600000, -0.546787, -0.133935, -0.000002
49604000, -0.559671, -0.037424, 0.000002
49608000, -0.598375, 0.051941, 0.000002
49612000, -0.663377, 0.062277, 0.000001
49616000, -0.631059, 0.170975, 0.000000
49620000, -0.681380, 0.255248, 0.000001
49624000, -0.537514, 0.338461, 0.000000
49628000, -0.704873, 0.232138, 0.000000
49632000, -0.790907, 0.213914, -0.000001
49636000, -0.756094, 0.369824, 0.000001
49640000, -0.710635, 0.215148, 0.000001
49644000, -0.761933, 0.245798, -0.000000
49648000, -0.703273, -0.031976, -0.000001
49652000, -0.669621, 0.000124, -0.000000
49656000, -0.594769, -0.046489, 0.000000
49660000, -0.608097, 0.039063, 0.000001
49664000, -0.603499, 0.039394, -0.000001
49668000, -0.580656, -0.176683, 0.000000
49672000, -0.622484, -0.085812, 0.000001
49676000, -0.759020, -0.220275, 0.000002
49680000, -0.519923, -0.259586, 0.000001
49684000, -0.452097, -0.153662, 0.000001
49688000, -0.795910, -0.269614, -0.000000
49692000, -0.559596, -0.234253, -0.000001
49696000, -0.552940, -0.431367, -0.000001
49700000, -0.633683, -0.521321, -0.000000
49704000, -0.673455, -0.433980, -0.000000
49708000, -0.450012, -0.542236, 0.000001
49712000, -0.611451, -0.469279, 0.000001
49716000, -0.667216, -0.306123, -0.000001
49720000, -0.569218, -0.485684, -0.000000
49724000, -0.538950, -0.470190, 0.000001
49728000, -0.823607, -0.441465, 0.000001
49732000, -0.630901, -0.468101, -0.000000
49736000, -0.772363, -0.307441, 0.000001
49740000, -0.698065, -0.364063, 0.000001
49744000, -0.658019, -0.100252, 0.000001
49748000, -0.688273, -0.256817, -0.000000
49752000, -0.652434, -0.103637, -0.000001
49756000, -0.646102, -0.045708, -0.000000
49760000, -0.598406, 0.014664, 0.000001
49764000, -0.567315, 0.051520, -0.000001
49768000, -0.632158, 0.191052, 0.000001
49772000, -0.719775, 0.192240, -0.000000
49776000, -0.722285, 0.166393, -0.000001
49780000, -0.626894, 0.201573, 0.000001
49784000, -0.603911, 0.172511, -0.000001
49788000, -0.637154, 0.053481, 0.000002
49792000, -0.552243, 0.240934, -0.000001
49796000, -0.727664, -0.191372, -0.000001
49800000, -0.523929, -0.145749, -0.000002
49804000, -0.649066, -0.024212, -0.000002
49808000, -0.726969, -0.020257, 0.000001
49812000, -0.700101, -0.329753, 0.000001
49816000, -0.772175, -0.319509, 0.000001
49820000, -0.827684, -0.218991, -0.000001
49824000, -0.726598, 0.018763, 0.000000
49828000, -0.800975, -0.174755, -0.000001
49832000, -0.598637, -0.410996, -0.000001
49836000, -0.667274, -0.437003, -0.000001
49840000, -0.734951, -0.198702, 0.000000
49844000, -0.698134, -0.531859, 0.000002
49848000, -0.693314, -0.447078, -0.000001
49852000, -0.528956, -0.528825, 0.000000
49856000, -0.722619, -0.342403, 0.000000
49860000, -0.729827, -0.326461, 0.000001
49864000, -0.577092, -0.375685, 0.000000
49868000, -0.648495, -0.401600, -0.000002
49872000, -0.634634, -0.074284, -0.000000
49876000, -0.501242, -0.250432, -0.000001
49880000, -0.667312, -0.164580, -0.000000
49884000, -0.740895, -0.164128, -0.000001
49888000, -0.567176, 0.194320, -0.000001
49892000, -0.744805, 0.281648, 0.000001
49896000, -0.659405, 0.256505, -0.000000
49900000, -0.594587, 0.516175, 0.000000
49904000, -0.559407, 0.420297, -0.000001
49908000, -0.563253, 0.468050, -0.000001
49912000, -0.567840, 0.586883, 0.000000
49916000, -0.580891, 0.549756, 0.000000
49920000, -0.437556, 0.428288, 0.000000
49924000, -0.261103, 0.633914, 0.000001
49928000, -0.023870, 0.665324, -0.000001
49932000, 0.392077, 0.678143, 0.000001
49936000, 0.391122, 0.701488, -0.000002
49940000, 0.271646, 0.800733, -0.000000
49944000, 0.177167, 0.706041, 0.000001
49948000, 0.155437, 0.797032, -0.000001
49952000, 0.168691, 0.793862, 0.000000
49956000, 0.098823, 0.810940, 0.000001
49960000, -0.138604, 0.940567, -0.000000
49964000, 0.034193, 1.008784, 0.000000
49968000, 0.221255, 1.017205, -0.000001
49972000, 0.081837, 1.019614, -0.000001
49976000, 0.248395, 0.744867, -0.000000
49980000, 0.357712, 0.751575, -0.000000
49984000, 0.232400, 0.899018, 0.000001
49988000, 0.478389, 0.548861, 0.000001
49992000, 0.425444, 0.854139, 0.000001
49996000, 0.460030, 0.788381, -0.000000
50000000, 0.543066, 0.767355, -0.000001
50004000, 0.481309, 0.595715, -0.000001
50008000, 0.550297, 0.651318, -0.000002
50012000, 0.557221, 0.585207, 0.000002
50016000, 0.629906, 0.680524, -0.000002
50020000, 0.667737, 0.694548, -0.000000
50024000, 0.654492, 0.577707, -0.000000
50028000, 0.770329, 0.542207, 0.000002
50032000, 0.874481, 0.266954, -0.000002
50036000, 0.687855, 0.105915, -0.000000
50040000, 0.680836, 0.121249, -0.000001
50044000, 0.517090, -0.025585, 0.000000
50048000, 0.447157, 0.065018, -0.000001
50052000, 0.206990, 0.163214, -0.000002
50056000, 0.292399, 0.103723, -0.000002
50060000, 0.529164, 0.178985, 0.000000
50064000, 0.607181, 0.299048, -0.000000
50068000, 0.549349, 0.559590, 0.000001
50072000, 0.659973, 0.204454, -0.000000
50076000, 0.593076, 0.102505, 0.000001
50080000, 0.499710, 0.235726, -0.000001
50084000, 0.594665, 0.288501, 0.000000
50088000, 0.547973, 0.191107, 0.000000
50092000, 0.610314, 0.380440, -0.000000
50096000, 0.602461, 0.300648, 0.000001
50100000, 0.392812, 0.311823, -0.000000
50104000, 0.499913, 0.291464, 0.000002
50108000, 0.303097, 0.496001, -0.000001
50112000, 0.343574, 0.422249, 0.000000
50116000, 0.397239, 0.433727, -0.000002
50120000, 0.248463, 0.268977, -0.000001
50124000, 0.412480, 0.249741, -0.000001
50128000, 0.602771, 0.448455, -0.000002
50132000, 0.667920, 0.255839, -0.000002
50136000, 0.542975, 0.131571, -0.000002
50140000, 0.592444, 0.046139, 0.000000
50144000, 0.728068, 0.074012, 0.000001
50148000, 0.525692, 0.363521, -0.000000
50152000, 0.462863, 0.434721, 0.000001
50156000, 0.493892, 0.456047, -0.000000
50160000, 0.405293, 0.540312, 0.000000
50164000, 0.300001, 0.495737, -0.000001
50168000, 0.349600, 0.519246, 0.000001
50172000, 0.330767, 0.633351, -0.000001
50176000, 0.237259, 0.383952, -0.000000
50180000, 0.251838, 0.389809, 0.000001
50184000, 0.257681, 0.294730, -0.000001
50188000, 0.269299, 0.362734, 0.000001
50192000, 0.362852, 0.315037, 0.000001
50196000, 0.572215, 0.415395, -0.000001
50200000, 0.602749, 0.280490, -0.000000
50204000, 0.550521, 0.183501, -0.000000
50208000, 0.402868, 0.053829, 0.000002
50212000, 0.472389, -0.003874, -0.000001
50216000, 0.514663, 0.214874, -0.000001
50220000, 0.360740, 0.143715, -0.000001
50224000, 0.408487, 0.094294, 0.000001
50228000, 0.558991, 0.114229, 0.000000
50232000, 0.559703, 0.235564, -0.000001
50236000, 0.573993, 0.185643, -0.000001
50240000, 0.459909, 0.158935, 0.000003
50244000, 0.566790, 0.179089, 0.000001
50248000, 0.602876, 0.192240, -0.000003
50252000, 0.478805, -0.091550, -0.000002
50256000, 0.421868, 0.137434, -0.000001
50260000, 0.379185, 0.186263, -0.000000
50264000, 0.453904, 0.280920, -0.000001
50268000, 0.478203, 0.171113, -0.000001
50272000, 0.389135, 0.345648, -0.000002
50276000, 0.209086, 0.148261, 0.000000
50280000, 0.208826, 0.036452, 0.000001
50284000, 0.195567, -0.013926, -0.000001
50288000, 0.006595, 0.006078, 0.000000
50292000, 0.082995, 0.105535, -0.000001
50296000, 0.155360, -0.058565, -0.000001
50300000, 0.130016, 0.026063, 0.000001
50304000, 0.312197, 0.094058, 0.000001
50308000, 0.402952, 0.121148, 0.000000
50312000, 0.401392, 0.254893, 0.000001
50316000, 0.446108, 0.018409, -0.000001
50320000, 0.481991, 0.357574, -0.000002
50324000, 0.271681, 0.323053, 0.000000
50328000, 0.436107, 0.137733, -0.000003
50332000, 0.279381, 0.049992, -0.000001
50336000, 0.474469, -0.246227, -0.000000
50340000, 0.487292, -0.067758, 0.000001
50344000, 0.447407, -0.104376, -0.000001
50348000, 0.259156, -0.322337, -0.000000
50352000, 0.325834, -0.582092, 0.000003
50356000, 0.271147, -0.372740, 0.000001
50360000, 0.543052, -0.184258, -0.000000
50364000, 0.580288, -0.201582, -0.000002
50368000, 0.534542, -0.179942, -0.000001
50372000, 0.303378, -0.406098, -0.000000
50376000, 0.431532, -0.402731, -0.000001
50380000, 0.466694, -0.553851, -0.000000
50384000, 0.345146, -0.552210, -0.000002
50388000, 0.419503, -0.448065, -0.000001
50392000, 0.379292, -0.442534, 0.000001
50396000, 0.363965, -0.508835, 0.000000
50400000, 0.547143, -0.260673, 0.000000
50404000, 0.598150, -0.322231, -0.000000
50408000, 0.425989, -0.304895, 0.000001
50412000, 0.471876, -0.227325, -0.000001
50416000, 0.281211, -0.020302, 0.000001
50420000, 0.396936, -0.295736, 0.000001
50424000, 0.341619, -0.047637, -0.000000
50428000, 0.423018, 0.091665, 0.000001
50432000, 0.569947, 0.029213, -0.000000
50436000, 0.633245, 0.164348, -0.000001
50440000, 0.618733, 0.198511, -0.000000
50444000, 0.606366, 0.091158, 0.000000
50448000, 0.642564, 0.169532, -0.000002
50452000, 0.629549, 0.126236, 0.000002
50456000, 0.581572, -0.006225, 0.000001
50460000, 0.397459, -0.235401, -0.000000
50464000, 0.661720, -0.211228, 0.000001
50468000, 0.590466, -0.246376, -0.000002
50472000, 0.470949, -0.283079, 0.000001
50476000, 0.388253, -0.413921, -0.000000
50480000, 0.486360, -0.465226, 0.000002
50484000, 0.352681, -0.371374, -0.000000
50488000, 0.232124, -0.572380, 0.000001
50492000, 0.451446, -0.554548, -0.000001
50496000, 0.144600, -0.593987, -0.000001
50500000, -0.049054, -0.717828, -0.000001
50504000, -0.046726, -0.656699, -0.000000
50508000, -0.263507, -0.471204, 0.000000
50512000, -0.297137, -0.588403, -0.000001
50516000, -0.255052, -0.469268, -0.000002
50520000, -0.207131, -0.681459, 0.000000
50524000, -0.292401, -0.573631, 0.000002
50528000, -0.295964, -0.502368, 0.000001
50532000, -0.233862, -0.584403, 0.000003
50536000, -0.450122, -0.585281, 0.000001
50540000, -0.501682, -0.556074, -0.000001
50544000, -0.221631, -0.725587, -0.000001
50548000, -0.131666, -0.698488, -0.000002
50552000, -0.068059, -0.587940, -0.000002
50556000, 0.008662, -0.614438, 0.000001
50560000, 0.050826, -0.695549, -0.000001
50564000, 0.081823, -0.657480, 0.000000
50568000, -0.081645, -0.711782, 0.000001
50572000, 0.169456, -0.575660, -0.000000
50576000, 0.166828, -0.529786, 0.000000
50580000, 0.279041, -0.496716, 0.000000
50584000, 0.210230, -0.575818, -0.000002
50588000, 0.226639, -0.485274, -0.000001
50592000, 0.413327, -0.445012, -0.000004
50596000, 0.432948, -0.395055, -0.000001
50600000, 0.353223, -0.355399, 0.000003
50604000, 0.516608, -0.471933, -0.000000
50608000, 0.634956, -0.380594, 0.000000
50612000, 0.530127, -0.408515, -0.000001
50616000, 0.435485, -0.302119, -0.000001
50620000, 0.509360, -0.336321, 0.000002
50624000, 0.495849, -0.468944, -0.000002
50628000, 0.420858, -0.512504, 0.000001
50632000, 0.314297, -0.640574, -0.000000
50636000, 0.092592, -0.648627, 0.000001
50640000, 0.095055, -0.638857, -0.000000
50644000, -0.077682, -0.839957, 0.000001
50648000, 0.165775, -0.688396, -0.000001
50652000, 0.236285, -0.359601, -0.000001
50656000, 0.281953, -0.262549, 0.000001
50660000, 0.308148, -0.231816, -0.000002
50664000, 0.311742, -0.139687, 0.000001
50668000, 0.186775, -0.184902, -0.000001
50672000, 0.080199, -0.196946, -0.000001
50676000, 0.094783, -0.087407, -0.000002
50680000, 0.370610, -0.053264, 0.000001
50684000, 0.140816, 0.088643, 0.000001
50688000, 0.082515, -0.194772, -0.000001
50692000, 0.212311, -0.119234, -0.000001
50696000, 0.205333, -0.084262, -0.000001
50700000, 0.069671, -0.306007, -0.000003
50704000, 0.262204, -0.332133, 0.000001
50708000, 0.238645, -0.234327, -0.000001
50712000, 0.297710, -0.374627, -0.000000
50716000, 0.275015, -0.306510, 0.000000
50720000, 0.268247, -0.270735, 0.000000
50724000, 0.310501, -0.242600, -0.000001
50728000, 0.281414, -0.213250, -0.000000
50732000, 0.237824, -0.361292, 0.000002
50736000, 0.183134, -0.319039, 0.000000
50740000, 0.299525, -0.451969, 0.000001
50744000, 0.181625, -0.583535, 0.000001
50748000, 0.197628, -0.346281, 0.000002
50752000, 0.089566, -0.393832, 0.000001
50756000, 0.039288, -0.419205, -0.000002
50760000, 0.062137, -0.326403, 0.000001
50764000, 0.143017, -0.301298, -0.000002
50768000, -0.041870, -0.275393, -0.000000
50772000, 0.017586, -0.495876, -0.000001
50776000, -0.008683, -0.424448, -0.000001
50780000, 0.062247, -0.376396, -0.000000
50784000, 0.230591, -0.113312, 0.000001
50788000, 0.183851, 0.045640, 0.000002
50792000, 0.069521, -0.004315, -0.000001
50796000, 0.034105, 0.027557, -0.000003
50800000, 0.005536, -0.119703, 0.000000
50804000, 0.004672, -0.295010, 0.000000
50808000, -0.013391, -0.222566, 0.000000
50812000, 0.023256, -0.424516, -0.000001
50816000, 0.053496, -0.312277, 0.000001
50820000, 0.118438, -0.258553, 0.000000
50824000, 0.229200, -0.226059, -0.000001
50828000, 0.282152, -0.357690, -0.000002
50832000, 0.257478, -0.287239, 0.000001
50836000, 0.265425, -0.149452, -0.000000
50840000, 0.529806, -0.168642, 0.000001
50844000, 0.444984, -0.169986, 0.000001
50848000, 0.346503, -0.155662, -0.000001
50852000, 0.353243, 0.144514, -0.000001
50856000, 0.364809, 0.194530, -0.000002
50860000, 0.432694, 0.021868, 0.000001
50864000, 0.417976, -0.147102, -0.000000
50868000, 0.364117, -0.174185, -0.000001
50872000, 0.241807, -0.247738, -0.000002
50876000, 0.149872, -0.087683, 0.000000
50880000, 0.096854, -0.229600, 0.000002
50884000, 0.077508, -0.157040, -0.000003
50888000, 0.288679, -0.185849, -0.000003
50892000, 0.093390, -0.492105, 0.000002
50896000, 0.212727, -0.384509, 0.000001
50900000, 0.259248, -0.324469, -0.000002
50904000, 0.294503, -0.346724, 0.000001
50908000, 0.212125, -0.401681, -0.000001
50912000, 0.000416, -0.584451, 0.000000
50916000, 0.127656, -0.406570, 0.000001
50920000, 0.174210, -0.191318, -0.000001
50924000, 0.164192, -0.117556, 0.000000
50928000, 0.140294, -0.331579, -0.000004
50932000, 0.098826, -0.221564, -0.000001
50936000, 0.140017, -0.227336, 0.000002
50940000, 0.341235, -0.197699, -0.000001
50944000, 0.394831, -0.302801, 0.000001
50948000, 0.337311, -0.322165, 0.000000
50952000, 0.319074, -0.409666, 0.000001
50956000, 0.438456, -0.269903, 0.000000
50960000, 0.062602, -0.455809, 0.000001
50964000, 0.263864, -0.498871, -0.000000
50968000, -0.035512, -0.365667, 0.000000
50972000, -0.088123, -0.280614, -0.000001
50976000, -0.090538, -0.373855, 0.000001
50980000, -0.203289, -0.333794, -0.000001
50984000, -0.273297, -0.372401, 0.000001
50988000, -0.173397, -0.330264, -0.000001
50992000, 0.080739, -0.493521, 0.000001
50996000, 0.153083, -0.461954, 0.000001
51000000, -0.050400, -0.477546, -0.000000
51004000, 0.014294, -0.491454, -0.000000
51008000, 0.018093, -0.500701, 0.000001
51012000, 0.078823, -0.447766, -0.000002
51016000, 0.025961, -0.394039, -0.000002
51020000, -0.085897, -0.353034, -0.000002
51024000, -0.370699, -0.190223, -0.000000
51028000, -0.154829, -0.272225, -0.000002
51032000, -0.193712, -0.298047, 0.000000
51036000, -0.200995, -0.229140, -0.000001
51040000, -0.197150, -0.242933, 0.000000
51044000, -0.316371, -0.189385, -0.000000
51048000, -0.070648, -0.195434, -0.000000
51052000, -0.193385, 0.036766, 0.000000
51056000, -0.303674, -0.129816, -0.000001
51060000, -0.352027, -0.268030, -0.000001
51064000, -0.241075, -0.333963, -0.000002
51068000, -0.141221, -0.282212, 0.000002
51072000, 0.017495, -0.262826, -0.000001
51076000, 0.148444, -0.312673, 0.000001
51080000, 0.160439, -0.207298, 0.000000
51084000, 0.250218, -0.252981, -0.000001
51088000, 0.236221, -0.317897, 0.000001
51092000, 0.384348, -0.195454, 0.000000
51096000, 0.356971, -0.187464, -0.000002
51100000, 0.344942, -0.206831, -0.000001
51104000, 0.338798, -0.184054, -0.000002
51108000, 0.155110, -0.329642, -0.000002
51112000, -0.000819, -0.350304, -0.000002
51116000, 0.143069, -0.364443, 0.000001
51120000, 0.127938, -0.211723, -0.000001
51124000, 0.254767, -0.190594, -0.000002
51128000, 0.284612, -0.172521, 0.000001
51132000, 0.333494, -0.109948, 0.000001
51136000, 0.173795, -0.128599, 0.000000
51140000, 0.211989, -0.065872, 0.000003
51144000, 0.184181, -0.201330, -0.000001
51148000, 0.357528, -0.211615, 0.000000
51152000, 0.392175, -0.360512, -0.000000
51156000, 0.410227, -0.539776, 0.000003
51160000, 0.464972, -0.608937, -0.000001
51164000, 0.524394, -0.464948, 0.000000
51168000, 0.428274, -0.662833, 0.000001
51172000, 0.606005, -0.496781, 0.000002
51176000, 0.575479, -0.558356, 0.000001
51180000, 0.382689, -0.714148, 0.000000
51184000, 0.153847, -0.665128, -0.000002
51188000, 0.199659, -0.697188, 0.000000
51192000, 0.214595, -0.741652, 0.000000
51196000, -0.018411, -0.911970, -0.000000
51200000, -0.054179, -0.814171, -0.000001
51204000, 0.012307, -0.718752, 0.000000
51208000, 0.031023, -0.703960, 0.000000
51212000, 0.249258, -0.661739, -0.000001
51216000, 0.104334, -0.770575, 0.000000
51220000, 0.145814, -0.826344, -0.000002
51224000, 0.256891, -0.658199, -0.000000
51228000, 0.511473, -0.638772, -0.000003
51232000, 0.500829, -0.537816, -0.000001
51236000, 0.108764, -0.502961, -0.000002
51240000, 0.166846, -0.739018, -0.000001
51244000, 0.135563, -0.863454, 0.000000
51248000, -0.156301, -0.767179, -0.000000
51252000, 0.008933, -0.740222, -0.000001
51256000, 0.069353, -0.629560, 0.000000
51260000, 0.215785, -0.591255, -0.000002
51264000, 0.160956, -0.765058, -0.000000
51268000, 0.106761, -0.785727, -0.000001
51272000, 0.296547, -0.593531, -0.000001
51276000, 0.175459, -0.770434, -0.000000
51280000, 0.032795, -0.782662, 0.000000
51284000, 0.104804, -0.692520, -0.000001
51288000, 0.052027, -0.776390, 0.000000
51292000, 0.274604, -0.739100, 0.000000
51296000, 0.125745, -0.734978, -0.000001
51300000, 0.254694, -0.585900, -0.000000
51304000, 0.321037, -0.447704, 0.000001
51308000, 0.188390, -0.530530, -0.000004
51312000, 0.215608, -0.746583, 0.000001
51316000, 0.066093, -0.785477, -0.000000
51320000, -0.208013, -0.783787, 0.000001
51324000, -0.195582, -0.841337, 0.000002
51328000, -0.087776, -0.870978, -0.000001
51332000, -0.134416, -0.637091, -0.000001
51336000, -0.359496, -0.639194, -0.000001
51340000, -0.442433, -0.631114, -0.000001
51344000, -0.357707, -0.693594, 0.000002
51348000, -0.301873, -0.533409, 0.000002
51352000, -0.332178, -0.671660, 0.000002
51356000, -0.407811, -0.564071, 0.000000
51360000, -0.425320, -0.554189, 0.000001
51364000, -0.631866, -0.608732, -0.000001
51368000, -0.524644, -0.669342, -0.000002
51372000, -0.511987, -0.696657, -0.000001
51376000, -0.627120, -0.547264, 0.000001
51380000, -0.683433, -0.537582, 0.000002
51384000, -0.748407, -0.373200, 0.000000
51388000, -0.673995, -0.455082, 0.000001
51392000, -0.768297, -0.375437, -0.000001
51396000, -0.774439, -0.739810, -0.000002
51400000, -0.735383, -0.801992, 0.000000
51404000, -0.705693, -0.750319, 0.000001
51408000, -0.668893, -0.692734, 0.000004
51412000, -0.619536, -0.436822, -0.000002
51416000, -0.896524, -0.151326, 0.000002
51420000, -0.877558, -0.258362, 0.000000
51424000, -0.619365, -0.273510, 0.000002
51428000, -0.851359, -0.078801, 0.000003
51432000, -0.708437, -0.245113, 0.000001
51436000, -0.793150, -0.219835, 0.000001
51440000, -0.792970, -0.143849, 0.000000
51444000, -0.570622, -0.074596, -0.000000
51448000, -0.636521, -0.270961, 0.000001
51452000, -0.613049, -0.065553, 0.000000
51456000, -0.751318, -0.022419, 0.000000
51460000, -0.652769, -0.203188, -0.000002
51464000, -0.643290, 0.007231, 0.000002
51468000, -0.828425, -0.045382, -0.000000
51472000, -0.651944, 0.004621, 0.000001
51476000, -0.711348, 0.077092, -0.000002
51480000, -0.675651, 0.219174, 0.000000
51484000, -0.750455, 0.269259, 0.000000
51488000, -0.742753, -0.102217, 0.000000
51492000, -0.766987, -0.042082, 0.000001
51496000, -0.735700, 0.108143, 0.000001
51500000, -0.587469, 0.013984, 0.000000
51504000, -0.619330, 0.082475, -0.000000
51508000, -0.621826, -0.200903, 0.000001
51512000, -0.549473, -0.098798, -0.000001
51516000, -0.699970, 0.040623, -0.000001
51520000, -0.609469, -0.072644, 0.000001
51524000, -0.670875, -0.031499, -0.000000
51528000, -0.528816, 0.028649, -0.000001
51532000, -0.582226, 0.133040, -0.000001
51536000, -0.724038, 0.111742, 0.000002
51540000, -0.516042, 0.360407, -0.000002
51544000, -0.386596, 0.188849, -0.000002
51548000, -0.368812, 0.100831, 0.000002
51552000, -0.412473, 0.132587, -0.000001
51556000, -0.440419, 0.047901, 0.000001
51560000, -0.622621, 0.044865, -0.000002
51564000, -0.574707, 0.176759, -0.000003
51568000, -0.681590, 0.227909, -0.000001
51572000, -0.687540, 0.198818, 0.000000
51576000, -0.485668, -0.061962, 0.000001
51580000, -0.584465, 0.290437, -0.000000
51584000, -0.346440, 0.557781, -0.000001
51588000, -0.430038, 0.517738, -0.000001
51592000, -0.471746, 0.272797, -0.000001
51596000, -0.552891, 0.408650, 0.000000
51600000, -0.575927, 0.240736, -0.000000
51604000, -0.585844, 0.330134, 0.000000
51608000, -0.620475, 0.265249, 0.000001
51612000, -0.501409, 0.446304, -0.000002
51616000, -0.512217, 0.291567, 0.000001
51620000, -0.581162, 0.177077, 0.000002
51624000, -0.651506, -0.034759, -0.000001
51628000, -0.660447, -0.217654, -0.000000
51632000, -0.758629, 0.056445, 0.000001
51636000, -0.575928, 0.075315, 0.000001
51640000, -0.519773, -0.075917, 0.000001
51644000, -0.543081, -0.035864, 0.000001
51648000, -0.700713, -0.184090, 0.000001
51652000, -0.662776, -0.103929, 0.000002
51656000, -0.479740, 0.184143, 0.000000
51660000, -0.458932, 0.163701, -0.000001
51664000, -0.447089, 0.253811, 0.000001
51668000, -0.594581, -0.014566, -0.000000
51672000, -0.404691, 0.021119, -0.000001
51676000, -0.459675, 0.063733, -0.000001
51680000, -0.458167, 0.227430, 0.000001
51684000, -0.357464, 0.504067, 0.000001
51688000, -0.377393, 0.593583, -0.000002
51692000, -0.316019, 0.649540, 0.000001
51696000, -0.537519, 0.309557, -0.000000
51700000, -0.550561, 0.133180, 0.000002
51704000, -0.521390, 0.353483, -0.000000
51708000, -0.599724, 0.285918, -0.000001
51712000, -0.444512, 0.114993, -0.000000
51716000, -0.341635, 0.397612, -0.000001
51720000, -0.137476, 0.324200, -0.000003
51724000, -0.191152, 0.379977, -0.000001
51728000, -0.219752, 0.334197, -0.000002
51732000, -0.389391, 0.344471, -0.000001
51736000, -0.371463, 0.206009, -0.000003
51740000, -0.364209, 0.111586, -0.000001
51744000, -0.171767, 0.427513, 0.000002
51748000, -0.087443, 0.199419, -0.000000
51752000, -0.137498, 0.249418, -0.000000
51756000, 0.062113, 0.378566, 0.000001
51760000, 0.058670, 0.465283, 0.000000
51764000, -0.000666, 0.308619, -0.000001
51768000, -0.113082, 0.837949, 0.000001
51772000, -0.351081, 0.691088, 0.000000
51776000, -0.186286, 0.806683, -0.000000
51780000, -0.311942, 0.518048, -0.000002
51784000, -0.272689, 0.616090, -0.000001
51788000, -0.316692, 0.669145, 0.000000
51792000, -0.225385, 0.700061, -0.000001
51796000, -0.013117, 0.653805, -0.000002
51800000, -0.058733, 0.513213, 0.000001
51804000, -0.331544, 0.522451, 0.000001
51808000, -0.182711, 0.343427, -0.000002
51812000, 0.090319, 0.548576, 0.000003
51816000, -0.187860, 0.482513, -0.000001
51820000, -0.028037, 0.508844, -0.000000
51824000, -0.291669, 0.596114, 0.000001
51828000, -0.039953, 0.538765, 0.000001
51832000, 0.012707, 0.503375, -0.000000
51836000, -0.125927, 0.568431, -0.000000
51840000, -0.133219, 0.441276, 0.000002
51844000, -0.122236, 0.422016, 0.000001
51848000, -0.328304, 0.443842, -0.000001
51852000, -0.523471, 0.543363, 0.000001
51856000, -0.394855, 0.453758, -0.000001
51860000, -0.471218, 0.425100, -0.000001
51864000, -0.509456, 0.434575, 0.000000
51868000, -0.457628, 0.353451, -0.000002
51872000, -0.635145, 0.475366, -0.000002
51876000, -0.665516, 0.383433, 0.000001
51880000, -0.509180, 0.347479, -0.000000
51884000, -0.693588, 0.219960, -0.000000
51888000, -0.615154, 0.215561, -0.000000
51892000, -0.503178, 0.284146, 0.000000
51896000, -0.593590, 0.437097, -0.000002
51900000, -0.417602, 0.398611, 0.000001
51904000, -0.421378, 0.374659, 0.000001
51908000, -0.435032, 0.281811, 0.000001
51912000, -0.354940, 0.225024, 0.000002
51916000, -0.332597, 0.093490, 0.000000
51920000, -0.284102, 0.030079, 0.000001
51924000, -0.200743, 0.096736, 0.000001
51928000, -0.095574, 0.045430, 0.000001
51932000, -0.181823, 0.058891, 0.000001
51936000, -0.073320, 0.015052, -0.000001
51940000, -0.183717, 0.174755, 0.000001
51944000, -0.084793, 0.113695, 0.000001
51948000, -0.097107, 0.048731, 0.000000
51952000, -0.049558, -0.090799, -0.000002
51956000, -0.214454, -0.223787, 0.000000
51960000, -0.261974, -0.453490, 0.000002
51964000, -0.161208, -0.198134, 0.000002
51968000, -0.234374, -0.150341, -0.000000
51972000, -0.130009, -0.006755, 0.000001
51976000, -0.156263, -0.109592, -0.000003
51980000, -0.052459, -0.201155, 0.000001
51984000, -0.001496, -0.360559, 0.000001
51988000, -0.220449, -0.512497, 0.000002
51992000, -0.230698, -0.507776, -0.000001
51996000, -0.182717, -0.470672, -0.000001
52000000, -0.210886, -0.351806, -0.000002
52004000, -0.149019, -0.213575, -0.000001
52008000, -0.323383, -0.072829, 0.000000
52012000, -0.410348, -0.096432, -0.000001
52016000, -0.424053, 0.072320, -0.000000
52020000, -0.499852, 0.052219, 0.000000
52024000, -0.638682, -0.023675, -0.000002
52028000, -0.510336, -0.180620, -0.000002
52032000, -0.465187, -0.289331, 0.000001
52036000, -0.360997, -0.419925, -0.000002
52040000, -0.524930, -0.271883, -0.000000
52044000, -0.377984, -0.568333, -0.000001
52048000, -0.294330, -0.684293, -0.000001
52052000, -0.306768, -0.700898, -0.000001
52056000, -0.479979, -0.608965, 0.000000
52060000, -0.608946, -0.473772, -0.000000
52064000, -0.379451, -0.617345, 0.000000
52068000, -0.445327, -0.355891, -0.000001
52072000, -0.434462, -0.494872, 0.000000
52076000, -0.433656, -0.450672, 0.000001
52080000, -0.262869, -0.380140, -0.000000
52084000, -0.001383, -0.460179, -0.000001
52088000, -0.479733, -0.432989, 0.000002
52092000, -0.543031, -0.435237, 0.000000
52096000, -0.479501, -0.636599, -0.000002
52100000, -0.470700, -0.528779, 0.000001
52104000, -0.329598, -0.665938, 0.000000
52108000, -0.310943, -0.551077, -0.000001
52112000, -0.213834, -0.587676, -0.000001
52116000, -0.149801, -0.683757, 0.000003
52120000, -0.404711, -0.631782, 0.000001
52124000, -0.494319, -0.654701, -0.000002
52128000, -0.608518, -0.422169, 0.000000
52132000, -0.496602, -0.211003, -0.000000
52136000, -0.311863, -0.103400, 0.000001
52140000, -0.366150, -0.134970, -0.000001
52144000, -0.217713, -0.164080, 0.000000
52148000, -0.325647, -0.032582, 0.000002
52152000, -0.353894, -0.108113, -0.000001
52156000, -0.099730, -0.085785, -0.000001
52160000, -0.404137, -0.062478, -0.000000
52164000, -0.378535, 0.123657, 0.000001
52168000, -0.495655, -0.249649, -0.000001
52172000, -0.558649, -0.167896, 0.000000
52176000, -0.699488, 0.098085, 0.000001
52180000, -0.677082, 0.032923, -0.000000
52184000, -0.541927, 0.034463, -0.000001
52188000, -0.532186, -0.100207, 0.000000
52192000, -0.542806, -0.003472, -0.000001
52196000, -0.689307, -0.099044, 0.000001
52200000, -0.507413, -0.176509, -0.000001
52204000, -0.705339, -0.182991, 0.000000
52208000, -0.671026, -0.176515, 0.000001
52212000, -0.735274, -0.001072, -0.000002
52216000, -0.698016, 0.077417, -0.000001
52220000, -0.587052, 0.010402, 0.000001
52224000, -0.516400, 0.105247, -0.000002
52228000, -0.397318, -0.126131, -0.000001
52232000, -0.602912, -0.072681, 0.000000
52236000, -0.444288, -0.084543, -0.000001
52240000, -0.486949, -0.252031, 0.000001
52244000, -0.517260, -0.109917, 0.000001
52248000, -0.489701, -0.465289, 0.000000
52252000, -0.525875, -0.376633, -0.000000
52256000, -0.634120, -0.452170, -0.000001
52260000, -0.687734, -0.435118, -0.000002
52264000, -0.593778, -0.506506, 0.000000
52268000, -0.244974, -0.706360, -0.000001
52272000, -0.230049, -0.767443, 0.000002
52276000, -0.093655, -0.846882, -0.000001
52280000, -0.067179, -0.801961, -0.000000
52284000, -0.122913, -0.665391, 0.000000
52288000, -0.209202, -0.651286, -0.000001
52292000, -0.345165, -0.462497, 0.000001
52296000, -0.259577, -0.530508, -0.000001
52300000, -0.039535, -0.772771, 0.000001
52304000, -0.092768, -0.769372, -0.000001
52308000, -0.070400, -0.811510, 0.000002
52312000, -0.106150, -0.568591, 0.000001
52316000, -0.012135, -0.570194, -0.000001
52320000, -0.074639, -0.614537, 0.000000
52324000, -0.017123, -0.442797, -0.000002
52328000, -0.098787, -0.643983, -0.000002
52332000, -0.091033, -0.698047, 0.000000
52336000, -0.257322, -0.725902, -0.000000
52340000, -0.326586, -0.845813, -0.000000
52344000, -0.120352, -0.771618, 0.000001
52348000, -0.029431, -0.778091, 0.000003
52352000, -0.151362, -0.812062, -0.000002
52356000, -0.138960, -0.723089, -0.000000
52360000, -0.431333, -0.543009, 0.000002
52364000, -0.177416, -0.723696, 0.000001
52368000, -0.443141, -0.567879, 0.000000
52372000, -0.601332, -0.476831, -0.000001
52376000, -0.489545, -0.519371, -0.000001
52380000, -0.449727, -0.463204, -0.000000
52384000, -0.341828, -0.367252, -0.000000
52388000, -0.206076, -0.266075, 0.000000
52392000, -0.281832, -0.251112, 0.000001
52396000, -0.639863, -0.334933, -0.000001
52400000, -0.429509, -0.322957, 0.000001
52404000, -0.560497, -0.535067, -0.000001
52408000, -0.579090, -0.496439, -0.000000
52412000, -0.525830, -0.477310, -0.000002
52416000, -0.562134, -0.536778, -0.000002
52420000, -0.758106, -0.465493, -0.000001
52424000, -0.449005, -0.484656, -0.000001
52428000, -0.466459, -0.413784, -0.000000
52432000, -0.507208, -0.116490, -0.000000
52436000, -0.245596, -0.206995, 0.000001
52440000, -0.204122, -0.227425, -0.000000
52444000, -0.371178, -0.147666, 0.000001
52448000, -0.396838, -0.122372, 0.000003
52452000, -0.327502, -0.080172, -0.000003
52456000, -0.341655, -0.106983, 0.000001
52460000, -0.119002, -0.000900, 0.000002
52464000, -0.357896, -0.148849, -0.000003
52468000, -0.403634, -0.199121, 0.000000
52472000, -0.402086, -0.174764, -0.000002
52476000, -0.449390, -0.105848, 0.000003
52480000, -0.274579, -0.165850, -0.000000
52484000, -0.517661, -0.282460, 0.000001
52488000, -0.550374, -0.151333, 0.000001
52492000, -0.396754, -0.205334, 0.000001
52496000, -0.488330, -0.215097, 0.000001
52500000, -0.512960, -0.147898, 0.000000
52504000, -0.413424, -0.243605, -0.000001
52508000, -0.569800, -0.389931, 0.000000
52512000, -0.518291, -0.364261, 0.000003
52516000, -0.310176, -0.431926, 0.000000
52520000, -0.393994, -0.391682, -0.000001
52524000, -0.245049, -0.626798, -0.000001
52528000, -0.306589, -0.644619, -0.000001
52532000, -0.264123, -0.646318, -0.000001
52536000, -0.458276, -0.435967, -0.000000
52540000, -0.607427, -0.432758, 0.000000
52544000, -0.492111, -0.513362, 0.000002
52548000, -0.641800, -0.582145, -0.000001
52552000, -0.652880, -0.333854, -0.000000
52556000, -0.691326, -0.210713, 0.000001
52560000, -0.603365, -0.545816, -0.000000
52564000, -0.508790, -0.640510, -0.000000
52568000, -0.396590, -0.634638, 0.000001
52572000, -0.363980, -0.612933, 0.000000
52576000, -0.335105, -0.726347, -0.000000
52580000, -0.192593, -0.597861, -0.000001
52584000, -0.217473, -0.769242, -0.000000
52588000, -0.326447, -0.579568, 0.000001
52592000, -0.483503, -0.757456, -0.000002
52596000, -0.459242, -0.554550, -0.000001
52600000, -0.483616, -0.515524, 0.000000
52604000, -0.374341, -0.628202, -0.000001
52608000, -0.380950, -0.673891, -0.000002
52612000, -0.607505, -0.604035, -0.000001
52616000, -0.704716, -0.438209, 0.000001
52620000, -0.758409, -0.470578, -0.000002
52624000, -0.727123, -0.525474, -0.000001
52628000, -0.516562, -0.627323, 0.000000
52632000, -0.603133, -0.541507, 0.000001
52636000, -0.412673, -0.557968, 0.000000
52640000, -0.532859, -0.496804, 0.000002
52644000, -0.454527, -0.620071, -0.000000
52648000, -0.355736, -0.627698, 0.000000
52652000, -0.409412, -0.656343, -0.000001
52656000, -0.514376, -0.654892, 0.000001
52660000, -0.262380, -0.494001, 0.000002
52664000, -0.289556, -0.659744, 0.000001
52668000, -0.381030, -0.420027, -0.000000
52672000, -0.399375, -0.463644, 0.000001
52676000, -0.279301, -0.348162, 0.000001
52680000, -0.222526, -0.498998, 0.000001
52684000, -0.307506, -0.441749, 0.000001
52688000, -0.306483, -0.473489, -0.000001
52692000, -0.418156, -0.466067, -0.000001
52696000, -0.392876, -0.242459, 0.000001
52700000, -0.590543, -0.274890, 0.000001
52704000, -0.553749, -0.050352, 0.000001
52708000, -0.824413, -0.262602, -0.000001
52712000, -0.423507, -0.130896, 0.000001
52716000, -0.483225, -0.172326, -0.000000
52720000, -0.705706, -0.436122, -0.000002
52724000, -0.686127, -0.228618, 0.000002
52728000, -0.664356, -0.232581, -0.000001
52732000, -0.592440, -0.256635, 0.000001
52736000, -0.680352, -0.501538, -0.000000
52740000, -0.687575, -0.422950, -0.000001
52744000, -0.738129, -0.365790, -0.000001
52748000, -0.712861, -0.383478, 0.000000
52752000, -0.731151, -0.625692, -0.000000
52756000, -0.782483, -0.386035, -0.000000
52760000, -0.720765, -0.381982, 0.000002
52764000, -0.832231, -0.236794, -0.000001
52768000, -0.521304, -0.245455, 0.000001
52772000, -0.642265, -0.320921, 0.000001
52776000, -0.723384, -0.283577, 0.000000
52780000, -0.854378, -0.254789, 0.000001
52784000, -0.785657, 0.207483, 0.000000
52788000, -0.575875, 0.191096, 0.000001
52792000, -0.605757, -0.223212, 0.000000
52796000, -0.654628, -0.079188, -0.000000
52800000, -0.570401, -0.140670, 0.000000
52804000, -0.768280, -0.202955, 0.000000
52808000, -0.653481, -0.095247, -0.000000
52812000, -0.704467, -0.175420, 0.000001
52816000, -0.535633, -0.417469, 0.000000
52820000, -0.612282, -0.378311, -0.000001
52824000, -0.518466, -0.400652, -0.000001
52828000, -0.560397, -0.393567, -0.000001
52832000, -0.604605, -0.173496, 0.000002
52836000, -0.470160, -0.162939, -0.000001
52840000, -0.765339, -0.183598, 0.000000
52844000, -0.805780, -0.268095, 0.000000
52848000, -0.703079, -0.309949, -0.000002
52852000, -0.637291, -0.369195, -0.000001
52856000, -0.767738, -0.579453, -0.000001
52860000, -0.889485, -0.283087, -0.000001
52864000, -0.686370, -0.381977, -0.000002
52868000, -0.544255, -0.469216, 0.000000
52872000, -0.520791, -0.515431, -0.000001
52876000, -0.641321, -0.375721, -0.000003
52880000, -0.553164, -0.466516, -0.000000
52884000, -0.583418, -0.451549, -0.000001
52888000, -0.538250, -0.358294, 0.000002
52892000, -0.652978, -0.182709, -0.000000
52896000, -0.818555, -0.129391, 0.000001
52900000, -0.902973, -0.313468, 0.000001
52904000, -0.854743, -0.400017, 0.000001
52908000, -0.974039, -0.223192, -0.000001
52912000, -0.782871, -0.481882, -0.000000
52916000, -0.796884, -0.466529, -0.000001
52920000, -0.856332, -0.423964, -0.000001
52924000, -0.650670, -0.247479, 0.000001
52928000, -0.759406, -0.232332, 0.000001
52932000, -0.717466, -0.081879, -0.000000
52936000, -0.935316, -0.176259, 0.000001
52940000, -1.031252, -0.103295, -0.000000
52944000, -0.669881, -0.225297, 0.000002
52948000, -0.642706, -0.546696, 0.000000
52952000, -0.767742, -0.324880, -0.000000
52956000, -0.610801, -0.197644, 0.000001
52960000, -0.536306, -0.291579, -0.000001
52964000, -0.622399, -0.305486, -0.000000
52968000, -0.771734, -0.082360, 0.000003
52972000, -0.871539, 0.240978, -0.000001
52976000, -0.793063, 0.309856, 0.000004
52980000, -0.901551, 0.035330, 0.000001
52984000, -0.687359, -0.123673, -0.000001
52988000, -0.797265, -0.236996, -0.000003
52992000, -0.713447, -0.396718, 0.000001
52996000, -0.914854, -0.427216, -0.000002
53000000, -0.782951, -0.360419, -0.000002
53004000, -0.648254, -0.415555, -0.000000
53008000, -0.598209, -0.147412, -0.000001
53012000, -0.676251, -0.217995, 0.000000
53016000, -0.459262, -0.354689, -0.000001
53020000, -0.620369, -0.155718, 0.000002
53024000, -0.754350, 0.205437, -0.000002
53028000, -0.584497, 0.394757, -0.000000
53032000, -0.777992, 0.389081, -0.000000
53036000, -0.560205, 0.359428, 0.000001
53040000, -0.438455, 0.637443, 0.000001
53044000, -0.385976, 0.728159, -0.000001
53048000, -0.626283, 0.566407, 0.000001
53052000, -0.505208, 0.505367, -0.000002
53056000, -0.433150, 0.519350, 0.000002
53060000, -0.534097, 0.536403, 0.000001
53064000, -0.619402, 0.421370, -0.000001
53068000, -0.616064, 0.381785, 0.000001
53072000, -0.548663, 0.279744, -0.000001
53076000, -0.750040, 0.165451, -0.000003
53080000, -0.857905, -0.119061, 0.000000
53084000, -0.737196, -0.139866, -0.000001
53088000, -0.588821, -0.341353, -0.000001
53092000, -0.507622, -0.289729, 0.000000
53096000, -0.557647, -0.148610, -0.000001
53100000, -0.689595, -0.073608, -0.000000
53104000, -0.683358, -0.295194, -0.000000
53108000, -0.633275, -0.030155, 0.000000
53112000, -0.711391, -0.020070, 0.000002
53116000, -0.667498, -0.048921, -0.000000
53120000, -0.677180, 0.352227, 0.000000
53124000, -0.475013, 0.549593, -0.000001
53128000, -0.550680, 0.394476, -0.000002
53132000, -0.375682, 0.513080, -0.000000
53136000, -0.436647, 0.541696, 0.000000
53140000, -0.507301, 0.082474, -0.000002
53144000, -0.585429, 0.002997, 0.000000
53148000, -0.346746, 0.156948, 0.000000
53152000, -0.284037, 0.027410, 0.000001
53156000, -0.297846, -0.206647, 0.000001
53160000, -0.190489, -0.023578, 0.000000
53164000, -0.231422, 0.047902, -0.000001
53168000, -0.345384, 0.102049, -0.000002
53172000, -0.418380, -0.113148, 0.000001
53176000, -0.292592, -0.055105, -0.000001
53180000, -0.335163, -0.081066, 0.000001
53184000, -0.275170, -0.037872, -0.000001
53188000, -0.271459, -0.106598, -0.000001
53192000, -0.353805, -0.085361, -0.000000
53196000, -0.325900, -0.024209, 0.000001
53200000, -0.342277, 0.041945, -0.000000
53204000, -0.211610, 0.099666, -0.000001
53208000, -0.342337, 0.255569, -0.000001
53212000, -0.194541, 0.045681, 0.000001
53216000, -0.398510, -0.006448, 0.000001
53220000, -0.406113, -0.107338, 0.000001
53224000, -0.325678, 0.100225, 0.000001
53228000, -0.463951, 0.067810, -0.000000
53232000, -0.350269, 0.044136, -0.000002
53236000, -0.410119, -0.016126, -0.000000
53240000, -0.506966, -0.159928, 0.000000
53244000, -0.344714, 0.105720, -0.000001
53248000, -0.408733, 0.204107, 0.000001
53252000, -0.366450, 0.241861, -0.000000
53256000, -0.373801, 0.407471, 0.000001
53260000, -0.457403, 0.363123, -0.000000
53264000, -0.379815, 0.371600, 0.000000
53268000, -0.304725, 0.462804, -0.000001
53272000, -0.420997, 0.269694, -0.000003
53276000, -0.293253, 0.538751, -0.000000
53280000, -0.335255, 0.527781, 0.000002
53284000, -0.257119, 0.531769, -0.000000
53288000, 0.059472, 0.686867, 0.000002
53292000, 0.313436, 0.613627, 0.000000
53296000, 0.384449, 0.646535, -0.000001
53300000, 0.415632, 0.709696, 0.000002
53304000, 0.340236, 0.277016, -0.000002
53308000, 0.222401, 0.215963, -0.000000
53312000, 0.157806, 0.130231, -0.000001
53316000, 0.182960, 0.237307, -0.000002
53320000, 0.269579, 0.479644, 0.000001
53324000, 0.246821, 0.351692, -0.000001
53328000, 0.137379, 0.373799, -0.000001
53332000, 0.001598, 0.398837, -0.000000
53336000, 0.069584, 0.154990, -0.000002
53340000, -0.120810, 0.086269, -0.000000
53344000, 0.131865, 0.112633, -0.000002
53348000, 0.205597, 0.320852, 0.000000
53352000, 0.199635, 0.584285, 0.000002
53356000, 0.395904, 0.621641, -0.000001
53360000, 0.168692, 0.822437, -0.000001
53364000, 0.137084, 0.685762, -0.000002
53368000, 0.154967, 0.744366, -0.000001
53372000, 0.255408, 0.669648, 0.000000
53376000, 0.200646, 0.770456, 0.000001
53380000, 0.040206, 0.627345, -0.000000
53384000, 0.165341, 0.575491, -0.000000
53388000, -0.048822, 0.655053, -0.000001
53392000, 0.154184, 0.696049, 0.000002
53396000, 0.037439, 1.009581, -0.000001
53400000, 0.018020, 0.855007, 0.000001
53404000, -0.025990, 0.770936, -0.000001
53408000, -0.078256, 0.756247, -0.000000
53412000, -0.188005, 0.799550, 0.000002
53416000, -0.141051, 0.745317, -0.000000
53420000, -0.037031, 0.523075, 0.000000
53424000, 0.004264, 0.600898, 0.000001
53428000, 0.045971, 0.675669, -0.000001
53432000, -0.056750, 0.329949, 0.000001
53436000, -0.298184, 0.397993, -0.000000
53440000, -0.456423, 0.220869, 0.000000
53444000, -0.229738, 0.291808, 0.000001
53448000, -0.210415, 0.236233, 0.000001
53452000, -0.179415, 0.242006, -0.000000
53456000, -0.147333, 0.278539, -0.000000
53460000, -0.153277, 0.572796, -0.000000
53464000, -0.170910, 0.654374, 0.000000
53468000, 0.005556, 0.739973, -0.000001
53472000, -0.144775, 0.537857, -0.000001
53476000, -0.009798, 0.595189, 0.000003
53480000, -0.112684, 0.395589, 0.000001
53484000, -0.240313, 0.230734, 0.000002
53488000, -0.208612, 0.378393, -0.000001
53492000, -0.249356, 0.533545, 0.000003
53496000, -0.451036, 0.398594, -0.000002
53500000, -0.307432, 0.349940, -0.000000
53504000, -0.460982, 0.400745, -0.000001
53508000, -0.379040, 0.509869, 0.000002
53512000, -0.533071, 0.394922, 0.000001
53516000, -0.450177, 0.428137, 0.000002
53520000, -0.459396, 0.503333, -0.000001
53524000, -0.562855, 0.528881, 0.000003
53528000, -0.327679, 0.652901, 0.000000
53532000, -0.305326, 0.771315, -0.000001
53536000, -0.403218, 0.627563, -0.000001
53540000, -0.259208, 0.511627, 0.000001
53544000, -0.053610, 0.338327, -0.000000
53548000, -0.132415, 0.313808, -0.000003
53552000, -0.046977, 0.302573, -0.000000
53556000, -0.268584, 0.421184, 0.000001
53560000, -0.133785, 0.505375, -0.000001
53564000, 0.222937, 0.503349, -0.000001
53568000, -0.010564, 0.650114, 0.000002
53572000, 0.023444, 0.783536, 0.000000
53576000, -0.011127, 0.539012, -0.000001
53580000, -0.191490, 0.640536, 0.000001
53584000, -0.101997, 0.548142, -0.000001
53588000, -0.303285, 0.538222, -0.000000
53592000, -0.121827, 0.862534, -0.000002
53596000, -0.136046, 0.667138, -0.000002
53600000, -0.194371, 0.791887, -0.000001
53604000, 0.105176, 1.006273, 0.000000
53608000, -0.243392, 0.763960, 0.000002
53612000, -0.154398, 0.751532, -0.000001
53616000, -0.125080, 0.738359, 0.000001
53620000, -0.224765, 0.661845, -0.000002
53624000, -0.055056, 0.561697, 0.000001
53628000, -0.139500, 0.537189, 0.000001
53632000, -0.336355, 0.595393, -0.000003
53636000, -0.011186, 0.777399, 0.000001
53640000, -0.110341, 0.670122, -0.000000
53644000, -0.035798, 0.624197, 0.000001
53648000, 0.047755, 0.409578, -0.000001
53652000, 0.035958, 0.394824, 0.000001
53656000, -0.173644, 0.315894, -0.000001
53660000, -0.077821, 0.300579, 0.000001
53664000, 0.035831, 0.419990, -0.000002
53668000, -0.067619, 0.177257, -0.000001
53672000, -0.062495, 0.345493, -0.000001
53676000, 0.281204, 0.222588, 0.000001
53680000, 0.411647, 0.395991, 0.000001
53684000, 0.423843, 0.373675, 0.000000
53688000, 0.370683, 0.247406, -0.000000
53692000, 0.241063, 0.297014, -0.000002
53696000, 0.457417, 0.483940, -0.000001
53700000, 0.419464, 0.387821, 0.000002
53704000, 0.371626, 0.344564, -0.000002
53708000, 0.292458, 0.463082, 0.000002
53712000, 0.419530, 0.406864, -0.000000
53716000, 0.528621, 0.338342, 0.000001
53720000, 0.238168, 0.533215, -0.000001
53724000, 0.246031, 0.572912, 0.000001
53728000, 0.053826, 0.662380, 0.000002
53732000, 0.091732, 0.604455, 0.000001
53736000, 0.374417, 0.523652, 0.000002
53740000, 0.227078, 0.423828, -0.000002
53744000, 0.228713, 0.396415, 0.000000
53748000, 0.154338, 0.518608, 0.000001
53752000, 0.208712, 0.374772, -0.000000
